{"referredEntities":{},"entity":{"typeName":"AtlasGlossaryTerm","attributes":{"longDescription":"Finance: price at which an acquirer aims to buy a company in a takeover.\r\nOptions: price of the underlying security after which a certain option will become profitable to its buyer. For example, someone buying an XYZ 50 call for a premium of $200 could have a target price of 52, after which point the premium will be recouped and the call option will result in a profit when exercised.\r\nStocks: a price set by analysts predicting where the stock will head in the next 52 weeks. Also, price an investor is hoping a stock will go to within a specified period of time.","examples":null,"qualifiedName":"Target Price@Finance","name":"Target Price","usage":null,"shortDescription":"Price at which an acquirer aims to buy a company in a takeover.","abbreviation":null},"guid":"01c20d91-27e2-4cc1-ad4e-d6a15e97cf80","status":"ACTIVE","createdBy":"admin","updatedBy":"admin","createTime":1524348303855,"updateTime":1524348303855,"version":0,"relationshipAttributes":{"translationTerms":[],"validValuesFor":[],"synonyms":[],"replacedBy":[],"validValues":[],"replacementTerms":[],"seeAlso":[],"translatedTerms":[],"isA":[],"anchor":{"guid":"08fd5250-6bc1-4373-aa73-a50182b68d76","typeName":"AtlasGlossary","displayText":"Finance","relationshipGuid":"6ce5eafa-9fb8-48e6-a374-fe90b831aa21","relationshipStatus":"ACTIVE","relationshipAttributes":{"typeName":"AtlasGlossaryTermAnchor"}},"assignedEntities":[],"antonyms":[],"classifies":[],"categories":[],"preferredToTerms":[],"preferredTerms":[]}}}
