{"referredEntities":{},"entity":{"typeName":"AtlasGlossary","attributes":{"longDescription":"Glossary for Finance domain.\r\n\r\nReferences: https://www.thestreet.com/topic/46001/financial-glossary.html","qualifiedName":"Finance","name":"Finance","usage":null,"language":null,"shortDescription":"Glossary for Finance domain"},"guid":"08fd5250-6bc1-4373-aa73-a50182b68d76","status":"ACTIVE","createdBy":"admin","updatedBy":"admin","createTime":1524345574532,"updateTime":1524346435353,"version":0,"relationshipAttributes":{"terms":[{"guid":"15bafee1-5a1b-4671-b99b-5f7dcb715468","typeName":"AtlasGlossaryTerm","displayText":"Treasury Bills","relationshipGuid":"8134ce4e-ce75-4c9c-98d5-71e688bfaa65","relationshipStatus":"ACTIVE","relationshipAttributes":{"typeName":"AtlasGlossaryTermAnchor"}},{"guid":"14626912-46d9-4e9b-9e67-cf1c4e1ccd22","typeName":"AtlasGlossaryTerm","displayText":"Basic Earnings","relationshipGuid":"111f9f97-779c-49c7-917b-9cf5688bf3e6","relationshipStatus":"ACTIVE","relationshipAttributes":{"typeName":"AtlasGlossaryTermAnchor"}},{"guid":"5d6389ce-0b9b-4c0b-913c-698ffb20054d","typeName":"AtlasGlossaryTerm","displayText":"Beige Book","relationshipGuid":"eeb0609a-bab4-43a9-9df8-96585840eb37","relationshipStatus":"ACTIVE","relationshipAttributes":{"typeName":"AtlasGlossaryTermAnchor"}},{"guid":"1c39578f-9971-4679-afbf-fb2ff3f37414","typeName":"AtlasGlossaryTerm","displayText":"Securities","relationshipGuid":"86cd726d-0423-4dd7-b4d2-868dcd10b2d5","relationshipStatus":"ACTIVE","relationshipAttributes":{"typeName":"AtlasGlossaryTermAnchor"}},{"guid":"102a631f-8089-4b46-8c64-a1cce4da5f3c","typeName":"AtlasGlossaryTerm","displayText":"Strike Price","relationshipGuid":"e5f9d80a-ae64-47bc-b4a2-b838c3e11c16","relationshipStatus":"ACTIVE","relationshipAttributes":{"typeName":"AtlasGlossaryTermAnchor"}},{"guid":"0bc13534-8a9c-4ee4-afb7-07d5db2ea046","typeName":"AtlasGlossaryTerm","displayText":"Treasury Notes","relationshipGuid":"73ea9da6-f778-45f7-a8e1-36bf88effed9","relationshipStatus":"ACTIVE","relationshipAttributes":{"typeName":"AtlasGlossaryTermAnchor"}},{"guid":"dced22c1-fa67-4c60-a917-3722557393dd","typeName":"AtlasGlossaryTerm","displayText":"Basis Points","relationshipGuid":"e816c73b-65ad-4abc-9a09-65752635ef37","relationshipStatus":"ACTIVE","relationshipAttributes":{"typeName":"AtlasGlossaryTermAnchor"}},{"guid":"382cac19-f732-4e80-9e07-d41c8cfb0ce1","typeName":"AtlasGlossaryTerm","displayText":"Callable Bond","relationshipGuid":"5126a803-c68b-48a2-8e71-d50cc3b6fef0","relationshipStatus":"ACTIVE","relationshipAttributes":{"typeName":"AtlasGlossaryTermAnchor"}},{"guid":"dee9d69c-d2be-4066-a4ba-b4e63df69268","typeName":"AtlasGlossaryTerm","displayText":"Corporate Bonds","relationshipGuid":"e9edfc2e-604c-45d3-8f79-643557db0055","relationshipStatus":"ACTIVE","relationshipAttributes":{"typeName":"AtlasGlossaryTermAnchor"}},{"guid":"5a1b6d40-11f5-44c9-b309-e4af4250cafb","typeName":"AtlasGlossaryTerm","displayText":"Treasury Futures","relationshipGuid":"8a785758-5d83-4489-9a1b-730ac67113f0","relationshipStatus":"ACTIVE","relationshipAttributes":{"typeName":"AtlasGlossaryTermAnchor"}},{"guid":"50958892-f5b3-4913-ac50-fdc2640afb03","typeName":"AtlasGlossaryTerm","displayText":"Value Stock","relationshipGuid":"34150d95-d675-4e4b-95d1-cdad7a367089","relationshipStatus":"ACTIVE","relationshipAttributes":{"typeName":"AtlasGlossaryTermAnchor"}},{"guid":"f05cb86c-e33b-4df1-aeeb-32b904b70956","typeName":"AtlasGlossaryTerm","displayText":"Cash Flow","relationshipGuid":"9c131679-965e-4cf6-bb85-7446fe1f123a","relationshipStatus":"ACTIVE","relationshipAttributes":{"typeName":"AtlasGlossaryTermAnchor"}},{"guid":"39e59348-6b41-4461-806f-16b89da6136a","typeName":"AtlasGlossaryTerm","displayText":"Yield Curve","relationshipGuid":"bb974c69-7a7c-4aa3-9058-37d5e40e3624","relationshipStatus":"ACTIVE","relationshipAttributes":{"typeName":"AtlasGlossaryTermAnchor"}},{"guid":"f6811524-c5b4-4e4f-9c23-0db1ce8a2c4f","typeName":"AtlasGlossaryTerm","displayText":"Annuity","relationshipGuid":"0c434edb-802d-4420-83b6-33a5ce3a0caa","relationshipStatus":"ACTIVE","relationshipAttributes":{"typeName":"AtlasGlossaryTermAnchor"}},{"guid":"38f00687-5224-4f55-9f50-fde04adb060c","typeName":"AtlasGlossaryTerm","displayText":"Common Stock","relationshipGuid":"d845b84f-fbdf-4f3f-8034-6d7cc94aa746","relationshipStatus":"ACTIVE","relationshipAttributes":{"typeName":"AtlasGlossaryTermAnchor"}},{"guid":"18de25d0-73b0-449a-80d3-909eb112ef6f","typeName":"AtlasGlossaryTerm","displayText":"Convertible Securities","relationshipGuid":"25e2ef9d-4133-49ca-8333-fecdaf55acfc","relationshipStatus":"ACTIVE","relationshipAttributes":{"typeName":"AtlasGlossaryTermAnchor"}},{"guid":"f9c91f87-8833-426d-b1f1-406517d01ce6","typeName":"AtlasGlossaryTerm","displayText":"Bond","relationshipGuid":"e9ccc8bb-e37d-454c-b405-c1acb5ea7809","relationshipStatus":"ACTIVE","relationshipAttributes":{"typeName":"AtlasGlossaryTermAnchor"}},{"guid":"01c20d91-27e2-4cc1-ad4e-d6a15e97cf80","typeName":"AtlasGlossaryTerm","displayText":"Target Price","relationshipGuid":"6ce5eafa-9fb8-48e6-a374-fe90b831aa21","relationshipStatus":"ACTIVE","relationshipAttributes":{"typeName":"AtlasGlossaryTermAnchor"}},{"guid":"20f4f786-408f-4dc2-aabb-c15322b11eea","typeName":"AtlasGlossaryTerm","displayText":"Treasury Bond","relationshipGuid":"57bbdbc0-ad4e-45f9-b149-e61fef504447","relationshipStatus":"ACTIVE","relationshipAttributes":{"typeName":"AtlasGlossaryTermAnchor"}},{"guid":"9b0b6a7c-ac0f-4b97-833d-0c92d31c2007","typeName":"AtlasGlossaryTerm","displayText":"Treasury Securities","relationshipGuid":"24fe808d-5e8b-4f82-aeaa-9ab697a0b97e","relationshipStatus":"ACTIVE","relationshipAttributes":{"typeName":"AtlasGlossaryTermAnchor"}},{"guid":"e53f318f-71a4-4b26-bae8-fe8796da60a2","typeName":"AtlasGlossaryTerm","displayText":"Volatility","relationshipGuid":"3d173fcf-4c75-4f60-b809-177c29dc01df","relationshipStatus":"ACTIVE","relationshipAttributes":{"typeName":"AtlasGlossaryTermAnchor"}}],"categories":[]}}}
