{"referredEntities":{},"entity":{"typeName":"AtlasGlossary","attributes":{"longDescription":"Glossary for Automotive domain\r\n\r\nReferences: https://www.edmunds.com/glossary/","qualifiedName":"Automotive","name":"Automotive","usage":null,"language":null,"shortDescription":"Glossary for Automotive domain"},"guid":"0b8176c3-e288-45bb-9388-c77fe48c5604","status":"ACTIVE","createdBy":"admin","updatedBy":"admin","createTime":1524345554125,"updateTime":1524346349746,"version":0,"relationshipAttributes":{"terms":[{"guid":"b786c98d-be92-407c-a20d-12561b737f65","typeName":"AtlasGlossaryTerm","displayText":"Airbags","relationshipGuid":"79ac18ec-2487-45ad-98ce-87ef1a7d9369","relationshipStatus":"ACTIVE","relationshipAttributes":{"typeName":"AtlasGlossaryTermAnchor"}},{"guid":"8ae27de1-f4ff-434b-a3f0-c2b4975973eb","typeName":"AtlasGlossaryTerm","displayText":"Adaptive Cruise Control","relationshipGuid":"831ed75e-5a8d-4b1f-81cf-cb1135844f33","relationshipStatus":"ACTIVE","relationshipAttributes":{"typeName":"AtlasGlossaryTermAnchor"}},{"guid":"2f3b5909-f092-43b9-92aa-821951f514ea","typeName":"AtlasGlossaryTerm","displayText":"Blind Spot","relationshipGuid":"78840c14-da85-48ac-a04c-c4c9559dd899","relationshipStatus":"ACTIVE","relationshipAttributes":{"typeName":"AtlasGlossaryTermAnchor"}},{"guid":"5b5f501a-8637-445d-b9dc-0803f881cbb0","typeName":"AtlasGlossaryTerm","displayText":"Traction Control","relationshipGuid":"966ffefc-062e-46e5-abe0-a71e55bde644","relationshipStatus":"ACTIVE","relationshipAttributes":{"typeName":"AtlasGlossaryTermAnchor"}},{"guid":"9605185a-9215-4a9c-9294-da58c0e441f6","typeName":"AtlasGlossaryTerm","displayText":"Carbon Footprint","relationshipGuid":"44b486ee-321b-4736-93f6-c823745fe005","relationshipStatus":"ACTIVE","relationshipAttributes":{"typeName":"AtlasGlossaryTermAnchor"}},{"guid":"920618b1-5dc6-440c-adca-3b012f525e6c","typeName":"AtlasGlossaryTerm","displayText":"Wheelbase","relationshipGuid":"c548589d-2147-4944-83e6-0a551273fe88","relationshipStatus":"ACTIVE","relationshipAttributes":{"typeName":"AtlasGlossaryTermAnchor"}},{"guid":"b8a340ba-4bf0-45f9-83df-475db2fde165","typeName":"AtlasGlossaryTerm","displayText":"Towing Capacity","relationshipGuid":"0381ca34-b25d-4bd8-b90c-95c5fea8d645","relationshipStatus":"ACTIVE","relationshipAttributes":{"typeName":"AtlasGlossaryTermAnchor"}},{"guid":"e99bbff4-1a01-430d-8da3-e214217b59fe","typeName":"AtlasGlossaryTerm","displayText":"Turbocharger","relationshipGuid":"91b4ee70-5d06-46f8-b88f-4739820e046f","relationshipStatus":"ACTIVE","relationshipAttributes":{"typeName":"AtlasGlossaryTermAnchor"}},{"guid":"824a1a88-9497-4cc4-93b6-6ea1076f1de3","typeName":"AtlasGlossaryTerm","displayText":"Vehicle Identification Number","relationshipGuid":"1615c493-de41-45f2-b693-5e447aeb2867","relationshipStatus":"ACTIVE","relationshipAttributes":{"typeName":"AtlasGlossaryTermAnchor"}},{"guid":"52605c4f-aacc-4e80-b703-fd2297426078","typeName":"AtlasGlossaryTerm","displayText":"Wholesale Value","relationshipGuid":"9d22c83c-ccd7-43c9-8cc8-0dcb0b710f7d","relationshipStatus":"ACTIVE","relationshipAttributes":{"typeName":"AtlasGlossaryTermAnchor"}},{"guid":"103653b0-fa44-4cfb-a5f8-72bb15e0438f","typeName":"AtlasGlossaryTerm","displayText":"Anti-theft Alarm","relationshipGuid":"410b7d1e-9126-4c1f-a100-df4ea71173e4","relationshipStatus":"ACTIVE","relationshipAttributes":{"typeName":"AtlasGlossaryTermAnchor"}},{"guid":"b1b9a0a3-f77b-41a3-b3da-d28085c63d29","typeName":"AtlasGlossaryTerm","displayText":"Spare","relationshipGuid":"8433e12b-8611-4492-86a6-da4209d16534","relationshipStatus":"ACTIVE","relationshipAttributes":{"typeName":"AtlasGlossaryTermAnchor"}},{"guid":"18e3ada6-892c-4678-a653-254fe5331247","typeName":"AtlasGlossaryTerm","displayText":"Supercharger","relationshipGuid":"a141b76c-0a5c-4952-a7f7-bb3877fd2e77","relationshipStatus":"ACTIVE","relationshipAttributes":{"typeName":"AtlasGlossaryTermAnchor"}},{"guid":"7affe099-33f5-4547-9c8b-a3b7045a0de5","typeName":"AtlasGlossaryTerm","displayText":"Air Conditioning","relationshipGuid":"a1e8881b-50fc-4da0-b01f-ca0ed70989ed","relationshipStatus":"ACTIVE","relationshipAttributes":{"typeName":"AtlasGlossaryTermAnchor"}},{"guid":"746075bf-8d59-487d-912f-03ce0941ed32","typeName":"AtlasGlossaryTerm","displayText":"ABS","relationshipGuid":"cf9a5ef1-f743-4227-baeb-ac350a17a52a","relationshipStatus":"ACTIVE","relationshipAttributes":{"typeName":"AtlasGlossaryTermAnchor"}},{"guid":"c4454bc2-6235-4922-b3a7-12eaa06f7961","typeName":"AtlasGlossaryTerm","displayText":"Center of Gravity","relationshipGuid":"b89d11e4-51b7-4690-a4ef-f5b3d8325532","relationshipStatus":"ACTIVE","relationshipAttributes":{"typeName":"AtlasGlossaryTermAnchor"}}],"categories":[]}}}
