{"referredEntities":{},"entity":{"typeName":"AtlasGlossaryTerm","attributes":{"longDescription":"Treasury notes are Treasury securities that mature in two to 10 years (from the time they are issued).","examples":null,"qualifiedName":"Treasury Notes@Finance","name":"Treasury Notes","usage":null,"shortDescription":"Treasury notes are Treasury securities that mature in two to 10 years (from the time they are issued).","abbreviation":null},"guid":"0bc13534-8a9c-4ee4-afb7-07d5db2ea046","status":"ACTIVE","createdBy":"admin","updatedBy":"admin","createTime":1524348611660,"updateTime":1524348611660,"version":0,"relationshipAttributes":{"translationTerms":[],"validValuesFor":[],"synonyms":[],"replacedBy":[],"validValues":[],"replacementTerms":[],"seeAlso":[],"translatedTerms":[],"isA":[],"anchor":{"guid":"08fd5250-6bc1-4373-aa73-a50182b68d76","typeName":"AtlasGlossary","displayText":"Finance","relationshipGuid":"73ea9da6-f778-45f7-a8e1-36bf88effed9","relationshipStatus":"ACTIVE","relationshipAttributes":{"typeName":"AtlasGlossaryTermAnchor"}},"assignedEntities":[],"antonyms":[],"classifies":[],"categories":[],"preferredToTerms":[],"preferredTerms":[]}}}
