{"referredEntities":{},"entity":{"typeName":"AtlasGlossaryTerm","attributes":{"longDescription":"The price at which the holder of an option can purchase (in the case of a call) or sell (in the case of a put) the underlying stock from the option writer.","examples":null,"qualifiedName":"Strike Price@Finance","name":"Strike Price","usage":null,"shortDescription":"The price at which the holder of an option can purchase (in the case of a call) or sell (in the case of a put) the underlying stock from the option writer.","abbreviation":null},"guid":"102a631f-8089-4b46-8c64-a1cce4da5f3c","status":"ACTIVE","createdBy":"admin","updatedBy":"admin","createTime":1524348241539,"updateTime":1524348241539,"version":0,"relationshipAttributes":{"translationTerms":[],"validValuesFor":[],"synonyms":[],"replacedBy":[],"validValues":[],"replacementTerms":[],"seeAlso":[],"translatedTerms":[],"isA":[],"anchor":{"guid":"08fd5250-6bc1-4373-aa73-a50182b68d76","typeName":"AtlasGlossary","displayText":"Finance","relationshipGuid":"e5f9d80a-ae64-47bc-b4a2-b838c3e11c16","relationshipStatus":"ACTIVE","relationshipAttributes":{"typeName":"AtlasGlossaryTermAnchor"}},"assignedEntities":[],"antonyms":[],"classifies":[],"categories":[],"preferredToTerms":[],"preferredTerms":[]}}}
