{"referredEntities":{},"entity":{"typeName":"AtlasGlossaryTerm","attributes":{"longDescription":"A device that uses an auditory signal and/or telemetric to alert a vehicles owner of an attempted theft.","examples":null,"qualifiedName":"Anti-theft Alarm@Automotive","name":"Anti-theft Alarm","usage":null,"shortDescription":"A device that uses an auditory signal and/or telemetric to alert a vehicles owner of an attempted theft.","abbreviation":null},"guid":"103653b0-fa44-4cfb-a5f8-72bb15e0438f","status":"ACTIVE","createdBy":"admin","updatedBy":"admin","createTime":1524345861562,"updateTime":1524345861562,"version":0,"relationshipAttributes":{"translationTerms":[],"validValuesFor":[],"synonyms":[],"replacedBy":[],"validValues":[],"replacementTerms":[],"seeAlso":[],"translatedTerms":[],"isA":[],"anchor":{"guid":"0b8176c3-e288-45bb-9388-c77fe48c5604","typeName":"AtlasGlossary","displayText":"Automotive","relationshipGuid":"410b7d1e-9126-4c1f-a100-df4ea71173e4","relationshipStatus":"ACTIVE","relationshipAttributes":{"typeName":"AtlasGlossaryTermAnchor"}},"assignedEntities":[],"antonyms":[],"classifies":[],"categories":[],"preferredToTerms":[],"preferredTerms":[]}}}
