{"referredEntities":{},"entity":{"typeName":"AtlasGlossaryTerm","attributes":{"longDescription":"Earnings per share calculated as net income divided by the number of common shares. The number of common shares outstanding is usually easy to find in an income statement. Diluted earnings, however, are thought to be a better overall measure than basic earnings.","examples":null,"qualifiedName":"Basic Earnings@Finance","name":"Basic Earnings","usage":null,"shortDescription":"Earnings per share calculated as net income divided by the number of common shares","abbreviation":null},"guid":"14626912-46d9-4e9b-9e67-cf1c4e1ccd22","status":"ACTIVE","createdBy":"admin","updatedBy":"admin","createTime":1524346787197,"updateTime":1524346787197,"version":0,"relationshipAttributes":{"translationTerms":[],"validValuesFor":[],"synonyms":[],"replacedBy":[],"validValues":[],"replacementTerms":[],"seeAlso":[],"translatedTerms":[],"isA":[],"anchor":{"guid":"08fd5250-6bc1-4373-aa73-a50182b68d76","typeName":"AtlasGlossary","displayText":"Finance","relationshipGuid":"111f9f97-779c-49c7-917b-9cf5688bf3e6","relationshipStatus":"ACTIVE","relationshipAttributes":{"typeName":"AtlasGlossaryTermAnchor"}},"assignedEntities":[],"antonyms":[],"classifies":[],"categories":[],"preferredToTerms":[],"preferredTerms":[]}}}
