{"referredEntities":{},"entity":{"typeName":"AtlasGlossaryTerm","attributes":{"longDescription":"Treasury bills are the shortest-term Treasury securities, those that mature within a year (from the time they are issued). The Treasury issues three- and six-month bills weekly and a one-year bill (the so-called yearbill) once a month.","examples":null,"qualifiedName":"Treasury Bills@Finance","name":"Treasury Bills","usage":null,"shortDescription":"Treasury bills are the shortest-term Treasury securities, those that mature within a year (from the time they are issued). The Treasury issues three- and six-month bills weekly and a one-year bill (the so-called yearbill) once a month.","abbreviation":null},"guid":"15bafee1-5a1b-4671-b99b-5f7dcb715468","status":"ACTIVE","createdBy":"admin","updatedBy":"admin","createTime":1524348365517,"updateTime":1524348365517,"version":0,"relationshipAttributes":{"translationTerms":[],"validValuesFor":[],"synonyms":[],"replacedBy":[],"validValues":[],"replacementTerms":[],"seeAlso":[],"translatedTerms":[],"isA":[],"anchor":{"guid":"08fd5250-6bc1-4373-aa73-a50182b68d76","typeName":"AtlasGlossary","displayText":"Finance","relationshipGuid":"8134ce4e-ce75-4c9c-98d5-71e688bfaa65","relationshipStatus":"ACTIVE","relationshipAttributes":{"typeName":"AtlasGlossaryTermAnchor"}},"assignedEntities":[],"antonyms":[],"classifies":[],"categories":[],"preferredToTerms":[],"preferredTerms":[]}}}
