{"referredEntities":{},"entity":{"typeName":"AtlasGlossaryTerm","attributes":{"longDescription":"Convertible securities are usually debt bonds or preferred stock that convert into the common stock of an issuing company. One way to buy something and end up with something else.","examples":null,"qualifiedName":"Convertible Securities@Finance","name":"Convertible Securities","usage":null,"shortDescription":"Convertible securities are usually debt bonds or preferred stock that convert into the common stock of an issuing company. One way to buy something and end up with something else.","abbreviation":null},"guid":"18de25d0-73b0-449a-80d3-909eb112ef6f","status":"ACTIVE","createdBy":"admin","updatedBy":"admin","createTime":1524347113462,"updateTime":1524347113462,"version":0,"relationshipAttributes":{"translationTerms":[],"validValuesFor":[],"synonyms":[],"replacedBy":[],"validValues":[],"replacementTerms":[],"seeAlso":[],"translatedTerms":[],"isA":[],"anchor":{"guid":"08fd5250-6bc1-4373-aa73-a50182b68d76","typeName":"AtlasGlossary","displayText":"Finance","relationshipGuid":"25e2ef9d-4133-49ca-8333-fecdaf55acfc","relationshipStatus":"ACTIVE","relationshipAttributes":{"typeName":"AtlasGlossaryTermAnchor"}},"assignedEntities":[],"antonyms":[],"classifies":[],"categories":[],"preferredToTerms":[],"preferredTerms":[]}}}
