{"referredEntities":{},"entity":{"typeName":"AtlasGlossaryTerm","attributes":{"longDescription":"A device powered by a belt, gear, shaft or chain connected to the engines crankshaft that forces air into an internal-combustion engine in order to increase engine power.","examples":null,"qualifiedName":"Supercharger@Automotive","name":"Supercharger","usage":null,"shortDescription":"A device powered by a belt, gear, shaft or chain connected to the engines crankshaft that forces air into an internal-combustion engine in order to increase engine power.","abbreviation":null},"guid":"18e3ada6-892c-4678-a653-254fe5331247","status":"ACTIVE","createdBy":"admin","updatedBy":"admin","createTime":1524346058336,"updateTime":1524346058336,"version":0,"relationshipAttributes":{"translationTerms":[],"validValuesFor":[],"synonyms":[],"replacedBy":[],"validValues":[],"replacementTerms":[],"seeAlso":[],"translatedTerms":[],"isA":[],"anchor":{"guid":"0b8176c3-e288-45bb-9388-c77fe48c5604","typeName":"AtlasGlossary","displayText":"Automotive","relationshipGuid":"a141b76c-0a5c-4952-a7f7-bb3877fd2e77","relationshipStatus":"ACTIVE","relationshipAttributes":{"typeName":"AtlasGlossaryTermAnchor"}},"assignedEntities":[],"antonyms":[],"classifies":[],"categories":[],"preferredToTerms":[],"preferredTerms":[]}}}
