{"referredEntities":{},"entity":{"typeName":"AtlasGlossaryTerm","attributes":{"longDescription":"A contract providing income for a specified period of time, or duration of life for a person or persons.","examples":null,"qualifiedName":"Annuity@Insurance","name":"Annuity","usage":null,"shortDescription":"A contract providing income for a specified period of time, or duration of life for a person or persons.","abbreviation":null},"guid":"19bba79e-3176-40ff-9d3a-cec7c793ae01","status":"ACTIVE","createdBy":"admin","updatedBy":"admin","createTime":1524349051181,"updateTime":1524349051181,"version":0,"relationshipAttributes":{"translationTerms":[],"validValuesFor":[],"synonyms":[],"replacedBy":[],"validValues":[],"replacementTerms":[],"seeAlso":[],"translatedTerms":[],"isA":[],"anchor":{"guid":"e74875de-736b-42e2-9283-f697579d742c","typeName":"AtlasGlossary","displayText":"Insurance","relationshipGuid":"ace1e168-77ba-43ad-b1c9-82d1fff99e59","relationshipStatus":"ACTIVE","relationshipAttributes":{"typeName":"AtlasGlossaryTermAnchor"}},"assignedEntities":[],"antonyms":[],"classifies":[],"categories":[],"preferredToTerms":[],"preferredTerms":[]}}}
