{"referredEntities":{},"entity":{"typeName":"AtlasGlossaryTerm","attributes":{"longDescription":"A simple definition of a security is any proof of ownership or debt that has been assigned a value and may be sold.","examples":null,"qualifiedName":"Securities@Finance","name":"Securities","usage":null,"shortDescription":"A simple definition of a security is any proof of ownership or debt that has been assigned a value and may be sold.","abbreviation":null},"guid":"1c39578f-9971-4679-afbf-fb2ff3f37414","status":"ACTIVE","createdBy":"admin","updatedBy":"admin","createTime":1524347229672,"updateTime":1524347229672,"version":0,"relationshipAttributes":{"translationTerms":[],"validValuesFor":[],"synonyms":[],"replacedBy":[],"validValues":[],"replacementTerms":[],"seeAlso":[],"translatedTerms":[],"isA":[],"anchor":{"guid":"08fd5250-6bc1-4373-aa73-a50182b68d76","typeName":"AtlasGlossary","displayText":"Finance","relationshipGuid":"86cd726d-0423-4dd7-b4d2-868dcd10b2d5","relationshipStatus":"ACTIVE","relationshipAttributes":{"typeName":"AtlasGlossaryTermAnchor"}},"assignedEntities":[],"antonyms":[],"classifies":[],"categories":[],"preferredToTerms":[],"preferredTerms":[]}}}
