{"referredEntities":{},"entity":{"typeName":"AtlasGlossaryTerm","attributes":{"longDescription":"A Treasury bond (T-bond) is a marketable, fixed-interest U.S. government debt security with a maturity of more than 10 years.\r\n","examples":null,"qualifiedName":"Treasury Bond@Finance","name":"Treasury Bond","usage":null,"shortDescription":"A Treasury bond (T-bond) is a marketable, fixed-interest U.S. government debt security with a maturity of more than 10 years.","abbreviation":null},"guid":"20f4f786-408f-4dc2-aabb-c15322b11eea","status":"ACTIVE","createdBy":"admin","updatedBy":"admin","createTime":1524348506639,"updateTime":1524348506639,"version":0,"relationshipAttributes":{"translationTerms":[],"validValuesFor":[],"synonyms":[],"replacedBy":[],"validValues":[],"replacementTerms":[],"seeAlso":[],"translatedTerms":[],"isA":[],"anchor":{"guid":"08fd5250-6bc1-4373-aa73-a50182b68d76","typeName":"AtlasGlossary","displayText":"Finance","relationshipGuid":"57bbdbc0-ad4e-45f9-b149-e61fef504447","relationshipStatus":"ACTIVE","relationshipAttributes":{"typeName":"AtlasGlossaryTermAnchor"}},"assignedEntities":[],"antonyms":[],"classifies":[],"categories":[],"preferredToTerms":[],"preferredTerms":[]}}}
