{"referredEntities":{},"entity":{"typeName":"AtlasGlossaryTerm","attributes":{"longDescription":"The area behind and to the side of a vehicle that is hard to see in either the side or rear view mirrors.","examples":null,"qualifiedName":"Blind Spot@Automotive","name":"Blind Spot","usage":null,"shortDescription":"The area behind and to the side of a vehicle that is hard to see in either the side or rear view mirrors.","abbreviation":null},"guid":"2f3b5909-f092-43b9-92aa-821951f514ea","status":"ACTIVE","createdBy":"admin","updatedBy":"admin","createTime":1524345895064,"updateTime":1524345895064,"version":0,"relationshipAttributes":{"translationTerms":[],"validValuesFor":[],"synonyms":[],"replacedBy":[],"validValues":[],"replacementTerms":[],"seeAlso":[],"translatedTerms":[],"isA":[],"anchor":{"guid":"0b8176c3-e288-45bb-9388-c77fe48c5604","typeName":"AtlasGlossary","displayText":"Automotive","relationshipGuid":"78840c14-da85-48ac-a04c-c4c9559dd899","relationshipStatus":"ACTIVE","relationshipAttributes":{"typeName":"AtlasGlossaryTermAnchor"}},"assignedEntities":[],"antonyms":[],"classifies":[],"categories":[],"preferredToTerms":[],"preferredTerms":[]}}}
