{"referredEntities":{},"entity":{"typeName":"AtlasGlossaryTerm","attributes":{"longDescription":"A bond is callable when the issuer has the right to return the investor's principal and cease all interest payments before the bond matures.","examples":null,"qualifiedName":"Callable Bond@Finance","name":"Callable Bond","usage":null,"shortDescription":"A bond is callable when the issuer has the right to return the investor's principal and cease all interest payments before the bond matures.","abbreviation":null},"guid":"382cac19-f732-4e80-9e07-d41c8cfb0ce1","status":"ACTIVE","createdBy":"admin","updatedBy":"admin","createTime":1524346973345,"updateTime":1524346973345,"version":0,"relationshipAttributes":{"translationTerms":[],"validValuesFor":[],"synonyms":[],"replacedBy":[],"validValues":[],"replacementTerms":[],"seeAlso":[],"translatedTerms":[],"isA":[],"anchor":{"guid":"08fd5250-6bc1-4373-aa73-a50182b68d76","typeName":"AtlasGlossary","displayText":"Finance","relationshipGuid":"5126a803-c68b-48a2-8e71-d50cc3b6fef0","relationshipStatus":"ACTIVE","relationshipAttributes":{"typeName":"AtlasGlossaryTermAnchor"}},"assignedEntities":[],"antonyms":[],"classifies":[],"categories":[],"preferredToTerms":[],"preferredTerms":[]}}}
