{"referredEntities":{},"entity":{"typeName":"AtlasGlossaryTerm","attributes":{"longDescription":"Securities, or shares, representing ownership of a company. Owners of common stock are shareholders, usually receiving the right to vote at meetings regarding company directors or corporate policy. The shareholder is the ultimate boss, according to U.S. corporate law.","examples":null,"qualifiedName":"Common Stock@Finance","name":"Common Stock","usage":null,"shortDescription":"Securities, or shares, representing ownership of a company","abbreviation":null},"guid":"38f00687-5224-4f55-9f50-fde04adb060c","status":"ACTIVE","createdBy":"admin","updatedBy":"admin","createTime":1524347055974,"updateTime":1524347055974,"version":0,"relationshipAttributes":{"translationTerms":[],"validValuesFor":[],"synonyms":[],"replacedBy":[],"validValues":[],"replacementTerms":[],"seeAlso":[],"translatedTerms":[],"isA":[],"anchor":{"guid":"08fd5250-6bc1-4373-aa73-a50182b68d76","typeName":"AtlasGlossary","displayText":"Finance","relationshipGuid":"d845b84f-fbdf-4f3f-8034-6d7cc94aa746","relationshipStatus":"ACTIVE","relationshipAttributes":{"typeName":"AtlasGlossaryTermAnchor"}},"assignedEntities":[],"antonyms":[],"classifies":[],"categories":[],"preferredToTerms":[],"preferredTerms":[]}}}
