{"referredEntities":{},"entity":{"typeName":"AtlasGlossaryTerm","attributes":{"longDescription":"A yield curve is a chart of bond yields from the shortest-maturity issues to the longest-maturity ones.","examples":null,"qualifiedName":"Yield Curve@Finance","name":"Yield Curve","usage":null,"shortDescription":"A yield curve is a chart of bond yields from the shortest-maturity issues to the longest-maturity ones.","abbreviation":null},"guid":"39e59348-6b41-4461-806f-16b89da6136a","status":"ACTIVE","createdBy":"admin","updatedBy":"admin","createTime":1524348805968,"updateTime":1524348805968,"version":0,"relationshipAttributes":{"translationTerms":[],"validValuesFor":[],"synonyms":[],"replacedBy":[],"validValues":[],"replacementTerms":[],"seeAlso":[],"translatedTerms":[],"isA":[],"anchor":{"guid":"08fd5250-6bc1-4373-aa73-a50182b68d76","typeName":"AtlasGlossary","displayText":"Finance","relationshipGuid":"bb974c69-7a7c-4aa3-9058-37d5e40e3624","relationshipStatus":"ACTIVE","relationshipAttributes":{"typeName":"AtlasGlossaryTermAnchor"}},"assignedEntities":[],"antonyms":[],"classifies":[],"categories":[],"preferredToTerms":[],"preferredTerms":[]}}}
