{"referredEntities":{},"entity":{"typeName":"AtlasGlossaryTerm","attributes":{"longDescription":"An individual who sells, services, or negotiates insurance policies either on behalf of a company or independently.","examples":null,"qualifiedName":"Agent@Insurance","name":"Agent","usage":null,"shortDescription":"An individual who sells, services, or negotiates insurance policies either on behalf of a company or independently.","abbreviation":null},"guid":"4b07abbc-3039-4382-a16c-257d2446e497","status":"ACTIVE","createdBy":"admin","updatedBy":"admin","createTime":1524349019506,"updateTime":1524349019506,"version":0,"relationshipAttributes":{"translationTerms":[],"validValuesFor":[],"synonyms":[],"replacedBy":[],"validValues":[],"replacementTerms":[],"seeAlso":[],"translatedTerms":[],"isA":[],"anchor":{"guid":"e74875de-736b-42e2-9283-f697579d742c","typeName":"AtlasGlossary","displayText":"Insurance","relationshipGuid":"150cc592-d145-4bac-9123-937860199d0e","relationshipStatus":"ACTIVE","relationshipAttributes":{"typeName":"AtlasGlossaryTermAnchor"}},"assignedEntities":[],"antonyms":[],"classifies":[],"categories":[],"preferredToTerms":[],"preferredTerms":[]}}}
