{"referredEntities":{},"entity":{"typeName":"AtlasGlossaryTerm","attributes":{"longDescription":"Estimated value for real or personal property established by a taxing entity.","examples":null,"qualifiedName":"Assessed Value@Insurance","name":"Assessed Value","usage":null,"shortDescription":"Estimated value for real or personal property established by a taxing entity.","abbreviation":null},"guid":"4f2c938f-e0e0-4364-bd93-9a63a80aa510","status":"ACTIVE","createdBy":"admin","updatedBy":"admin","createTime":1524349151011,"updateTime":1524349151011,"version":0,"relationshipAttributes":{"translationTerms":[],"validValuesFor":[],"synonyms":[],"replacedBy":[],"validValues":[],"replacementTerms":[],"seeAlso":[],"translatedTerms":[],"isA":[],"anchor":{"guid":"e74875de-736b-42e2-9283-f697579d742c","typeName":"AtlasGlossary","displayText":"Insurance","relationshipGuid":"f1f6ea30-c13f-459e-9f8e-b17b46afef31","relationshipStatus":"ACTIVE","relationshipAttributes":{"typeName":"AtlasGlossaryTermAnchor"}},"assignedEntities":[],"antonyms":[],"classifies":[],"categories":[],"preferredToTerms":[],"preferredTerms":[]}}}
