{"referredEntities":{},"entity":{"typeName":"AtlasGlossaryTerm","attributes":{"longDescription":"A value stock is one where the current share price is lower than the value as calculated by the investor. Common valuation techniques include the dividend discount model (DDM), fundamental ratios such as price-to-earnings or dividend yield, and leveraged buyout valuations based on cash flow or EBITDA.","examples":null,"qualifiedName":"Value Stock@Finance","name":"Value Stock","usage":null,"shortDescription":"A value stock is one where the current share price is lower than the value as calculated by the investor. Common valuation techniques include the dividend discount model (DDM), fundamental ratios such as price-to-earnings or dividend yield, and leveraged buyout valuations based on cash flow or EBITDA.","abbreviation":null},"guid":"50958892-f5b3-4913-ac50-fdc2640afb03","status":"ACTIVE","createdBy":"admin","updatedBy":"admin","createTime":1524348741116,"updateTime":1524348741116,"version":0,"relationshipAttributes":{"translationTerms":[],"validValuesFor":[],"synonyms":[],"replacedBy":[],"validValues":[],"replacementTerms":[],"seeAlso":[],"translatedTerms":[],"isA":[],"anchor":{"guid":"08fd5250-6bc1-4373-aa73-a50182b68d76","typeName":"AtlasGlossary","displayText":"Finance","relationshipGuid":"34150d95-d675-4e4b-95d1-cdad7a367089","relationshipStatus":"ACTIVE","relationshipAttributes":{"typeName":"AtlasGlossaryTermAnchor"}},"assignedEntities":[],"antonyms":[],"classifies":[],"categories":[],"preferredToTerms":[],"preferredTerms":[]}}}
