{"referredEntities":{},"entity":{"typeName":"AtlasGlossaryTerm","attributes":{"longDescription":"The price at which dealers purchase vehicles from other dealers or from lenders, usually at auction.","examples":null,"qualifiedName":"Wholesale Value@Automotive","name":"Wholesale Value","usage":null,"shortDescription":"The price at which dealers purchase vehicles from other dealers or from lenders, usually at auction.","abbreviation":null},"guid":"52605c4f-aacc-4e80-b703-fd2297426078","status":"ACTIVE","createdBy":"admin","updatedBy":"admin","createTime":1524346303856,"updateTime":1524346303856,"version":0,"relationshipAttributes":{"translationTerms":[],"validValuesFor":[],"synonyms":[],"replacedBy":[],"validValues":[],"replacementTerms":[],"seeAlso":[],"translatedTerms":[],"isA":[],"anchor":{"guid":"0b8176c3-e288-45bb-9388-c77fe48c5604","typeName":"AtlasGlossary","displayText":"Automotive","relationshipGuid":"9d22c83c-ccd7-43c9-8cc8-0dcb0b710f7d","relationshipStatus":"ACTIVE","relationshipAttributes":{"typeName":"AtlasGlossaryTermAnchor"}},"assignedEntities":[],"antonyms":[],"classifies":[],"categories":[],"preferredToTerms":[],"preferredTerms":[]}}}
