{"referredEntities":{"18cda3e4-ae77-4031-a6f3-c7df8aab6326":{"typeName":"hive_storagedesc","attributes":{"bucketCols":null,"qualifiedName":"claim.claims_view@cl1_storage","sortCols":null,"storedAsSubDirectories":false,"location":null,"compressed":false,"inputFormat":"org.apache.hadoop.mapred.TextInputFormat","outputFormat":"org.apache.hadoop.hive.ql.io.HiveIgnoreKeyTextOutputFormat","parameters":null,"table":{"guid":"55ebaa34-2eb5-4e22-ba8f-a0f52e0a6399","typeName":"hive_table"},"serdeInfo":{"typeName":"hive_serde","attributes":{"serializationLib":null,"name":null,"parameters":null}},"numBuckets":-1},"guid":"18cda3e4-ae77-4031-a6f3-c7df8aab6326","status":"ACTIVE","createdBy":"hive","updatedBy":"hive","createTime":1524345006481,"updateTime":1524345006481,"version":0,"relationshipAttributes":{"meanings":[],"table":{"guid":"55ebaa34-2eb5-4e22-ba8f-a0f52e0a6399","typeName":"hive_table","displayText":"claims_view","relationshipGuid":"a5d0e2cf-db03-43e1-b89d-e5b7792fe8c0","relationshipStatus":"ACTIVE","relationshipAttributes":{"typeName":"hive_table_storagedesc"}}}},"c9f10dff-d6a2-41f8-a734-87ae514718b9":{"typeName":"hive_column","attributes":{"owner":"hive","qualifiedName":"claim.claims_view.sequenceid@cl1","name":"sequenceid","description":null,"comment":null,"position":2,"type":"int","table":{"guid":"55ebaa34-2eb5-4e22-ba8f-a0f52e0a6399","typeName":"hive_table"}},"guid":"c9f10dff-d6a2-41f8-a734-87ae514718b9","status":"ACTIVE","createdBy":"hive","updatedBy":"hive","createTime":1524345006481,"updateTime":1524345006481,"version":0,"relationshipAttributes":{"inputToProcesses":[],"meanings":[],"table":{"guid":"55ebaa34-2eb5-4e22-ba8f-a0f52e0a6399","typeName":"hive_table","displayText":"claims_view","relationshipGuid":"f8291005-fae2-42d0-a1e4-b12402eb7939","relationshipStatus":"ACTIVE","relationshipAttributes":{"typeName":"hive_table_columns"}},"outputFromProcesses":[{"guid":"dd8b93cb-148b-440c-a88b-c580bb1d35ad","typeName":"hive_column_lineage","displayText":"create view if not exists claim.claims_view as select * from cost_savings.claim_savings:sequenceid","relationshipGuid":"3401d1b8-a6fe-45b9-a462-32abdedd9058","relationshipStatus":"ACTIVE","relationshipAttributes":{"typeName":"process_dataset_outputs"}}]}},"5adc31b2-9295-4df1-a43c-e863a495d55f":{"typeName":"hive_column","attributes":{"owner":"hive","qualifiedName":"claim.claims_view.costsavings@cl1","name":"costsavings","description":null,"comment":null,"position":4,"type":"int","table":{"guid":"55ebaa34-2eb5-4e22-ba8f-a0f52e0a6399","typeName":"hive_table"}},"guid":"5adc31b2-9295-4df1-a43c-e863a495d55f","status":"ACTIVE","createdBy":"hive","updatedBy":"hive","createTime":1524345006481,"updateTime":1524345006481,"version":0,"relationshipAttributes":{"inputToProcesses":[],"meanings":[],"table":{"guid":"55ebaa34-2eb5-4e22-ba8f-a0f52e0a6399","typeName":"hive_table","displayText":"claims_view","relationshipGuid":"7388e087-5347-4923-9bf7-8dde82955399","relationshipStatus":"ACTIVE","relationshipAttributes":{"typeName":"hive_table_columns"}},"outputFromProcesses":[{"guid":"4a430bb9-fbee-4496-9be3-7b10a47c5afe","typeName":"hive_column_lineage","displayText":"create view if not exists claim.claims_view as select * from cost_savings.claim_savings:costsavings","relationshipGuid":"524380d8-1729-47d4-b363-9e20be6fc4f8","relationshipStatus":"ACTIVE","relationshipAttributes":{"typeName":"process_dataset_outputs"}}]}},"506ed9c6-de8d-4dc7-b97a-f9ddd1e9be6d":{"typeName":"hive_column","attributes":{"owner":"hive","qualifiedName":"claim.claims_view.eligibilitycode@cl1","name":"eligibilitycode","description":null,"comment":null,"position":5,"type":"int","table":{"guid":"55ebaa34-2eb5-4e22-ba8f-a0f52e0a6399","typeName":"hive_table"}},"guid":"506ed9c6-de8d-4dc7-b97a-f9ddd1e9be6d","status":"ACTIVE","createdBy":"hive","updatedBy":"hive","createTime":1524345006481,"updateTime":1524345006481,"version":0,"relationshipAttributes":{"inputToProcesses":[],"meanings":[],"table":{"guid":"55ebaa34-2eb5-4e22-ba8f-a0f52e0a6399","typeName":"hive_table","displayText":"claims_view","relationshipGuid":"0e561eab-e129-488f-8c8c-2553b319f0ad","relationshipStatus":"ACTIVE","relationshipAttributes":{"typeName":"hive_table_columns"}},"outputFromProcesses":[{"guid":"914fa1c2-e465-4793-ba96-236035f5b018","typeName":"hive_column_lineage","displayText":"create view if not exists claim.claims_view as select * from cost_savings.claim_savings:eligibilitycode","relationshipGuid":"75ea9ec4-0c85-4661-8171-ddae1c355a15","relationshipStatus":"ACTIVE","relationshipAttributes":{"typeName":"process_dataset_outputs"}}]}},"e73acbb1-a391-490a-a837-a4843ea3bdcc":{"typeName":"hive_column","attributes":{"owner":"hive","qualifiedName":"claim.claims_view.claimid@cl1","name":"claimid","description":null,"comment":null,"position":3,"type":"int","table":{"guid":"55ebaa34-2eb5-4e22-ba8f-a0f52e0a6399","typeName":"hive_table"}},"guid":"e73acbb1-a391-490a-a837-a4843ea3bdcc","status":"ACTIVE","createdBy":"hive","updatedBy":"hive","createTime":1524345006481,"updateTime":1524345006481,"version":0,"relationshipAttributes":{"inputToProcesses":[],"meanings":[],"table":{"guid":"55ebaa34-2eb5-4e22-ba8f-a0f52e0a6399","typeName":"hive_table","displayText":"claims_view","relationshipGuid":"246c437e-7d67-400e-8376-7b3f4fc7de99","relationshipStatus":"ACTIVE","relationshipAttributes":{"typeName":"hive_table_columns"}},"outputFromProcesses":[{"guid":"51dfb9b1-be9b-4182-8d15-25a8f15a4d6d","typeName":"hive_column_lineage","displayText":"create view if not exists claim.claims_view as select * from cost_savings.claim_savings:claimid","relationshipGuid":"30627c58-a6f0-43fd-84b6-98d116859812","relationshipStatus":"ACTIVE","relationshipAttributes":{"typeName":"process_dataset_outputs"}}]}},"debc4f05-a221-40cb-8279-ca98349a95cb":{"typeName":"hive_column","attributes":{"owner":"hive","qualifiedName":"claim.claims_view.latitude@cl1","name":"latitude","description":null,"comment":null,"position":6,"type":"decimal(10,0)","table":{"guid":"55ebaa34-2eb5-4e22-ba8f-a0f52e0a6399","typeName":"hive_table"}},"guid":"debc4f05-a221-40cb-8279-ca98349a95cb","status":"ACTIVE","createdBy":"hive","updatedBy":"hive","createTime":1524345006481,"updateTime":1524345006481,"version":0,"relationshipAttributes":{"inputToProcesses":[],"meanings":[],"table":{"guid":"55ebaa34-2eb5-4e22-ba8f-a0f52e0a6399","typeName":"hive_table","displayText":"claims_view","relationshipGuid":"5a07b716-db10-4efb-971c-9360ab8c6d47","relationshipStatus":"ACTIVE","relationshipAttributes":{"typeName":"hive_table_columns"}},"outputFromProcesses":[{"guid":"4ca3550d-8ce7-40c5-93e0-f8654c302de2","typeName":"hive_column_lineage","displayText":"create view if not exists claim.claims_view as select * from cost_savings.claim_savings:latitude","relationshipGuid":"84d98e41-5b4c-4667-a272-055231d92674","relationshipStatus":"ACTIVE","relationshipAttributes":{"typeName":"process_dataset_outputs"}}]}},"1d3319ca-4db7-49a6-b673-b43574b2f85e":{"typeName":"hive_column","attributes":{"owner":"hive","qualifiedName":"claim.claims_view.longitude@cl1","name":"longitude","description":null,"comment":null,"position":7,"type":"decimal(10,0)","table":{"guid":"55ebaa34-2eb5-4e22-ba8f-a0f52e0a6399","typeName":"hive_table"}},"guid":"1d3319ca-4db7-49a6-b673-b43574b2f85e","status":"ACTIVE","createdBy":"hive","updatedBy":"hive","createTime":1524345006481,"updateTime":1524345006481,"version":0,"relationshipAttributes":{"inputToProcesses":[],"meanings":[],"table":{"guid":"55ebaa34-2eb5-4e22-ba8f-a0f52e0a6399","typeName":"hive_table","displayText":"claims_view","relationshipGuid":"f1bd3683-2149-4043-b72d-7a9455598c4a","relationshipStatus":"ACTIVE","relationshipAttributes":{"typeName":"hive_table_columns"}},"outputFromProcesses":[{"guid":"56f75a84-dd25-450e-8990-57a95a64d842","typeName":"hive_column_lineage","displayText":"create view if not exists claim.claims_view as select * from cost_savings.claim_savings:longitude","relationshipGuid":"2bd64021-b5bb-4016-b201-13c7ec0e0090","relationshipStatus":"ACTIVE","relationshipAttributes":{"typeName":"process_dataset_outputs"}}]}},"fffb669d-d810-4a5c-82d7-ed2492d7010f":{"typeName":"hive_column","attributes":{"owner":"hive","qualifiedName":"claim.claims_view.name@cl1","name":"name","description":null,"comment":null,"position":1,"type":"string","table":{"guid":"55ebaa34-2eb5-4e22-ba8f-a0f52e0a6399","typeName":"hive_table"}},"guid":"fffb669d-d810-4a5c-82d7-ed2492d7010f","status":"ACTIVE","createdBy":"hive","updatedBy":"hive","createTime":1524345006481,"updateTime":1524345006481,"version":0,"relationshipAttributes":{"inputToProcesses":[],"meanings":[],"table":{"guid":"55ebaa34-2eb5-4e22-ba8f-a0f52e0a6399","typeName":"hive_table","displayText":"claims_view","relationshipGuid":"ec38ae69-3d65-440b-9e25-39d8b7b303ac","relationshipStatus":"ACTIVE","relationshipAttributes":{"typeName":"hive_table_columns"}},"outputFromProcesses":[{"guid":"ffe2d54e-7845-4f1e-9f13-76874ac91745","typeName":"hive_column_lineage","displayText":"create view if not exists claim.claims_view as select * from cost_savings.claim_savings:name","relationshipGuid":"94baa910-bac1-44ca-a8c2-887a0cc64fca","relationshipStatus":"ACTIVE","relationshipAttributes":{"typeName":"process_dataset_outputs"}}]}},"e0e06f11-467d-4498-b1cf-36ebf9ac7fc5":{"typeName":"hive_column","attributes":{"owner":"hive","qualifiedName":"claim.claims_view.reportdate@cl1","name":"reportdate","description":null,"comment":null,"position":0,"type":"date","table":{"guid":"55ebaa34-2eb5-4e22-ba8f-a0f52e0a6399","typeName":"hive_table"}},"guid":"e0e06f11-467d-4498-b1cf-36ebf9ac7fc5","status":"ACTIVE","createdBy":"hive","updatedBy":"hive","createTime":1524345006481,"updateTime":1524345006481,"version":0,"relationshipAttributes":{"inputToProcesses":[],"meanings":[],"table":{"guid":"55ebaa34-2eb5-4e22-ba8f-a0f52e0a6399","typeName":"hive_table","displayText":"claims_view","relationshipGuid":"3a269212-a4c0-4906-aedc-acab84c37ab9","relationshipStatus":"ACTIVE","relationshipAttributes":{"typeName":"hive_table_columns"}},"outputFromProcesses":[{"guid":"cd0cc1ff-9799-4dbb-a483-3215d5d0a5ae","typeName":"hive_column_lineage","displayText":"create view if not exists claim.claims_view as select * from cost_savings.claim_savings:reportdate","relationshipGuid":"8895dc9f-8ff7-4fdb-9e42-642c31156954","relationshipStatus":"ACTIVE","relationshipAttributes":{"typeName":"process_dataset_outputs"}}]}}},"entity":{"typeName":"hive_table","attributes":{"owner":"hive","temporary":false,"lastAccessTime":1524345005000,"aliases":null,"qualifiedName":"claim.claims_view@cl1","columns":[{"guid":"e0e06f11-467d-4498-b1cf-36ebf9ac7fc5","typeName":"hive_column"},{"guid":"fffb669d-d810-4a5c-82d7-ed2492d7010f","typeName":"hive_column"},{"guid":"c9f10dff-d6a2-41f8-a734-87ae514718b9","typeName":"hive_column"},{"guid":"e73acbb1-a391-490a-a837-a4843ea3bdcc","typeName":"hive_column"},{"guid":"5adc31b2-9295-4df1-a43c-e863a495d55f","typeName":"hive_column"},{"guid":"506ed9c6-de8d-4dc7-b97a-f9ddd1e9be6d","typeName":"hive_column"},{"guid":"debc4f05-a221-40cb-8279-ca98349a95cb","typeName":"hive_column"},{"guid":"1d3319ca-4db7-49a6-b673-b43574b2f85e","typeName":"hive_column"}],"description":null,"viewExpandedText":"SELECT `claim_savings`.`reportdate`, `claim_savings`.`name`, `claim_savings`.`sequenceid`, `claim_savings`.`claimid`, `claim_savings`.`costsavings`, `claim_savings`.`eligibilitycode`, `claim_savings`.`latitude`, `claim_savings`.`longitude` FROM `cost_savings`.`claim_savings`","sd":{"guid":"18cda3e4-ae77-4031-a6f3-c7df8aab6326","typeName":"hive_storagedesc"},"tableType":"VIRTUAL_VIEW","createTime":1524345005000,"name":"claims_view","comment":null,"partitionKeys":null,"parameters":{"transient_lastDdlTime":"1524345005"},"db":{"guid":"b01d3906-d8d9-4397-8f97-22bc21149957","typeName":"hive_db"},"retention":0,"viewOriginalText":"SELECT * FROM cost_savings.claim_savings"},"guid":"55ebaa34-2eb5-4e22-ba8f-a0f52e0a6399","status":"ACTIVE","createdBy":"hive","updatedBy":"hive","createTime":1524345006481,"updateTime":1524345006481,"version":0,"relationshipAttributes":{"inputToProcesses":[],"sd":{"guid":"18cda3e4-ae77-4031-a6f3-c7df8aab6326","typeName":"hive_storagedesc","displayText":"claim.claims_view@cl1_storage","relationshipGuid":"807dc1a1-bf91-472c-b5d8-9ca7c8b32a1c","relationshipStatus":"ACTIVE","relationshipAttributes":{"typeName":"hive_table_storagedesc"}},"columns":[{"guid":"e73acbb1-a391-490a-a837-a4843ea3bdcc","typeName":"hive_column","displayText":"claimid","relationshipGuid":"f27fd19d-8e1a-4953-a475-20e672a2093a","relationshipStatus":"ACTIVE","relationshipAttributes":{"typeName":"hive_table_columns"}},{"guid":"c9f10dff-d6a2-41f8-a734-87ae514718b9","typeName":"hive_column","displayText":"sequenceid","relationshipGuid":"4fe8dc7f-de70-43fd-83f8-e91243ca9491","relationshipStatus":"ACTIVE","relationshipAttributes":{"typeName":"hive_table_columns"}},{"guid":"e0e06f11-467d-4498-b1cf-36ebf9ac7fc5","typeName":"hive_column","displayText":"reportdate","relationshipGuid":"d91bbfc1-64c5-4ec5-9d99-1bca9ac83623","relationshipStatus":"ACTIVE","relationshipAttributes":{"typeName":"hive_table_columns"}},{"guid":"5adc31b2-9295-4df1-a43c-e863a495d55f","typeName":"hive_column","displayText":"costsavings","relationshipGuid":"34906673-529a-47b8-8294-764cbe91b782","relationshipStatus":"ACTIVE","relationshipAttributes":{"typeName":"hive_table_columns"}},{"guid":"506ed9c6-de8d-4dc7-b97a-f9ddd1e9be6d","typeName":"hive_column","displayText":"eligibilitycode","relationshipGuid":"08f75e2f-28b3-4a8b-af1b-833946fab4be","relationshipStatus":"ACTIVE","relationshipAttributes":{"typeName":"hive_table_columns"}},{"guid":"debc4f05-a221-40cb-8279-ca98349a95cb","typeName":"hive_column","displayText":"latitude","relationshipGuid":"dc7a6802-9cb2-45b9-9636-1a775d4bacba","relationshipStatus":"ACTIVE","relationshipAttributes":{"typeName":"hive_table_columns"}},{"guid":"1d3319ca-4db7-49a6-b673-b43574b2f85e","typeName":"hive_column","displayText":"longitude","relationshipGuid":"3b560fbd-822e-4076-bc5e-571a28e7982b","relationshipStatus":"ACTIVE","relationshipAttributes":{"typeName":"hive_table_columns"}},{"guid":"fffb669d-d810-4a5c-82d7-ed2492d7010f","typeName":"hive_column","displayText":"name","relationshipGuid":"41e40867-a6c6-4ce2-9b4e-540233c61cc8","relationshipStatus":"ACTIVE","relationshipAttributes":{"typeName":"hive_table_columns"}}],"partitionKeys":[],"meanings":[{"guid":"fc5c4f64-0822-4de5-94f0-1991c344d4f7","typeName":"AtlasGlossaryTerm","displayText":"Claim","relationshipGuid":"5ac81fbf-e634-4409-88f4-196ccbe8ea9d","relationshipStatus":"ACTIVE","relationshipAttributes":{"typeName":"AtlasGlossarySemanticAssignment","attributes":{"expression":null,"createdBy":null,"steward":null,"confidence":null,"description":null,"source":null,"status":null}}}],"db":{"guid":"b01d3906-d8d9-4397-8f97-22bc21149957","typeName":"hive_db","displayText":"claim","relationshipGuid":"d471a01e-19fb-4173-b22a-9a5b2138ef36","relationshipStatus":"ACTIVE","relationshipAttributes":{"typeName":"hive_db_tables"}},"outputFromProcesses":[{"guid":"46b69867-3a52-4b27-aa51-02e2af16f590","typeName":"hive_process","displayText":"create view if not exists claim.claims_view as select * from cost_savings.claim_savings","relationshipGuid":"ad1a9226-04fe-4235-9801-457fa4d39b29","relationshipStatus":"ACTIVE","relationshipAttributes":{"typeName":"process_dataset_outputs"}}]},"classifications":[{"typeName":"INSURANCE","entityGuid":"fc5c4f64-0822-4de5-94f0-1991c344d4f7","propagate":true,"validityPeriods":[]},{"typeName":"DATA_QUALITY","attributes":{"score":0.51},"entityGuid":"ad49c038-d837-48c0-b291-9c76edf9eab7","propagate":true,"validityPeriods":[]}],"propagationDisabledClassifications":[]}}
