{"referredEntities":{},"entity":{"typeName":"AtlasGlossaryTerm","attributes":{"longDescription":"An annuity contract under which the premium payments are used to purchase stock and the value of each unit is relative to the value of the investment portfolio.","examples":null,"qualifiedName":"Variable Annuity@Insurance","name":"Variable Annuity","usage":null,"shortDescription":"An annuity contract under which the premium payments are used to purchase stock and the value of each unit is relative to the value of the investment portfolio.","abbreviation":null},"guid":"563ced7e-388b-440d-83ca-4897463e6202","status":"ACTIVE","createdBy":"admin","updatedBy":"admin","createTime":1524349785542,"updateTime":1524349785542,"version":0,"relationshipAttributes":{"translationTerms":[],"validValuesFor":[],"synonyms":[],"replacedBy":[],"validValues":[],"replacementTerms":[],"seeAlso":[],"translatedTerms":[],"isA":[],"anchor":{"guid":"e74875de-736b-42e2-9283-f697579d742c","typeName":"AtlasGlossary","displayText":"Insurance","relationshipGuid":"f17fd732-6856-4d09-90ac-92e8663f6d21","relationshipStatus":"ACTIVE","relationshipAttributes":{"typeName":"AtlasGlossaryTermAnchor"}},"assignedEntities":[],"antonyms":[],"classifies":[],"categories":[],"preferredToTerms":[],"preferredTerms":[]}}}
