{"referredEntities":{},"entity":{"typeName":"AtlasGlossaryTerm","attributes":{"longDescription":"Treasury futures are derivatives that track the prices of specific Treasury securities.","examples":null,"qualifiedName":"Treasury Futures@Finance","name":"Treasury Futures","usage":null,"shortDescription":"Treasury futures are derivatives that track the prices of specific Treasury securities.","abbreviation":null},"guid":"5a1b6d40-11f5-44c9-b309-e4af4250cafb","status":"ACTIVE","createdBy":"admin","updatedBy":"admin","createTime":1524348566021,"updateTime":1524348566021,"version":0,"relationshipAttributes":{"translationTerms":[],"validValuesFor":[],"synonyms":[],"replacedBy":[],"validValues":[],"replacementTerms":[],"seeAlso":[],"translatedTerms":[],"isA":[],"anchor":{"guid":"08fd5250-6bc1-4373-aa73-a50182b68d76","typeName":"AtlasGlossary","displayText":"Finance","relationshipGuid":"8a785758-5d83-4489-9a1b-730ac67113f0","relationshipStatus":"ACTIVE","relationshipAttributes":{"typeName":"AtlasGlossaryTermAnchor"}},"assignedEntities":[],"antonyms":[],"classifies":[],"categories":[],"preferredToTerms":[],"preferredTerms":[]}}}
