{"referredEntities":{},"entity":{"typeName":"AtlasGlossaryTerm","attributes":{"longDescription":"A safety feature that regulates wheel spin and prevents loss of control under acceleration by ensuring maximum traction and contact between the tires and the road (by adjusting brake pressure to one or more wheels, closing the throttle, or reducing the fuel supply to at least one or more cylinders).","examples":null,"qualifiedName":"Traction Control@Automotive","name":"Traction Control","usage":null,"shortDescription":"A safety feature that regulates wheel spin and prevents loss of control under acceleration by ensuring maximum traction and contact between the tires and the road (by adjusting brake pressure to one or more wheels, closing the throttle, or reducing the fuel supply to at least one or more cylinders).","abbreviation":null},"guid":"5b5f501a-8637-445d-b9dc-0803f881cbb0","status":"ACTIVE","createdBy":"admin","updatedBy":"admin","createTime":1524346127851,"updateTime":1524346127851,"version":0,"relationshipAttributes":{"translationTerms":[],"validValuesFor":[],"synonyms":[],"replacedBy":[],"validValues":[],"replacementTerms":[],"seeAlso":[],"translatedTerms":[],"isA":[],"anchor":{"guid":"0b8176c3-e288-45bb-9388-c77fe48c5604","typeName":"AtlasGlossary","displayText":"Automotive","relationshipGuid":"966ffefc-062e-46e5-abe0-a71e55bde644","relationshipStatus":"ACTIVE","relationshipAttributes":{"typeName":"AtlasGlossaryTermAnchor"}},"assignedEntities":[],"antonyms":[],"classifies":[],"categories":[],"preferredToTerms":[],"preferredTerms":[]}}}
