{"referredEntities":{},"entity":{"typeName":"AtlasGlossaryTerm","attributes":{"longDescription":"Uncertainty concerning the possibility of loss by a peril for which insurance is pursued.","examples":null,"qualifiedName":"Risk@Insurance","name":"Risk","usage":null,"shortDescription":"Uncertainty concerning the possibility of loss by a peril for which insurance is pursued.","abbreviation":null},"guid":"5bb8e445-2f04-4a98-91c6-1a2249659472","status":"ACTIVE","createdBy":"admin","updatedBy":"admin","createTime":1524349627627,"updateTime":1524349627627,"version":0,"relationshipAttributes":{"translationTerms":[],"validValuesFor":[],"synonyms":[],"replacedBy":[],"validValues":[],"replacementTerms":[],"seeAlso":[],"translatedTerms":[],"isA":[],"anchor":{"guid":"e74875de-736b-42e2-9283-f697579d742c","typeName":"AtlasGlossary","displayText":"Insurance","relationshipGuid":"66f22a55-9424-4d40-9221-1db14e0d53dd","relationshipStatus":"ACTIVE","relationshipAttributes":{"typeName":"AtlasGlossaryTermAnchor"}},"assignedEntities":[],"antonyms":[],"classifies":[],"categories":[],"preferredToTerms":[],"preferredTerms":[]}}}
