{"referredEntities":{},"entity":{"typeName":"AtlasGlossaryTerm","attributes":{"longDescription":"The Federal Reserve's \"Beige Book\" report summarizes anecdotal information collected by the District Federal Reserve Banks from key businessmen, economists, market experts and other sources. Used at the meetings of the Federal Open Market Committee (the Fed's monetary policymaking arm).","examples":null,"qualifiedName":"Beige Book@Finance","name":"Beige Book","usage":null,"shortDescription":"The Federal Reserve's \"Beige Book\" report summarizes anecdotal information collected by the District Federal Reserve Banks from key businessmen, economists, market experts and other sources. Used at the meetings of the Federal Open Market Committee (the Fed's monetary policymaking arm).","abbreviation":null},"guid":"5d6389ce-0b9b-4c0b-913c-698ffb20054d","status":"ACTIVE","createdBy":"admin","updatedBy":"admin","createTime":1524346858867,"updateTime":1524346858867,"version":0,"relationshipAttributes":{"translationTerms":[],"validValuesFor":[],"synonyms":[],"replacedBy":[],"validValues":[],"replacementTerms":[],"seeAlso":[],"translatedTerms":[],"isA":[],"anchor":{"guid":"08fd5250-6bc1-4373-aa73-a50182b68d76","typeName":"AtlasGlossary","displayText":"Finance","relationshipGuid":"eeb0609a-bab4-43a9-9df8-96585840eb37","relationshipStatus":"ACTIVE","relationshipAttributes":{"typeName":"AtlasGlossaryTermAnchor"}},"assignedEntities":[],"antonyms":[],"classifies":[],"categories":[],"preferredToTerms":[],"preferredTerms":[]}}}
