{"referredEntities":{},"entity":{"typeName":"AtlasGlossaryTerm","attributes":{"longDescription":"Antilock braking system. A computer-controlled system that prevents brakes from locking up and tires from skidding during hard braking.","examples":null,"qualifiedName":"ABS@Automotive","name":"ABS","usage":null,"shortDescription":"Antilock braking system. A computer-controlled system that prevents brakes from locking up and tires from skidding during hard braking.","abbreviation":null},"guid":"746075bf-8d59-487d-912f-03ce0941ed32","status":"ACTIVE","createdBy":"admin","updatedBy":"admin","createTime":1524345731017,"updateTime":1524345731017,"version":0,"relationshipAttributes":{"translationTerms":[],"validValuesFor":[],"synonyms":[],"replacedBy":[],"validValues":[],"replacementTerms":[],"seeAlso":[],"translatedTerms":[],"isA":[],"anchor":{"guid":"0b8176c3-e288-45bb-9388-c77fe48c5604","typeName":"AtlasGlossary","displayText":"Automotive","relationshipGuid":"cf9a5ef1-f743-4227-baeb-ac350a17a52a","relationshipStatus":"ACTIVE","relationshipAttributes":{"typeName":"AtlasGlossaryTermAnchor"}},"assignedEntities":[],"antonyms":[],"classifies":[],"categories":[],"preferredToTerms":[],"preferredTerms":[]}}}
