{"referredEntities":{},"entity":{"typeName":"AtlasGlossaryTerm","attributes":{"longDescription":"An individual who receives commissions from the sale and service of insurance policies.","examples":null,"qualifiedName":"Broker@Insurance","name":"Broker","usage":null,"shortDescription":"An individual who receives commissions from the sale and service of insurance policies.","abbreviation":null},"guid":"7674314c-70eb-4b5c-85a7-908e788dc76f","status":"ACTIVE","createdBy":"admin","updatedBy":"admin","createTime":1524349493143,"updateTime":1524349493143,"version":0,"relationshipAttributes":{"translationTerms":[],"validValuesFor":[],"synonyms":[],"replacedBy":[],"validValues":[],"replacementTerms":[],"seeAlso":[],"translatedTerms":[],"isA":[],"anchor":{"guid":"e74875de-736b-42e2-9283-f697579d742c","typeName":"AtlasGlossary","displayText":"Insurance","relationshipGuid":"76a01237-837d-49ff-8df0-642a2ba4c2c1","relationshipStatus":"ACTIVE","relationshipAttributes":{"typeName":"AtlasGlossaryTermAnchor"}},"assignedEntities":[],"antonyms":[],"classifies":[],"categories":[],"preferredToTerms":[],"preferredTerms":[]}}}
