{"referredEntities":{},"entity":{"typeName":"AtlasGlossaryTerm","attributes":{"longDescription":"The potential for a person to experience illness, injury, or other physical or psychological impairment, whether temporary or permanent.","examples":null,"qualifiedName":"Morbidity Risk@Insurance","name":"Morbidity Risk","usage":null,"shortDescription":"The potential for a person to experience illness, injury, or other physical or psychological impairment, whether temporary or permanent.","abbreviation":null},"guid":"7706f250-93a0-45bb-895f-b3a86ac70420","status":"ACTIVE","createdBy":"admin","updatedBy":"admin","createTime":1524349569637,"updateTime":1524349569637,"version":0,"relationshipAttributes":{"translationTerms":[],"validValuesFor":[],"synonyms":[],"replacedBy":[],"validValues":[],"replacementTerms":[],"seeAlso":[],"translatedTerms":[],"isA":[],"anchor":{"guid":"e74875de-736b-42e2-9283-f697579d742c","typeName":"AtlasGlossary","displayText":"Insurance","relationshipGuid":"cb071e3f-fc7f-4d08-8659-7731db626aea","relationshipStatus":"ACTIVE","relationshipAttributes":{"typeName":"AtlasGlossaryTermAnchor"}},"assignedEntities":[],"antonyms":[],"classifies":[],"categories":[],"preferredToTerms":[],"preferredTerms":[]}}}
