{"referredEntities":{},"entity":{"typeName":"AtlasGlossaryTerm","attributes":{"longDescription":"The cooling and dehumidification of a vehicles cabin air.","examples":null,"qualifiedName":"Air Conditioning@Automotive","name":"Air Conditioning","usage":null,"shortDescription":"The cooling and dehumidification of a vehicles cabin air.","abbreviation":null},"guid":"7affe099-33f5-4547-9c8b-a3b7045a0de5","status":"ACTIVE","createdBy":"admin","updatedBy":"admin","createTime":1524345801653,"updateTime":1524345801653,"version":0,"relationshipAttributes":{"translationTerms":[],"validValuesFor":[],"synonyms":[],"replacedBy":[],"validValues":[],"replacementTerms":[],"seeAlso":[],"translatedTerms":[],"isA":[],"anchor":{"guid":"0b8176c3-e288-45bb-9388-c77fe48c5604","typeName":"AtlasGlossary","displayText":"Automotive","relationshipGuid":"a1e8881b-50fc-4da0-b01f-ca0ed70989ed","relationshipStatus":"ACTIVE","relationshipAttributes":{"typeName":"AtlasGlossaryTermAnchor"}},"assignedEntities":[],"antonyms":[],"classifies":[],"categories":[],"preferredToTerms":[],"preferredTerms":[]}}}
