{"referredEntities":{},"entity":{"typeName":"AtlasGlossaryTerm","attributes":{"longDescription":"A Vehicle Identification Number, or \"VIN,\" is the unique code that is assigned to an individual vehicle by its manufacturer and that distinguishes it from all other vehicles. No two vehicles can have the same VIN. Typically, the VIN is stamped into a plate or printed on a sticker and affixed to the vehicle in several different places, including inside the engine bay and on the driver's side door jamb.","examples":null,"qualifiedName":"Vehicle Identification Number@Automotive","name":"Vehicle Identification Number","usage":null,"shortDescription":"A Vehicle Identification Number, or \"VIN,\" is the unique code that is assigned to an individual vehicle by its manufacturer and that distinguishes it from all other vehicles.","abbreviation":null},"guid":"824a1a88-9497-4cc4-93b6-6ea1076f1de3","status":"ACTIVE","createdBy":"admin","updatedBy":"admin","createTime":1524346238378,"updateTime":1524346238378,"version":0,"relationshipAttributes":{"translationTerms":[],"validValuesFor":[],"synonyms":[],"replacedBy":[],"validValues":[],"replacementTerms":[],"seeAlso":[],"translatedTerms":[],"isA":[],"anchor":{"guid":"0b8176c3-e288-45bb-9388-c77fe48c5604","typeName":"AtlasGlossary","displayText":"Automotive","relationshipGuid":"1615c493-de41-45f2-b693-5e447aeb2867","relationshipStatus":"ACTIVE","relationshipAttributes":{"typeName":"AtlasGlossaryTermAnchor"}},"assignedEntities":[],"antonyms":[],"classifies":[],"categories":[],"preferredToTerms":[],"preferredTerms":[]}}}
