{"referredEntities":{},"entity":{"typeName":"AtlasGlossaryTerm","attributes":{"longDescription":"A laser- or radar-sensing cruise control system that causes a vehicle to automatically slow or stop in order to avoid front-end collisions.","examples":null,"qualifiedName":"Adaptive Cruise Control@Automotive","name":"Adaptive Cruise Control","usage":null,"shortDescription":"A laser- or radar-sensing cruise control system that causes a vehicle to automatically slow or stop in order to avoid front-end collisions.","abbreviation":null},"guid":"8ae27de1-f4ff-434b-a3f0-c2b4975973eb","status":"ACTIVE","createdBy":"admin","updatedBy":"admin","createTime":1524345774969,"updateTime":1524345774969,"version":0,"relationshipAttributes":{"translationTerms":[],"validValuesFor":[],"synonyms":[],"replacedBy":[],"validValues":[],"replacementTerms":[],"seeAlso":[],"translatedTerms":[],"isA":[],"anchor":{"guid":"0b8176c3-e288-45bb-9388-c77fe48c5604","typeName":"AtlasGlossary","displayText":"Automotive","relationshipGuid":"831ed75e-5a8d-4b1f-81cf-cb1135844f33","relationshipStatus":"ACTIVE","relationshipAttributes":{"typeName":"AtlasGlossaryTermAnchor"}},"assignedEntities":[],"antonyms":[],"classifies":[],"categories":[],"preferredToTerms":[],"preferredTerms":[]}}}
