{"referredEntities":{},"entity":{"typeName":"AtlasGlossaryTerm","attributes":{"longDescription":"Life insurance payable only if death of insured occurs within a specified time, such as 5 or 10 years, or before a specified age.","examples":null,"qualifiedName":"Term Insurance@Insurance","name":"Term Insurance","usage":null,"shortDescription":"Life insurance payable only if death of insured occurs within a specified time, such as 5 or 10 years, or before a specified age.","abbreviation":null},"guid":"8fe646f7-4d20-4f6a-87fa-d784773490b2","status":"ACTIVE","createdBy":"admin","updatedBy":"admin","createTime":1524349693363,"updateTime":1524349693363,"version":0,"relationshipAttributes":{"translationTerms":[],"validValuesFor":[],"synonyms":[],"replacedBy":[],"validValues":[],"replacementTerms":[],"seeAlso":[],"translatedTerms":[],"isA":[],"anchor":{"guid":"e74875de-736b-42e2-9283-f697579d742c","typeName":"AtlasGlossary","displayText":"Insurance","relationshipGuid":"dc6ff179-ca54-407c-8394-191974039bdc","relationshipStatus":"ACTIVE","relationshipAttributes":{"typeName":"AtlasGlossaryTermAnchor"}},"assignedEntities":[],"antonyms":[],"classifies":[],"categories":[],"preferredToTerms":[],"preferredTerms":[]}}}
