{"referredEntities":{},"entity":{"typeName":"AtlasGlossaryTerm","attributes":{"longDescription":"Circumstance including possibility of loss or no loss but no possibility of gain.","examples":null,"qualifiedName":"Pure Risk@Insurance","name":"Pure Risk","usage":null,"shortDescription":"Circumstance including possibility of loss or no loss but no possibility of gain.","abbreviation":null},"guid":"917898a3-cd3b-470b-8ad3-906ddc6e4dc3","status":"ACTIVE","createdBy":"admin","updatedBy":"admin","createTime":1524349604053,"updateTime":1524349604053,"version":0,"relationshipAttributes":{"translationTerms":[],"validValuesFor":[],"synonyms":[],"replacedBy":[],"validValues":[],"replacementTerms":[],"seeAlso":[],"translatedTerms":[],"isA":[],"anchor":{"guid":"e74875de-736b-42e2-9283-f697579d742c","typeName":"AtlasGlossary","displayText":"Insurance","relationshipGuid":"7f278a44-b7d1-4e4c-a249-138ffcc45858","relationshipStatus":"ACTIVE","relationshipAttributes":{"typeName":"AtlasGlossaryTermAnchor"}},"assignedEntities":[],"antonyms":[],"classifies":[],"categories":[],"preferredToTerms":[],"preferredTerms":[]}}}
