{"referredEntities":{},"entity":{"typeName":"AtlasGlossaryTerm","attributes":{"longDescription":"The distance between the center of a vehicles front axle and the center of its rear axle.","examples":null,"qualifiedName":"Wheelbase@Automotive","name":"Wheelbase","usage":null,"shortDescription":"The distance between the center of a vehicles front axle and the center of its rear axle.","abbreviation":null},"guid":"920618b1-5dc6-440c-adca-3b012f525e6c","status":"ACTIVE","createdBy":"admin","updatedBy":"admin","createTime":1524346280368,"updateTime":1524346280368,"version":0,"relationshipAttributes":{"translationTerms":[],"validValuesFor":[],"synonyms":[],"replacedBy":[],"validValues":[],"replacementTerms":[],"seeAlso":[],"translatedTerms":[],"isA":[],"anchor":{"guid":"0b8176c3-e288-45bb-9388-c77fe48c5604","typeName":"AtlasGlossary","displayText":"Automotive","relationshipGuid":"c548589d-2147-4944-83e6-0a551273fe88","relationshipStatus":"ACTIVE","relationshipAttributes":{"typeName":"AtlasGlossaryTermAnchor"}},"assignedEntities":[],"antonyms":[],"classifies":[],"categories":[],"preferredToTerms":[],"preferredTerms":[]}}}
