{"referredEntities":{},"entity":{"typeName":"AtlasGlossaryTerm","attributes":{"longDescription":"A measure of a vehicles total consumption of natural resources weighed against the Earths ability to regenerate those resources.","examples":null,"qualifiedName":"Carbon Footprint@Automotive","name":"Carbon Footprint","usage":null,"shortDescription":"A measure of a vehicles total consumption of natural resources weighed against the Earths ability to regenerate those resources.","abbreviation":null},"guid":"9605185a-9215-4a9c-9294-da58c0e441f6","status":"ACTIVE","createdBy":"admin","updatedBy":"admin","createTime":1524345928470,"updateTime":1524345928470,"version":0,"relationshipAttributes":{"translationTerms":[],"validValuesFor":[],"synonyms":[],"replacedBy":[],"validValues":[],"replacementTerms":[],"seeAlso":[],"translatedTerms":[],"isA":[],"anchor":{"guid":"0b8176c3-e288-45bb-9388-c77fe48c5604","typeName":"AtlasGlossary","displayText":"Automotive","relationshipGuid":"44b486ee-321b-4736-93f6-c823745fe005","relationshipStatus":"ACTIVE","relationshipAttributes":{"typeName":"AtlasGlossaryTermAnchor"}},"assignedEntities":[],"antonyms":[],"classifies":[],"categories":[],"preferredToTerms":[],"preferredTerms":[]}}}
