{"referredEntities":{},"entity":{"typeName":"AtlasGlossaryTerm","attributes":{"longDescription":"Person who identifies, examines and classifies the degree of risk represented by a proposed insured in order to determine whether or not coverage should be provided and, if so, at what rate.","examples":null,"qualifiedName":"Underwriter@Insurance","name":"Underwriter","usage":null,"shortDescription":"Person who identifies, examines and classifies the degree of risk represented by a proposed insured in order to determine whether or not coverage should be provided and, if so, at what rate.","abbreviation":null},"guid":"9a897d88-c978-4ef8-b2d5-9a62195ac494","status":"ACTIVE","createdBy":"admin","updatedBy":"admin","createTime":1524349721152,"updateTime":1524349721152,"version":0,"relationshipAttributes":{"translationTerms":[],"validValuesFor":[],"synonyms":[],"replacedBy":[],"validValues":[],"replacementTerms":[],"seeAlso":[],"translatedTerms":[],"isA":[],"anchor":{"guid":"e74875de-736b-42e2-9283-f697579d742c","typeName":"AtlasGlossary","displayText":"Insurance","relationshipGuid":"17d4e241-fa19-40f9-aa50-4b19f58df8ef","relationshipStatus":"ACTIVE","relationshipAttributes":{"typeName":"AtlasGlossaryTermAnchor"}},"assignedEntities":[],"antonyms":[],"classifies":[],"categories":[],"preferredToTerms":[],"preferredTerms":[]}}}
