{"referredEntities":{},"entity":{"typeName":"AtlasGlossaryTerm","attributes":{"longDescription":"Treasury securities are bonds issued by the U.S. government. There are various types of Treasury securities. The shortest-maturity issues are called Treasury bills. Bonds that mature in two to 10 years (from the time they are issued) are called Treasury notes. The 30-year Treasury is called the Treasury bond, or \"the long bond,\" or even just \"the bond.\" Nonmarketable savings bonds are another species of Treasury security.","examples":null,"qualifiedName":"Treasury Securities@Finance","name":"Treasury Securities","usage":null,"shortDescription":"Treasury securities are bonds issued by the U.S. government.","abbreviation":null},"guid":"9b0b6a7c-ac0f-4b97-833d-0c92d31c2007","status":"ACTIVE","createdBy":"admin","updatedBy":"admin","createTime":1524348685586,"updateTime":1524348685586,"version":0,"relationshipAttributes":{"translationTerms":[],"validValuesFor":[],"synonyms":[],"replacedBy":[],"validValues":[],"replacementTerms":[],"seeAlso":[],"translatedTerms":[],"isA":[],"anchor":{"guid":"08fd5250-6bc1-4373-aa73-a50182b68d76","typeName":"AtlasGlossary","displayText":"Finance","relationshipGuid":"24fe808d-5e8b-4f82-aeaa-9ab697a0b97e","relationshipStatus":"ACTIVE","relationshipAttributes":{"typeName":"AtlasGlossaryTermAnchor"}},"assignedEntities":[],"antonyms":[],"classifies":[],"categories":[],"preferredToTerms":[],"preferredTerms":[]}}}
