{"referredEntities":{},"entity":{"typeName":"AtlasGlossaryTerm","attributes":{"longDescription":"An estimate of value.","examples":null,"qualifiedName":"Appraisal@Insurance","name":"Appraisal","usage":null,"shortDescription":"An estimate of value.","abbreviation":null},"guid":"9c15b4de-ac96-4d06-ad01-bde9675966b2","status":"ACTIVE","createdBy":"admin","updatedBy":"admin","createTime":1524349112074,"updateTime":1524349112074,"version":0,"relationshipAttributes":{"translationTerms":[],"validValuesFor":[],"synonyms":[],"replacedBy":[],"validValues":[],"replacementTerms":[],"seeAlso":[],"translatedTerms":[],"isA":[],"anchor":{"guid":"e74875de-736b-42e2-9283-f697579d742c","typeName":"AtlasGlossary","displayText":"Insurance","relationshipGuid":"5dd6df11-b3c3-4779-9323-88e4b0e2f743","relationshipStatus":"ACTIVE","relationshipAttributes":{"typeName":"AtlasGlossaryTermAnchor"}},"assignedEntities":[],"antonyms":[],"classifies":[],"categories":[],"preferredToTerms":[],"preferredTerms":[]}}}
