{"referredEntities":{},"entity":{"typeName":"AtlasGlossaryTerm","attributes":{"longDescription":"A person who, according to a company's underwriting standards, is considered a normal risk and insurable at standard rates.","examples":null,"qualifiedName":"Standard Risk@Insurance","name":"Standard Risk","usage":null,"shortDescription":"A person who, according to a company's underwriting standards, is considered a normal risk and insurable at standard rates.","abbreviation":null},"guid":"a5a0642c-105a-480d-b75d-73dc36d74802","status":"ACTIVE","createdBy":"admin","updatedBy":"admin","createTime":1524349662262,"updateTime":1524349662262,"version":0,"relationshipAttributes":{"translationTerms":[],"validValuesFor":[],"synonyms":[],"replacedBy":[],"validValues":[],"replacementTerms":[],"seeAlso":[],"translatedTerms":[],"isA":[],"anchor":{"guid":"e74875de-736b-42e2-9283-f697579d742c","typeName":"AtlasGlossary","displayText":"Insurance","relationshipGuid":"0f3c775f-691b-4153-b825-94415db3b4fe","relationshipStatus":"ACTIVE","relationshipAttributes":{"typeName":"AtlasGlossaryTermAnchor"}},"assignedEntities":[],"antonyms":[],"classifies":[],"categories":[],"preferredToTerms":[],"preferredTerms":[]}}}
