{"referredEntities":{},"entity":{"typeName":"AtlasGlossaryTerm","attributes":{"longDescription":"Claims that are in the course of settlement. The term may also include claims that have been incurred but not reported.","examples":null,"qualifiedName":"Unpaid Losses@Insurance","name":"Unpaid Losses","usage":null,"shortDescription":"Claims that are in the course of settlement. The term may also include claims that have been incurred but not reported.","abbreviation":null},"guid":"a5e4614e-51a8-4f06-af79-d7213296bc2e","status":"ACTIVE","createdBy":"admin","updatedBy":"admin","createTime":1524349750468,"updateTime":1524349750468,"version":0,"relationshipAttributes":{"translationTerms":[],"validValuesFor":[],"synonyms":[],"replacedBy":[],"validValues":[],"replacementTerms":[],"seeAlso":[],"translatedTerms":[],"isA":[],"anchor":{"guid":"e74875de-736b-42e2-9283-f697579d742c","typeName":"AtlasGlossary","displayText":"Insurance","relationshipGuid":"19e01f5b-d7c0-4f1b-a618-c00d27d82a7c","relationshipStatus":"ACTIVE","relationshipAttributes":{"typeName":"AtlasGlossaryTermAnchor"}},"assignedEntities":[],"antonyms":[],"classifies":[],"categories":[],"preferredToTerms":[],"preferredTerms":[]}}}
