{"referredEntities":{"fd248029-1b02-4e4b-833a-1d29e4dd403a":{"typeName":"hive_column","attributes":{"owner":"hive","qualifiedName":"cost_savings.claim_savings.eligibilitycode@cl1","name":"eligibilitycode","description":null,"comment":null,"position":5,"type":"int","table":{"guid":"ad49c038-d837-48c0-b291-9c76edf9eab7","typeName":"hive_table"}},"guid":"fd248029-1b02-4e4b-833a-1d29e4dd403a","status":"ACTIVE","createdBy":"hive","updatedBy":"hive","createTime":1524344994544,"updateTime":1524345006481,"version":0,"relationshipAttributes":{"inputToProcesses":[{"guid":"914fa1c2-e465-4793-ba96-236035f5b018","typeName":"hive_column_lineage","displayText":"create view if not exists claim.claims_view as select * from cost_savings.claim_savings:eligibilitycode","relationshipGuid":"caf5a5bd-0f26-44c9-a7db-4e0b0921543a","relationshipStatus":"ACTIVE","relationshipAttributes":{"typeName":"dataset_process_inputs"}}],"meanings":[],"table":{"guid":"ad49c038-d837-48c0-b291-9c76edf9eab7","typeName":"hive_table","displayText":"claim_savings","relationshipGuid":"141cfeb0-d31a-46f9-8acb-3694f1c41b4f","relationshipStatus":"ACTIVE","relationshipAttributes":{"typeName":"hive_table_columns"}},"outputFromProcesses":[]}},"754a3747-47c9-46ef-ab27-b3e3b1f65302":{"typeName":"hive_column","attributes":{"owner":"hive","qualifiedName":"cost_savings.claim_savings.claimid@cl1","name":"claimid","description":null,"comment":null,"position":3,"type":"int","table":{"guid":"ad49c038-d837-48c0-b291-9c76edf9eab7","typeName":"hive_table"}},"guid":"754a3747-47c9-46ef-ab27-b3e3b1f65302","status":"ACTIVE","createdBy":"hive","updatedBy":"hive","createTime":1524344994544,"updateTime":1524345006481,"version":0,"relationshipAttributes":{"inputToProcesses":[{"guid":"51dfb9b1-be9b-4182-8d15-25a8f15a4d6d","typeName":"hive_column_lineage","displayText":"create view if not exists claim.claims_view as select * from cost_savings.claim_savings:claimid","relationshipGuid":"51fd2973-ce77-4c67-a0cc-eaf314e8add3","relationshipStatus":"ACTIVE","relationshipAttributes":{"typeName":"dataset_process_inputs"}}],"meanings":[],"table":{"guid":"ad49c038-d837-48c0-b291-9c76edf9eab7","typeName":"hive_table","displayText":"claim_savings","relationshipGuid":"129affb7-cdb6-4c31-8de2-dce62af83e65","relationshipStatus":"ACTIVE","relationshipAttributes":{"typeName":"hive_table_columns"}},"outputFromProcesses":[]}},"725a09b9-40dc-435e-8104-52a4cc81d6b3":{"typeName":"hive_column","attributes":{"owner":"hive","qualifiedName":"cost_savings.claim_savings.latitude@cl1","name":"latitude","description":null,"comment":null,"position":6,"type":"decimal(10,0)","table":{"guid":"ad49c038-d837-48c0-b291-9c76edf9eab7","typeName":"hive_table"}},"guid":"725a09b9-40dc-435e-8104-52a4cc81d6b3","status":"ACTIVE","createdBy":"hive","updatedBy":"hive","createTime":1524344994544,"updateTime":1524345006481,"version":0,"relationshipAttributes":{"inputToProcesses":[{"guid":"4ca3550d-8ce7-40c5-93e0-f8654c302de2","typeName":"hive_column_lineage","displayText":"create view if not exists claim.claims_view as select * from cost_savings.claim_savings:latitude","relationshipGuid":"c22488f4-8759-44c0-a003-38c8664af876","relationshipStatus":"ACTIVE","relationshipAttributes":{"typeName":"dataset_process_inputs"}}],"meanings":[],"table":{"guid":"ad49c038-d837-48c0-b291-9c76edf9eab7","typeName":"hive_table","displayText":"claim_savings","relationshipGuid":"a2870430-2578-487a-9988-6ed31ee5f85a","relationshipStatus":"ACTIVE","relationshipAttributes":{"typeName":"hive_table_columns"}},"outputFromProcesses":[]}},"47a46f30-683a-408c-b6d2-ccff29c4ea3f":{"typeName":"hive_column","attributes":{"owner":"hive","qualifiedName":"cost_savings.claim_savings.name@cl1","name":"name","description":null,"comment":null,"position":1,"type":"string","table":{"guid":"ad49c038-d837-48c0-b291-9c76edf9eab7","typeName":"hive_table"}},"guid":"47a46f30-683a-408c-b6d2-ccff29c4ea3f","status":"ACTIVE","createdBy":"hive","updatedBy":"hive","createTime":1524344994544,"updateTime":1524345006481,"version":0,"relationshipAttributes":{"inputToProcesses":[{"guid":"ffe2d54e-7845-4f1e-9f13-76874ac91745","typeName":"hive_column_lineage","displayText":"create view if not exists claim.claims_view as select * from cost_savings.claim_savings:name","relationshipGuid":"eceefcf9-0ad3-449a-922e-c40ec43b3081","relationshipStatus":"ACTIVE","relationshipAttributes":{"typeName":"dataset_process_inputs"}}],"meanings":[],"table":{"guid":"ad49c038-d837-48c0-b291-9c76edf9eab7","typeName":"hive_table","displayText":"claim_savings","relationshipGuid":"6aae2c11-6973-4c2b-9758-ee70f3b43f99","relationshipStatus":"ACTIVE","relationshipAttributes":{"typeName":"hive_table_columns"}},"outputFromProcesses":[]}},"4a636e8d-1640-4d73-976a-7fec3e5e303e":{"typeName":"hive_column","attributes":{"owner":"hive","qualifiedName":"cost_savings.claim_savings.sequenceid@cl1","name":"sequenceid","description":null,"comment":null,"position":2,"type":"int","table":{"guid":"ad49c038-d837-48c0-b291-9c76edf9eab7","typeName":"hive_table"}},"guid":"4a636e8d-1640-4d73-976a-7fec3e5e303e","status":"ACTIVE","createdBy":"hive","updatedBy":"hive","createTime":1524344994544,"updateTime":1524345006481,"version":0,"relationshipAttributes":{"inputToProcesses":[{"guid":"dd8b93cb-148b-440c-a88b-c580bb1d35ad","typeName":"hive_column_lineage","displayText":"create view if not exists claim.claims_view as select * from cost_savings.claim_savings:sequenceid","relationshipGuid":"1d6e14f6-34a3-4463-b93c-7e19b2398768","relationshipStatus":"ACTIVE","relationshipAttributes":{"typeName":"dataset_process_inputs"}}],"meanings":[],"table":{"guid":"ad49c038-d837-48c0-b291-9c76edf9eab7","typeName":"hive_table","displayText":"claim_savings","relationshipGuid":"2b97252a-ee6b-414a-a022-fb75c6153eda","relationshipStatus":"ACTIVE","relationshipAttributes":{"typeName":"hive_table_columns"}},"outputFromProcesses":[]}},"3515789b-6e82-4221-ae6b-c587addd6d43":{"typeName":"hive_column","attributes":{"owner":"hive","qualifiedName":"cost_savings.claim_savings.reportdate@cl1","name":"reportdate","description":null,"comment":null,"position":0,"type":"date","table":{"guid":"ad49c038-d837-48c0-b291-9c76edf9eab7","typeName":"hive_table"}},"guid":"3515789b-6e82-4221-ae6b-c587addd6d43","status":"ACTIVE","createdBy":"hive","updatedBy":"hive","createTime":1524344994544,"updateTime":1524345006481,"version":0,"relationshipAttributes":{"inputToProcesses":[{"guid":"cd0cc1ff-9799-4dbb-a483-3215d5d0a5ae","typeName":"hive_column_lineage","displayText":"create view if not exists claim.claims_view as select * from cost_savings.claim_savings:reportdate","relationshipGuid":"c2733084-2285-4c14-bf9c-3d78361395fe","relationshipStatus":"ACTIVE","relationshipAttributes":{"typeName":"dataset_process_inputs"}}],"meanings":[],"table":{"guid":"ad49c038-d837-48c0-b291-9c76edf9eab7","typeName":"hive_table","displayText":"claim_savings","relationshipGuid":"4dd4c9a9-b517-4ced-a168-0fb8c56b5f6b","relationshipStatus":"ACTIVE","relationshipAttributes":{"typeName":"hive_table_columns"}},"outputFromProcesses":[]}},"2818e124-da2e-4a40-aef2-1e628ed60ef8":{"typeName":"hive_column","attributes":{"owner":"hive","qualifiedName":"cost_savings.claim_savings.longitude@cl1","name":"longitude","description":null,"comment":null,"position":7,"type":"decimal(10,0)","table":{"guid":"ad49c038-d837-48c0-b291-9c76edf9eab7","typeName":"hive_table"}},"guid":"2818e124-da2e-4a40-aef2-1e628ed60ef8","status":"ACTIVE","createdBy":"hive","updatedBy":"hive","createTime":1524344994544,"updateTime":1524345006481,"version":0,"relationshipAttributes":{"inputToProcesses":[{"guid":"56f75a84-dd25-450e-8990-57a95a64d842","typeName":"hive_column_lineage","displayText":"create view if not exists claim.claims_view as select * from cost_savings.claim_savings:longitude","relationshipGuid":"2b08dab6-5083-4581-99b7-8e5da073e0e3","relationshipStatus":"ACTIVE","relationshipAttributes":{"typeName":"dataset_process_inputs"}}],"meanings":[],"table":{"guid":"ad49c038-d837-48c0-b291-9c76edf9eab7","typeName":"hive_table","displayText":"claim_savings","relationshipGuid":"1fffebac-48d3-4ece-ae3c-a3ee7d5c9ddf","relationshipStatus":"ACTIVE","relationshipAttributes":{"typeName":"hive_table_columns"}},"outputFromProcesses":[]}},"c99f1fe1-6f7e-466c-8373-e27bbeb71b63":{"typeName":"hive_storagedesc","attributes":{"bucketCols":null,"qualifiedName":"cost_savings.claim_savings@cl1_storage","sortCols":null,"storedAsSubDirectories":false,"location":"hdfs://localhost.localdomain:8020/hive_data/cost_savings","compressed":false,"inputFormat":"org.apache.hadoop.mapred.TextInputFormat","outputFormat":"org.apache.hadoop.hive.ql.io.HiveIgnoreKeyTextOutputFormat","parameters":null,"table":{"guid":"ad49c038-d837-48c0-b291-9c76edf9eab7","typeName":"hive_table"},"serdeInfo":{"typeName":"hive_serde","attributes":{"serializationLib":"org.apache.hadoop.hive.serde2.lazy.LazySimpleSerDe","name":null,"parameters":{"serialization.format":",","field.delim":","}}},"numBuckets":-1},"guid":"c99f1fe1-6f7e-466c-8373-e27bbeb71b63","status":"ACTIVE","createdBy":"hive","updatedBy":"hive","createTime":1524344994544,"updateTime":1524344994544,"version":0,"relationshipAttributes":{"meanings":[],"table":{"guid":"ad49c038-d837-48c0-b291-9c76edf9eab7","typeName":"hive_table","displayText":"claim_savings","relationshipGuid":"6f78f984-0730-4065-9075-41d589ebc61f","relationshipStatus":"ACTIVE","relationshipAttributes":{"typeName":"hive_table_storagedesc"}}}},"2a6d29a2-5851-4486-b774-42684be4b758":{"typeName":"hive_column","attributes":{"owner":"hive","qualifiedName":"cost_savings.claim_savings.costsavings@cl1","name":"costsavings","description":null,"comment":null,"position":4,"type":"int","table":{"guid":"ad49c038-d837-48c0-b291-9c76edf9eab7","typeName":"hive_table"}},"guid":"2a6d29a2-5851-4486-b774-42684be4b758","status":"ACTIVE","createdBy":"hive","updatedBy":"hive","createTime":1524344994544,"updateTime":1524345006481,"version":0,"relationshipAttributes":{"inputToProcesses":[{"guid":"4a430bb9-fbee-4496-9be3-7b10a47c5afe","typeName":"hive_column_lineage","displayText":"create view if not exists claim.claims_view as select * from cost_savings.claim_savings:costsavings","relationshipGuid":"7550c6c9-880a-416a-af67-1d72855bbe3b","relationshipStatus":"ACTIVE","relationshipAttributes":{"typeName":"dataset_process_inputs"}}],"meanings":[],"table":{"guid":"ad49c038-d837-48c0-b291-9c76edf9eab7","typeName":"hive_table","displayText":"claim_savings","relationshipGuid":"08942c41-3fa4-4b77-bdc5-61f665e813b3","relationshipStatus":"ACTIVE","relationshipAttributes":{"typeName":"hive_table_columns"}},"outputFromProcesses":[]}}},"entity":{"typeName":"hive_table","attributes":{"owner":"hive","temporary":false,"lastAccessTime":1524344994000,"aliases":null,"qualifiedName":"cost_savings.claim_savings@cl1","columns":[{"guid":"3515789b-6e82-4221-ae6b-c587addd6d43","typeName":"hive_column"},{"guid":"47a46f30-683a-408c-b6d2-ccff29c4ea3f","typeName":"hive_column"},{"guid":"4a636e8d-1640-4d73-976a-7fec3e5e303e","typeName":"hive_column"},{"guid":"754a3747-47c9-46ef-ab27-b3e3b1f65302","typeName":"hive_column"},{"guid":"2a6d29a2-5851-4486-b774-42684be4b758","typeName":"hive_column"},{"guid":"fd248029-1b02-4e4b-833a-1d29e4dd403a","typeName":"hive_column"},{"guid":"725a09b9-40dc-435e-8104-52a4cc81d6b3","typeName":"hive_column"},{"guid":"2818e124-da2e-4a40-aef2-1e628ed60ef8","typeName":"hive_column"}],"description":null,"viewExpandedText":null,"sd":{"guid":"c99f1fe1-6f7e-466c-8373-e27bbeb71b63","typeName":"hive_storagedesc"},"tableType":"EXTERNAL_TABLE","createTime":1524344994000,"name":"claim_savings","comment":"Claims Savings","partitionKeys":null,"parameters":{"transient_lastDdlTime":"1524344994","comment":"Claims Savings","totalSize":"6830","EXTERNAL":"TRUE","numFiles":"1"},"db":{"guid":"ba92120e-8fe8-4278-9a7e-41c454f6bba0","typeName":"hive_db"},"retention":0,"viewOriginalText":null},"guid":"ad49c038-d837-48c0-b291-9c76edf9eab7","status":"ACTIVE","createdBy":"hive","updatedBy":"hive","createTime":1524344994544,"updateTime":1524345006481,"version":0,"relationshipAttributes":{"inputToProcesses":[{"guid":"46b69867-3a52-4b27-aa51-02e2af16f590","typeName":"hive_process","displayText":"create view if not exists claim.claims_view as select * from cost_savings.claim_savings","relationshipGuid":"45e2efa3-9edd-4cea-8b0d-e902f7ab1807","relationshipStatus":"ACTIVE","relationshipAttributes":{"typeName":"dataset_process_inputs"}}],"sd":{"guid":"c99f1fe1-6f7e-466c-8373-e27bbeb71b63","typeName":"hive_storagedesc","displayText":"cost_savings.claim_savings@cl1_storage","relationshipGuid":"f8dbe223-78ce-4016-97f2-896fc679b17e","relationshipStatus":"ACTIVE","relationshipAttributes":{"typeName":"hive_table_storagedesc"}},"columns":[{"guid":"3515789b-6e82-4221-ae6b-c587addd6d43","typeName":"hive_column","displayText":"reportdate","relationshipGuid":"d6a72d3b-93de-4f3e-91ff-f12472ea2d19","relationshipStatus":"ACTIVE","relationshipAttributes":{"typeName":"hive_table_columns"}},{"guid":"754a3747-47c9-46ef-ab27-b3e3b1f65302","typeName":"hive_column","displayText":"claimid","relationshipGuid":"c7a15758-0372-4f66-b733-84292f03d748","relationshipStatus":"ACTIVE","relationshipAttributes":{"typeName":"hive_table_columns"}},{"guid":"47a46f30-683a-408c-b6d2-ccff29c4ea3f","typeName":"hive_column","displayText":"name","relationshipGuid":"fc44ff02-a817-4a56-8708-fbaabb8f6553","relationshipStatus":"ACTIVE","relationshipAttributes":{"typeName":"hive_table_columns"}},{"guid":"fd248029-1b02-4e4b-833a-1d29e4dd403a","typeName":"hive_column","displayText":"eligibilitycode","relationshipGuid":"2424eb73-95c6-4b6f-b290-73c4a34a0cd4","relationshipStatus":"ACTIVE","relationshipAttributes":{"typeName":"hive_table_columns"}},{"guid":"4a636e8d-1640-4d73-976a-7fec3e5e303e","typeName":"hive_column","displayText":"sequenceid","relationshipGuid":"1ef3c7f3-18c9-4998-845c-d8f06cbc4475","relationshipStatus":"ACTIVE","relationshipAttributes":{"typeName":"hive_table_columns"}},{"guid":"725a09b9-40dc-435e-8104-52a4cc81d6b3","typeName":"hive_column","displayText":"latitude","relationshipGuid":"b4a65457-b419-4a59-9f4b-2de88e451f91","relationshipStatus":"ACTIVE","relationshipAttributes":{"typeName":"hive_table_columns"}},{"guid":"2818e124-da2e-4a40-aef2-1e628ed60ef8","typeName":"hive_column","displayText":"longitude","relationshipGuid":"7e0d621e-9a86-4a70-9181-f1ecd7f140e2","relationshipStatus":"ACTIVE","relationshipAttributes":{"typeName":"hive_table_columns"}},{"guid":"2a6d29a2-5851-4486-b774-42684be4b758","typeName":"hive_column","displayText":"costsavings","relationshipGuid":"2d3b675c-175c-4a21-9171-ce4494f18ef4","relationshipStatus":"ACTIVE","relationshipAttributes":{"typeName":"hive_table_columns"}}],"partitionKeys":[],"meanings":[{"guid":"fc5c4f64-0822-4de5-94f0-1991c344d4f7","typeName":"AtlasGlossaryTerm","displayText":"Claim","relationshipGuid":"b5fcc36d-447f-4b92-9d5f-abb305cfb06a","relationshipStatus":"ACTIVE","relationshipAttributes":{"typeName":"AtlasGlossarySemanticAssignment","attributes":{"expression":null,"createdBy":null,"steward":null,"confidence":null,"description":null,"source":null,"status":null}}}],"db":{"guid":"ba92120e-8fe8-4278-9a7e-41c454f6bba0","typeName":"hive_db","displayText":"cost_savings","relationshipGuid":"76880c6f-fe41-4ec0-bb15-b2645d5c4335","relationshipStatus":"ACTIVE","relationshipAttributes":{"typeName":"hive_db_tables"}},"outputFromProcesses":[{"guid":"9ce64c80-d264-4114-94e8-84c28d4de20a","typeName":"hive_process","displayText":"create external table if not exists cost_savings.claim_savings(\nreportdate date\n, name string\n, sequenceid int\n, claimid int\n, costsavings int\n, eligibilitycode int\n, latitude decimal\n, longitude decimal\n) comment 'claims savings'\nrow format delimited\nfields terminated by ','\nstored as textfile\nlocation '/hive_data/cost_savings'","relationshipGuid":"cb539bba-204b-4865-be0d-1461661c406f","relationshipStatus":"ACTIVE","relationshipAttributes":{"typeName":"process_dataset_outputs"}}]},"classifications":[{"typeName":"INSURANCE","entityGuid":"fc5c4f64-0822-4de5-94f0-1991c344d4f7","propagate":true,"validityPeriods":[]},{"typeName":"DATA_QUALITY","attributes":{"score":0.51},"entityGuid":"ad49c038-d837-48c0-b291-9c76edf9eab7","propagate":true,"validityPeriods":[]}],"propagationDisabledClassifications":[]}}
