{"referredEntities":{},"entity":{"typeName":"AtlasGlossaryTerm","attributes":{"longDescription":"A fifth wheel and tire that is stored on or in a vehicle for use when one of the four tires in use becomes disabled.","examples":null,"qualifiedName":"Spare@Automotive","name":"Spare","usage":null,"shortDescription":"A fifth wheel and tire that is stored on or in a vehicle for use when one of the four tires in use becomes disabled.","abbreviation":null},"guid":"b1b9a0a3-f77b-41a3-b3da-d28085c63d29","status":"ACTIVE","createdBy":"admin","updatedBy":"admin","createTime":1524346000689,"updateTime":1524346000689,"version":0,"relationshipAttributes":{"translationTerms":[],"validValuesFor":[],"synonyms":[],"replacedBy":[],"validValues":[],"replacementTerms":[],"seeAlso":[],"translatedTerms":[],"isA":[],"anchor":{"guid":"0b8176c3-e288-45bb-9388-c77fe48c5604","typeName":"AtlasGlossary","displayText":"Automotive","relationshipGuid":"8433e12b-8611-4492-86a6-da4209d16534","relationshipStatus":"ACTIVE","relationshipAttributes":{"typeName":"AtlasGlossaryTermAnchor"}},"assignedEntities":[],"antonyms":[],"classifies":[],"categories":[],"preferredToTerms":[],"preferredTerms":[]}}}
