{"referredEntities":{},"entity":{"typeName":"AtlasGlossaryTerm","attributes":{"longDescription":"A person who investigates claims and recommends settlement options based on estimates of damage and insurance policies held.","examples":null,"qualifiedName":"Adjuster@Insurance","name":"Adjuster","usage":null,"shortDescription":"A person who investigates claims and recommends settlement options based on estimates of damage and insurance policies held.","abbreviation":null},"guid":"b6654a01-70e5-4da5-a3a9-fb6686017a19","status":"ACTIVE","createdBy":"admin","updatedBy":"admin","createTime":1524348993999,"updateTime":1524348993999,"version":0,"relationshipAttributes":{"translationTerms":[],"validValuesFor":[],"synonyms":[],"replacedBy":[],"validValues":[],"replacementTerms":[],"seeAlso":[],"translatedTerms":[],"isA":[],"anchor":{"guid":"e74875de-736b-42e2-9283-f697579d742c","typeName":"AtlasGlossary","displayText":"Insurance","relationshipGuid":"5600c335-045f-41e4-9da5-bda14974fba5","relationshipStatus":"ACTIVE","relationshipAttributes":{"typeName":"AtlasGlossaryTermAnchor"}},"assignedEntities":[],"antonyms":[],"classifies":[],"categories":[],"preferredToTerms":[],"preferredTerms":[]}}}
