{"referredEntities":{},"entity":{"typeName":"AtlasGlossaryTerm","attributes":{"longDescription":"A cushion that deploys and fills with air when a major impact occurs to reduce a vehicle occupants chances of coming in contact with the vehicles interior surfaces.","examples":null,"qualifiedName":"Airbags@Automotive","name":"Airbags","usage":null,"shortDescription":"A cushion that deploys and fills with air when a major impact occurs to reduce a vehicle occupants chances of coming in contact with the vehicles interior surfaces.","abbreviation":null},"guid":"b786c98d-be92-407c-a20d-12561b737f65","status":"ACTIVE","createdBy":"admin","updatedBy":"admin","createTime":1524345833085,"updateTime":1524345833085,"version":0,"relationshipAttributes":{"translationTerms":[],"validValuesFor":[],"synonyms":[],"replacedBy":[],"validValues":[],"replacementTerms":[],"seeAlso":[],"translatedTerms":[],"isA":[],"anchor":{"guid":"0b8176c3-e288-45bb-9388-c77fe48c5604","typeName":"AtlasGlossary","displayText":"Automotive","relationshipGuid":"79ac18ec-2487-45ad-98ce-87ef1a7d9369","relationshipStatus":"ACTIVE","relationshipAttributes":{"typeName":"AtlasGlossaryTermAnchor"}},"assignedEntities":[],"antonyms":[],"classifies":[],"categories":[],"preferredToTerms":[],"preferredTerms":[]}}}
