{"referredEntities":{},"entity":{"typeName":"AtlasGlossaryTerm","attributes":{"longDescription":"The maximum amount of weight a vehicle is capable of towing (according to its manufacturer).","examples":null,"qualifiedName":"Towing Capacity@Automotive","name":"Towing Capacity","usage":null,"shortDescription":"The maximum amount of weight a vehicle is capable of towing (according to its manufacturer).","abbreviation":null},"guid":"b8a340ba-4bf0-45f9-83df-475db2fde165","status":"ACTIVE","createdBy":"admin","updatedBy":"admin","createTime":1524346094158,"updateTime":1524346094158,"version":0,"relationshipAttributes":{"translationTerms":[],"validValuesFor":[],"synonyms":[],"replacedBy":[],"validValues":[],"replacementTerms":[],"seeAlso":[],"translatedTerms":[],"isA":[],"anchor":{"guid":"0b8176c3-e288-45bb-9388-c77fe48c5604","typeName":"AtlasGlossary","displayText":"Automotive","relationshipGuid":"0381ca34-b25d-4bd8-b90c-95c5fea8d645","relationshipStatus":"ACTIVE","relationshipAttributes":{"typeName":"AtlasGlossaryTermAnchor"}},"assignedEntities":[],"antonyms":[],"classifies":[],"categories":[],"preferredToTerms":[],"preferredTerms":[]}}}
