{"referredEntities":{},"entity":{"typeName":"AtlasGlossaryTerm","attributes":{"longDescription":"Life insurance that may be kept in force for the duration of a person's life and pays a benefit upon the person's death. Premiums are made for same time period.","examples":null,"qualifiedName":"Whole Life Insurance@Insurance","name":"Whole Life Insurance","usage":null,"shortDescription":"Life insurance that may be kept in force for the duration of a person's life and pays a benefit upon the person's death. Premiums are made for same time period.","abbreviation":null},"guid":"c1fa6acc-43b5-4856-8339-c0ea2bc6dcc3","status":"ACTIVE","createdBy":"admin","updatedBy":"admin","createTime":1524349820943,"updateTime":1524349820943,"version":0,"relationshipAttributes":{"translationTerms":[],"validValuesFor":[],"synonyms":[],"replacedBy":[],"validValues":[],"replacementTerms":[],"seeAlso":[],"translatedTerms":[],"isA":[],"anchor":{"guid":"e74875de-736b-42e2-9283-f697579d742c","typeName":"AtlasGlossary","displayText":"Insurance","relationshipGuid":"6648cbf2-844a-4e22-a751-f0f6a7d13810","relationshipStatus":"ACTIVE","relationshipAttributes":{"typeName":"AtlasGlossaryTermAnchor"}},"assignedEntities":[],"antonyms":[],"classifies":[],"categories":[],"preferredToTerms":[],"preferredTerms":[]}}}
