{"referredEntities":{},"entity":{"typeName":"AtlasGlossaryTerm","attributes":{"longDescription":"A hypothetical point at which all of the mass of an object acts as if it were concentrated. For a vehicle, the lower the center of gravity the less likely the vehicle will be to roll over when it is destabilized.","examples":null,"qualifiedName":"Center of Gravity@Automotive","name":"Center of Gravity","usage":null,"shortDescription":"A hypothetical point at which all of the mass of an object acts as if it were concentrated. For a vehicle, the lower the center of gravity the less likely the vehicle will be to roll over when it is destabilized.","abbreviation":null},"guid":"c4454bc2-6235-4922-b3a7-12eaa06f7961","status":"ACTIVE","createdBy":"admin","updatedBy":"admin","createTime":1524345964244,"updateTime":1524345964244,"version":0,"relationshipAttributes":{"translationTerms":[],"validValuesFor":[],"synonyms":[],"replacedBy":[],"validValues":[],"replacementTerms":[],"seeAlso":[],"translatedTerms":[],"isA":[],"anchor":{"guid":"0b8176c3-e288-45bb-9388-c77fe48c5604","typeName":"AtlasGlossary","displayText":"Automotive","relationshipGuid":"b89d11e4-51b7-4690-a4ef-f5b3d8325532","relationshipStatus":"ACTIVE","relationshipAttributes":{"typeName":"AtlasGlossaryTermAnchor"}},"assignedEntities":[],"antonyms":[],"classifies":[],"categories":[],"preferredToTerms":[],"preferredTerms":[]}}}
