{"referredEntities":{},"entity":{"typeName":"AtlasGlossaryTerm","attributes":{"longDescription":"A basis point is a hundredth of a percentage point, or 0.01% -- a key concept in discussing bond yields.","examples":null,"qualifiedName":"Basis Points@Finance","name":"Basis Points","usage":null,"shortDescription":"A basis point is a hundredth of a percentage point, or 0.01% -- a key concept in discussing bond yields.","abbreviation":null},"guid":"dced22c1-fa67-4c60-a917-3722557393dd","status":"ACTIVE","createdBy":"admin","updatedBy":"admin","createTime":1524346819562,"updateTime":1524346819562,"version":0,"relationshipAttributes":{"translationTerms":[],"validValuesFor":[],"synonyms":[],"replacedBy":[],"validValues":[],"replacementTerms":[],"seeAlso":[],"translatedTerms":[],"isA":[],"anchor":{"guid":"08fd5250-6bc1-4373-aa73-a50182b68d76","typeName":"AtlasGlossary","displayText":"Finance","relationshipGuid":"e816c73b-65ad-4abc-9a09-65752635ef37","relationshipStatus":"ACTIVE","relationshipAttributes":{"typeName":"AtlasGlossaryTermAnchor"}},"assignedEntities":[],"antonyms":[],"classifies":[],"categories":[],"preferredToTerms":[],"preferredTerms":[]}}}
