{"referredEntities":{},"entity":{"typeName":"AtlasGlossaryTerm","attributes":{"longDescription":"Investment-grade bonds issued by companies. Bonds issued by companies and rated below investment-grade are called high-yield, or junk, bonds.","examples":null,"qualifiedName":"Corporate Bonds@Finance","name":"Corporate Bonds","usage":null,"shortDescription":"Investment-grade bonds issued by companies. Bonds issued by companies and rated below investment-grade are called high-yield, or junk, bonds.","abbreviation":null},"guid":"dee9d69c-d2be-4066-a4ba-b4e63df69268","status":"ACTIVE","createdBy":"admin","updatedBy":"admin","createTime":1524347178149,"updateTime":1524347178149,"version":0,"relationshipAttributes":{"translationTerms":[],"validValuesFor":[],"synonyms":[],"replacedBy":[],"validValues":[],"replacementTerms":[],"seeAlso":[],"translatedTerms":[],"isA":[],"anchor":{"guid":"08fd5250-6bc1-4373-aa73-a50182b68d76","typeName":"AtlasGlossary","displayText":"Finance","relationshipGuid":"e9edfc2e-604c-45d3-8f79-643557db0055","relationshipStatus":"ACTIVE","relationshipAttributes":{"typeName":"AtlasGlossaryTermAnchor"}},"assignedEntities":[],"antonyms":[],"classifies":[],"categories":[],"preferredToTerms":[],"preferredTerms":[]}}}
