{"referredEntities":{},"entity":{"typeName":"AtlasGlossaryTerm","attributes":{"longDescription":"A measure of the variability of returns of an asset.","examples":null,"qualifiedName":"Volatility@Finance","name":"Volatility","usage":null,"shortDescription":"A measure of the variability of returns of an asset.","abbreviation":null},"guid":"e53f318f-71a4-4b26-bae8-fe8796da60a2","status":"ACTIVE","createdBy":"admin","updatedBy":"admin","createTime":1524348774844,"updateTime":1524348774844,"version":0,"relationshipAttributes":{"translationTerms":[],"validValuesFor":[],"synonyms":[],"replacedBy":[],"validValues":[],"replacementTerms":[],"seeAlso":[],"translatedTerms":[],"isA":[],"anchor":{"guid":"08fd5250-6bc1-4373-aa73-a50182b68d76","typeName":"AtlasGlossary","displayText":"Finance","relationshipGuid":"3d173fcf-4c75-4f60-b809-177c29dc01df","relationshipStatus":"ACTIVE","relationshipAttributes":{"typeName":"AtlasGlossaryTermAnchor"}},"assignedEntities":[],"antonyms":[],"classifies":[],"categories":[],"preferredToTerms":[],"preferredTerms":[]}}}
