{"referredEntities":{},"entity":{"typeName":"AtlasGlossary","attributes":{"longDescription":"Glossary for Insurance domain.\r\n\r\nReferences: http://naic.org/consumer_glossary.htm","qualifiedName":"Insurance","name":"Insurance","usage":null,"language":null,"shortDescription":"Glossary for Insurance domain"},"guid":"e74875de-736b-42e2-9283-f697579d742c","status":"ACTIVE","createdBy":"admin","updatedBy":"admin","createTime":1524345588390,"updateTime":1524346396933,"version":0,"relationshipAttributes":{"terms":[{"guid":"8fe646f7-4d20-4f6a-87fa-d784773490b2","typeName":"AtlasGlossaryTerm","displayText":"Term Insurance","relationshipGuid":"dc6ff179-ca54-407c-8394-191974039bdc","relationshipStatus":"ACTIVE","relationshipAttributes":{"typeName":"AtlasGlossaryTermAnchor"}},{"guid":"f9b60c8f-aaaf-4dd1-982e-0d2762fad0ce","typeName":"AtlasGlossaryTerm","displayText":"Actual Cash Value","relationshipGuid":"94b7f059-f6ec-4afd-be1d-c1ef6562a523","relationshipStatus":"ACTIVE","relationshipAttributes":{"typeName":"AtlasGlossaryTermAnchor"}},{"guid":"fc5c4f64-0822-4de5-94f0-1991c344d4f7","typeName":"AtlasGlossaryTerm","displayText":"Claim","relationshipGuid":"3da60373-0149-48cc-8eb2-f1edacee9a2e","relationshipStatus":"ACTIVE","relationshipAttributes":{"typeName":"AtlasGlossaryTermAnchor"}},{"guid":"4b07abbc-3039-4382-a16c-257d2446e497","typeName":"AtlasGlossaryTerm","displayText":"Agent","relationshipGuid":"150cc592-d145-4bac-9123-937860199d0e","relationshipStatus":"ACTIVE","relationshipAttributes":{"typeName":"AtlasGlossaryTermAnchor"}},{"guid":"917898a3-cd3b-470b-8ad3-906ddc6e4dc3","typeName":"AtlasGlossaryTerm","displayText":"Pure Risk","relationshipGuid":"7f278a44-b7d1-4e4c-a249-138ffcc45858","relationshipStatus":"ACTIVE","relationshipAttributes":{"typeName":"AtlasGlossaryTermAnchor"}},{"guid":"19bba79e-3176-40ff-9d3a-cec7c793ae01","typeName":"AtlasGlossaryTerm","displayText":"Annuity","relationshipGuid":"ace1e168-77ba-43ad-b1c9-82d1fff99e59","relationshipStatus":"ACTIVE","relationshipAttributes":{"typeName":"AtlasGlossaryTermAnchor"}},{"guid":"7674314c-70eb-4b5c-85a7-908e788dc76f","typeName":"AtlasGlossaryTerm","displayText":"Broker","relationshipGuid":"76a01237-837d-49ff-8df0-642a2ba4c2c1","relationshipStatus":"ACTIVE","relationshipAttributes":{"typeName":"AtlasGlossaryTermAnchor"}},{"guid":"563ced7e-388b-440d-83ca-4897463e6202","typeName":"AtlasGlossaryTerm","displayText":"Variable Annuity","relationshipGuid":"f17fd732-6856-4d09-90ac-92e8663f6d21","relationshipStatus":"ACTIVE","relationshipAttributes":{"typeName":"AtlasGlossaryTermAnchor"}},{"guid":"c1fa6acc-43b5-4856-8339-c0ea2bc6dcc3","typeName":"AtlasGlossaryTerm","displayText":"Whole Life Insurance","relationshipGuid":"6648cbf2-844a-4e22-a751-f0f6a7d13810","relationshipStatus":"ACTIVE","relationshipAttributes":{"typeName":"AtlasGlossaryTermAnchor"}},{"guid":"b6654a01-70e5-4da5-a3a9-fb6686017a19","typeName":"AtlasGlossaryTerm","displayText":"Adjuster","relationshipGuid":"5600c335-045f-41e4-9da5-bda14974fba5","relationshipStatus":"ACTIVE","relationshipAttributes":{"typeName":"AtlasGlossaryTermAnchor"}},{"guid":"9c15b4de-ac96-4d06-ad01-bde9675966b2","typeName":"AtlasGlossaryTerm","displayText":"Appraisal","relationshipGuid":"5dd6df11-b3c3-4779-9323-88e4b0e2f743","relationshipStatus":"ACTIVE","relationshipAttributes":{"typeName":"AtlasGlossaryTermAnchor"}},{"guid":"7706f250-93a0-45bb-895f-b3a86ac70420","typeName":"AtlasGlossaryTerm","displayText":"Morbidity Risk","relationshipGuid":"cb071e3f-fc7f-4d08-8659-7731db626aea","relationshipStatus":"ACTIVE","relationshipAttributes":{"typeName":"AtlasGlossaryTermAnchor"}},{"guid":"4f2c938f-e0e0-4364-bd93-9a63a80aa510","typeName":"AtlasGlossaryTerm","displayText":"Assessed Value","relationshipGuid":"f1f6ea30-c13f-459e-9f8e-b17b46afef31","relationshipStatus":"ACTIVE","relationshipAttributes":{"typeName":"AtlasGlossaryTermAnchor"}},{"guid":"f6a9a7c2-c059-40dd-8f8c-7f023c488be5","typeName":"AtlasGlossaryTerm","displayText":"Book Value","relationshipGuid":"f11ff7fe-e6c8-4c7d-8784-6584ce5a9e12","relationshipStatus":"ACTIVE","relationshipAttributes":{"typeName":"AtlasGlossaryTermAnchor"}},{"guid":"5bb8e445-2f04-4a98-91c6-1a2249659472","typeName":"AtlasGlossaryTerm","displayText":"Risk","relationshipGuid":"66f22a55-9424-4d40-9221-1db14e0d53dd","relationshipStatus":"ACTIVE","relationshipAttributes":{"typeName":"AtlasGlossaryTermAnchor"}},{"guid":"a5e4614e-51a8-4f06-af79-d7213296bc2e","typeName":"AtlasGlossaryTerm","displayText":"Unpaid Losses","relationshipGuid":"19e01f5b-d7c0-4f1b-a618-c00d27d82a7c","relationshipStatus":"ACTIVE","relationshipAttributes":{"typeName":"AtlasGlossaryTermAnchor"}},{"guid":"a5a0642c-105a-480d-b75d-73dc36d74802","typeName":"AtlasGlossaryTerm","displayText":"Standard Risk","relationshipGuid":"0f3c775f-691b-4153-b825-94415db3b4fe","relationshipStatus":"ACTIVE","relationshipAttributes":{"typeName":"AtlasGlossaryTermAnchor"}},{"guid":"9a897d88-c978-4ef8-b2d5-9a62195ac494","typeName":"AtlasGlossaryTerm","displayText":"Underwriter","relationshipGuid":"17d4e241-fa19-40f9-aa50-4b19f58df8ef","relationshipStatus":"ACTIVE","relationshipAttributes":{"typeName":"AtlasGlossaryTermAnchor"}}],"categories":[]}}}
