{"referredEntities":{},"entity":{"typeName":"AtlasGlossaryTerm","attributes":{"longDescription":"Sometimes referred to as a \"turbosupercharger.\" A device that uses an exhaust-driven turbine to force air into an internal-combustion engine in order to increase engine power.","examples":null,"qualifiedName":"Turbocharger@Automotive","name":"Turbocharger","usage":null,"shortDescription":"Sometimes referred to as a \"turbosupercharger.\" A device that uses an exhaust-driven turbine to force air into an internal-combustion engine in order to increase engine power.","abbreviation":null},"guid":"e99bbff4-1a01-430d-8da3-e214217b59fe","status":"ACTIVE","createdBy":"admin","updatedBy":"admin","createTime":1524346151058,"updateTime":1524346151058,"version":0,"relationshipAttributes":{"translationTerms":[],"validValuesFor":[],"synonyms":[],"replacedBy":[],"validValues":[],"replacementTerms":[],"seeAlso":[],"translatedTerms":[],"isA":[],"anchor":{"guid":"0b8176c3-e288-45bb-9388-c77fe48c5604","typeName":"AtlasGlossary","displayText":"Automotive","relationshipGuid":"91b4ee70-5d06-46f8-b88f-4739820e046f","relationshipStatus":"ACTIVE","relationshipAttributes":{"typeName":"AtlasGlossaryTermAnchor"}},"assignedEntities":[],"antonyms":[],"classifies":[],"categories":[],"preferredToTerms":[],"preferredTerms":[]}}}
