{"referredEntities":{},"entity":{"typeName":"AtlasGlossaryTerm","attributes":{"longDescription":"Cash generated, or burned, from company operations, prior to depreciation, amortization and other noncash charges. If the check is in the mail, it shouldn't be shown in cash flow.","examples":null,"qualifiedName":"Cash Flow@Finance","name":"Cash Flow","usage":null,"shortDescription":"Cash generated, or burned, from company operations, prior to depreciation, amortization and other noncash charges. If the check is in the mail, it shouldn't be shown in cash flow.","abbreviation":null},"guid":"f05cb86c-e33b-4df1-aeeb-32b904b70956","status":"ACTIVE","createdBy":"admin","updatedBy":"admin","createTime":1524347011782,"updateTime":1524347011782,"version":0,"relationshipAttributes":{"translationTerms":[],"validValuesFor":[],"synonyms":[],"replacedBy":[],"validValues":[],"replacementTerms":[],"seeAlso":[],"translatedTerms":[],"isA":[],"anchor":{"guid":"08fd5250-6bc1-4373-aa73-a50182b68d76","typeName":"AtlasGlossary","displayText":"Finance","relationshipGuid":"9c131679-965e-4cf6-bb85-7446fe1f123a","relationshipStatus":"ACTIVE","relationshipAttributes":{"typeName":"AtlasGlossaryTermAnchor"}},"assignedEntities":[],"antonyms":[],"classifies":[],"categories":[],"preferredToTerms":[],"preferredTerms":[]}}}
