{"referredEntities":{},"entity":{"typeName":"AtlasGlossaryTerm","attributes":{"longDescription":"An annuity is a retirement vehicle sold by insurance companies that provides the benefits of tax deferral and protects your principal. It sounds really great, and in some respects it is.","examples":null,"qualifiedName":"Annuity@Finance","name":"Annuity","usage":null,"shortDescription":"An annuity is a retirement vehicle sold by insurance companies that provides the benefits of tax deferral and protects your principal. It sounds really great, and in some respects it is.","abbreviation":null},"guid":"f6811524-c5b4-4e4f-9c23-0db1ce8a2c4f","status":"ACTIVE","createdBy":"admin","updatedBy":"admin","createTime":1524346745007,"updateTime":1524346745007,"version":0,"relationshipAttributes":{"translationTerms":[],"validValuesFor":[],"synonyms":[],"replacedBy":[],"validValues":[],"replacementTerms":[],"seeAlso":[],"translatedTerms":[],"isA":[],"anchor":{"guid":"08fd5250-6bc1-4373-aa73-a50182b68d76","typeName":"AtlasGlossary","displayText":"Finance","relationshipGuid":"0c434edb-802d-4420-83b6-33a5ce3a0caa","relationshipStatus":"ACTIVE","relationshipAttributes":{"typeName":"AtlasGlossaryTermAnchor"}},"assignedEntities":[],"antonyms":[],"classifies":[],"categories":[],"preferredToTerms":[],"preferredTerms":[]}}}
