{"referredEntities":{},"entity":{"typeName":"AtlasGlossaryTerm","attributes":{"longDescription":"Original cost, including capitalized acquisition costs and accumulated depreciation, unamortized premium and discount, deferred origination and commitment fees, direct write-downs, and increase/decrease by adjustment.","examples":null,"qualifiedName":"Book Value@Insurance","name":"Book Value","usage":null,"shortDescription":"Original cost, including capitalized acquisition costs and accumulated depreciation, unamortized premium and discount, deferred origination and commitment fees, direct write-downs, and increase/decrease by adjustment.","abbreviation":null},"guid":"f6a9a7c2-c059-40dd-8f8c-7f023c488be5","status":"ACTIVE","createdBy":"admin","updatedBy":"admin","createTime":1524349187782,"updateTime":1524349187782,"version":0,"relationshipAttributes":{"translationTerms":[],"validValuesFor":[],"synonyms":[],"replacedBy":[],"validValues":[],"replacementTerms":[],"seeAlso":[],"translatedTerms":[],"isA":[],"anchor":{"guid":"e74875de-736b-42e2-9283-f697579d742c","typeName":"AtlasGlossary","displayText":"Insurance","relationshipGuid":"f11ff7fe-e6c8-4c7d-8784-6584ce5a9e12","relationshipStatus":"ACTIVE","relationshipAttributes":{"typeName":"AtlasGlossaryTermAnchor"}},"assignedEntities":[],"antonyms":[],"classifies":[],"categories":[],"preferredToTerms":[],"preferredTerms":[]}}}
