{"referredEntities":{},"entity":{"typeName":"AtlasGlossaryTerm","attributes":{"longDescription":"Repayment value for indemnification due to loss or damage of property; in most cases it is replacement cost minus depreciation.","examples":null,"qualifiedName":"Actual Cash Value@Insurance","name":"Actual Cash Value","usage":null,"shortDescription":"Repayment value for indemnification due to loss or damage of property; in most cases it is replacement cost minus depreciation.","abbreviation":null},"guid":"f9b60c8f-aaaf-4dd1-982e-0d2762fad0ce","status":"ACTIVE","createdBy":"admin","updatedBy":"admin","createTime":1524348955858,"updateTime":1524348955858,"version":0,"relationshipAttributes":{"translationTerms":[],"validValuesFor":[],"synonyms":[],"replacedBy":[],"validValues":[],"replacementTerms":[],"seeAlso":[],"translatedTerms":[],"isA":[],"anchor":{"guid":"e74875de-736b-42e2-9283-f697579d742c","typeName":"AtlasGlossary","displayText":"Insurance","relationshipGuid":"94b7f059-f6ec-4afd-be1d-c1ef6562a523","relationshipStatus":"ACTIVE","relationshipAttributes":{"typeName":"AtlasGlossaryTermAnchor"}},"assignedEntities":[],"antonyms":[],"classifies":[],"categories":[],"preferredToTerms":[],"preferredTerms":[]}}}
