{"referredEntities":{},"entity":{"typeName":"AtlasGlossaryTerm","attributes":{"longDescription":"In its simplest and most common form, a bond is a security that pays its holder a fixed sum on a regular schedule for a fixed term.\r\n\r\nBonds are debt securities. Bond investors are lenders; bond issuers are borrowers. To issue a bond is to borrow money from investors for a fixed term at a fixed interest rate. At the end of the term, the issuer returns the principal portion of the loan.","examples":null,"qualifiedName":"Bond@Finance","name":"Bond","usage":null,"shortDescription":"In its simplest and most common form, a bond is a security that pays its holder a fixed sum on a regular schedule for a fixed term.","abbreviation":null},"guid":"f9c91f87-8833-426d-b1f1-406517d01ce6","status":"ACTIVE","createdBy":"admin","updatedBy":"admin","createTime":1524346923532,"updateTime":1524346923532,"version":0,"relationshipAttributes":{"translationTerms":[],"validValuesFor":[],"synonyms":[],"replacedBy":[],"validValues":[],"replacementTerms":[],"seeAlso":[],"translatedTerms":[],"isA":[],"anchor":{"guid":"08fd5250-6bc1-4373-aa73-a50182b68d76","typeName":"AtlasGlossary","displayText":"Finance","relationshipGuid":"e9ccc8bb-e37d-454c-b405-c1acb5ea7809","relationshipStatus":"ACTIVE","relationshipAttributes":{"typeName":"AtlasGlossaryTermAnchor"}},"assignedEntities":[],"antonyms":[],"classifies":[],"categories":[],"preferredToTerms":[],"preferredTerms":[]}}}
