{"referredEntities":{},"entity":{"typeName":"AtlasGlossaryTerm","attributes":{"longDescription":"A request made by the insured for insurer remittance of payment due to loss incurred and covered under the policy agreement.","examples":null,"qualifiedName":"Claim@Insurance","name":"Claim","usage":null,"shortDescription":"A request made by the insured for insurer remittance of payment due to loss incurred and covered under the policy agreement.","abbreviation":null},"guid":"fc5c4f64-0822-4de5-94f0-1991c344d4f7","status":"ACTIVE","createdBy":"admin","updatedBy":"admin","createTime":1524349523505,"updateTime":1524349523505,"version":0,"relationshipAttributes":{"translationTerms":[],"validValuesFor":[],"synonyms":[],"replacedBy":[],"validValues":[],"replacementTerms":[],"seeAlso":[],"translatedTerms":[],"isA":[],"anchor":{"guid":"e74875de-736b-42e2-9283-f697579d742c","typeName":"AtlasGlossary","displayText":"Insurance","relationshipGuid":"3da60373-0149-48cc-8eb2-f1edacee9a2e","relationshipStatus":"ACTIVE","relationshipAttributes":{"typeName":"AtlasGlossaryTermAnchor"}},"assignedEntities":[],"antonyms":[],"classifies":[],"categories":[],"preferredToTerms":[],"preferredTerms":[]},"classifications":[],"propagationDisabledClassifications":[]}}
