{"enumDefs":[{"category":"ENUM","guid":"3b9067f4-1adb-4b37-a4c5-1bb28258090c","createTime":1490750612048,"updateTime":1490750612048,"version":1,"name":"file_action","description":"file_action","typeVersion":"1.0","elementDefs":[{"value":"NONE","ordinal":0},{"value":"EXECUTE","ordinal":1},{"value":"WRITE","ordinal":2},{"value":"WRITE_EXECUTE","ordinal":3},{"value":"READ","ordinal":4},{"value":"READ_EXECUTE","ordinal":5},{"value":"READ_WRITE","ordinal":6},{"value":"ALL","ordinal":7}]}],"structDefs":[{"category":"STRUCT","guid":"678e8fc0-fe1d-4bd9-b305-f392fd1aa87f","createTime":1490750613115,"updateTime":1490750613115,"version":1,"name":"fs_permissions","description":"fs_permissions","typeVersion":"1.0","attributeDefs":[{"name":"group","typeName":"file_action","isOptional":false,"cardinality":"SINGLE","valuesMinCount":1,"valuesMaxCount":1,"isUnique":false,"isIndexable":true},{"name":"user","typeName":"file_action","isOptional":false,"cardinality":"SINGLE","valuesMinCount":1,"valuesMaxCount":1,"isUnique":false,"isIndexable":true},{"name":"sticky","typeName":"boolean","isOptional":false,"cardinality":"SINGLE","valuesMinCount":1,"valuesMaxCount":1,"isUnique":false,"isIndexable":true},{"name":"others","typeName":"file_action","isOptional":false,"cardinality":"SINGLE","valuesMinCount":1,"valuesMaxCount":1,"isUnique":false,"isIndexable":true}]}],"classificationDefs":[],"entityDefs":[{"category":"ENTITY","guid":"3dfb259a-153f-4947-9542-3d4d7bb4ef62","createTime":1490750614608,"updateTime":1490750614608,"version":1,"name":"hdfs_path","description":"hdfs_path","typeVersion":"1.0","attributeDefs":[{"name":"clusterName","typeName":"string","isOptional":true,"cardinality":"SINGLE","valuesMinCount":0,"valuesMaxCount":1,"isUnique":false,"isIndexable":true},{"name":"numberOfReplicas","typeName":"int","isOptional":true,"cardinality":"SINGLE","valuesMinCount":0,"valuesMaxCount":1,"isUnique":false,"isIndexable":true},{"name":"extendedAttributes","typeName":"map<string,string>","isOptional":true,"cardinality":"SINGLE","valuesMinCount":0,"valuesMaxCount":1,"isUnique":false,"isIndexable":false}],"superTypes":["fs_path"]},{"category":"ENTITY","guid":"6846dd15-fdaa-48bd-9b39-acdf13e06a35","createTime":1490750606924,"updateTime":1490750606924,"version":1,"name":"Referenceable","description":"Referenceable","typeVersion":"1.0","attributeDefs":[{"name":"qualifiedName","typeName":"string","isOptional":false,"cardinality":"SINGLE","valuesMinCount":1,"valuesMaxCount":1,"isUnique":true,"isIndexable":true}],"superTypes":[]},{"category":"ENTITY","guid":"8d01a334-7297-4891-aae4-86527131582a","createTime":1490750608500,"updateTime":1490750608500,"version":1,"name":"DataSet","description":"DataSet","typeVersion":"1.0","attributeDefs":[],"superTypes":["Referenceable","Asset"]},{"category":"ENTITY","guid":"ac2ba979-952d-45bf-a1d9-f71c8ea553ed","createTime":1490750607764,"updateTime":1490750607764,"version":1,"name":"Asset","description":"Asset","typeVersion":"1.0","attributeDefs":[{"name":"name","typeName":"string","isOptional":false,"cardinality":"SINGLE","valuesMinCount":1,"valuesMaxCount":1,"isUnique":false,"isIndexable":true},{"name":"description","typeName":"string","isOptional":true,"cardinality":"SINGLE","valuesMinCount":0,"valuesMaxCount":1,"isUnique":false,"isIndexable":false},{"name":"owner","typeName":"string","isOptional":true,"cardinality":"SINGLE","valuesMinCount":0,"valuesMaxCount":1,"isUnique":false,"isIndexable":true}],"superTypes":[]},{"category":"ENTITY","guid":"bcc4239f-33f8-420b-a78d-0aba49d01fd9","createTime":1490750613852,"updateTime":1490750613852,"version":1,"name":"fs_path","description":"fs_path","typeVersion":"1.0","attributeDefs":[{"name":"path","typeName":"string","isOptional":false,"cardinality":"SINGLE","valuesMinCount":1,"valuesMaxCount":1,"isUnique":false,"isIndexable":true},{"name":"createTime","typeName":"date","isOptional":true,"cardinality":"SINGLE","valuesMinCount":0,"valuesMaxCount":1,"isUnique":false,"isIndexable":true},{"name":"modifiedTime","typeName":"date","isOptional":true,"cardinality":"SINGLE","valuesMinCount":0,"valuesMaxCount":1,"isUnique":false,"isIndexable":true},{"name":"isFile","typeName":"boolean","isOptional":true,"cardinality":"SINGLE","valuesMinCount":0,"valuesMaxCount":1,"isUnique":false,"isIndexable":true},{"name":"isSymlink","typeName":"boolean","isOptional":true,"cardinality":"SINGLE","valuesMinCount":0,"valuesMaxCount":1,"isUnique":false,"isIndexable":false},{"name":"fileSize","typeName":"long","isOptional":true,"cardinality":"SINGLE","valuesMinCount":0,"valuesMaxCount":1,"isUnique":false,"isIndexable":false},{"name":"group","typeName":"string","isOptional":true,"cardinality":"SINGLE","valuesMinCount":0,"valuesMaxCount":1,"isUnique":false,"isIndexable":true},{"name":"posixPermissions","typeName":"fs_permissions","isOptional":true,"cardinality":"SINGLE","valuesMinCount":0,"valuesMaxCount":1,"isUnique":false,"isIndexable":true}],"superTypes":["DataSet"]}]}