{"referredEntities":{},"entity":{"typeName":"hive_column_lineage","attributes":{"owner":null,"outputs":[{"guid":"21822703-c000-42a4-848c-395bc9475fa2","typeName":"hive_column"}],"expression":null,"qualifiedName":"QUERY:hortoniabank.ww_customers@hdp:1523751089000->:INSERT:hortoniabank.ww_customers_trans@hdp:1523751175000:birthday","inputs":[{"guid":"50d40d30-6928-4a47-bba5-3afae7a815df","typeName":"hive_column"}],"query":{"guid":"e7a3d5bd-de7d-4011-a47d-7a74a327db49","typeName":"hive_process"},"name":"insert into hortoniabank.ww_customers_trans select * from hortoniabank.ww_customers:birthday","description":null,"depenendencyType":"SIMPLE"},"guid":"00a6e55f-1e43-4ebf-8f79-fcb1798fab46","status":"ACTIVE","createdBy":"hive","updatedBy":"hive","createTime":1523751202823,"updateTime":1523751202823,"version":0,"classifications":[]}}