{"referredEntities":{},"entity":{"typeName":"hive_column_lineage","attributes":{"owner":null,"outputs":[{"guid":"7c595d5d-b75a-455a-9103-ad5f225f903e","typeName":"hive_column"}],"expression":null,"qualifiedName":"QUERY:hortoniabank.ww_customers@hdp:1523751089000->:INSERT:hortoniabank.ww_customers_trans@hdp:1523751175000:nameset","inputs":[{"guid":"8e24065c-87d4-4948-a096-bfb621fb4b2a","typeName":"hive_column"}],"query":{"guid":"e7a3d5bd-de7d-4011-a47d-7a74a327db49","typeName":"hive_process"},"name":"insert into hortoniabank.ww_customers_trans select * from hortoniabank.ww_customers:nameset","description":null,"depenendencyType":"SIMPLE"},"guid":"00b18c46-89de-4ac9-9e45-dd00ef90cfd6","status":"ACTIVE","createdBy":"hive","updatedBy":"hive","createTime":1523751206252,"updateTime":1523751206252,"version":0,"classifications":[]}}