{"referredEntities":{},"entity":{"typeName":"hive_column_lineage","attributes":{"owner":null,"outputs":[{"guid":"36b79a50-aeb7-4090-b5fd-bf3165dc7b6b","typeName":"hive_column"}],"expression":null,"qualifiedName":"claim.prov_view@hdp:1523751096000:totaldischarges","inputs":[{"guid":"e729ab54-5580-448e-a291-58d20a1dab69","typeName":"hive_column"}],"query":{"guid":"6b51687d-2e08-42d8-a952-b0c4a98aa6ca","typeName":"hive_process"},"name":"create view if not exists claim.prov_view as select * from claim.provider_summary:totaldischarges","description":null,"depenendencyType":"SIMPLE"},"guid":"035965a5-5c32-404d-a9f3-8d56845fc0b7","status":"ACTIVE","createdBy":"hive","updatedBy":"hive","createTime":1523751124381,"updateTime":1523751124381,"version":0,"classifications":[]}}