{"referredEntities":{},"entity":{"typeName":"hive_column_lineage","attributes":{"owner":null,"outputs":[{"guid":"c257211c-bcca-46da-83c9-e8bbee94b084","typeName":"hive_column"}],"expression":null,"qualifiedName":"QUERY:hortoniabank.us_customers@hdp:1523751090000->:INSERT:hortoniabank.us_customers_trans@hdp:1523751182000:vehicle","inputs":[{"guid":"b04b3ac6-0e16-4e54-af69-1f815b0d6d72","typeName":"hive_column"}],"query":{"guid":"df02def0-8c93-4811-9290-8b8900990370","typeName":"hive_process"},"name":"insert into hortoniabank.us_customers_trans select * from hortoniabank.us_customers:vehicle","description":null,"depenendencyType":"SIMPLE"},"guid":"04206f31-92b8-4436-b9ee-1a8f855ebc83","status":"ACTIVE","createdBy":"hive","updatedBy":"hive","createTime":1523751234942,"updateTime":1523751234942,"version":0,"classifications":[]}}