{"referredEntities":{},"entity":{"typeName":"hive_column_lineage","attributes":{"owner":null,"outputs":[{"guid":"b52386d9-9ea0-4409-90bc-6be22a1f9b81","typeName":"hive_column"}],"expression":null,"qualifiedName":"QUERY:consent_master.consent_data@hdp:1523751099000->:INSERT:consent_master.consent_data_trans@hdp:1523751153000:loyaltyconsentstartdate","inputs":[{"guid":"08d92d7f-69f6-427b-aa6a-b710ed92539a","typeName":"hive_column"}],"query":{"guid":"0e9bc062-ff2d-45f6-9f1b-fdce372dfe41","typeName":"hive_process"},"name":"insert into consent_master.consent_data_trans select * from consent_master.consent_data:loyaltyconsentstartdate","description":null,"depenendencyType":"SIMPLE"},"guid":"07d0566d-2b95-43bc-9df3-5c7bbaeb3746","status":"ACTIVE","createdBy":"hive","updatedBy":"hive","createTime":1523751177450,"updateTime":1523751177450,"version":0,"classifications":[]}}