{"referredEntities":{},"entity":{"typeName":"hive_column_lineage","attributes":{"owner":null,"outputs":[{"guid":"1837959b-3f84-42c6-84d2-7120244e6d90","typeName":"hive_column"}],"expression":null,"qualifiedName":"QUERY:hortoniabank.ww_customers@hdp:1523751089000->:INSERT:hortoniabank.ww_customers_trans@hdp:1523751175000:age","inputs":[{"guid":"34b6463d-5d7d-41a1-84df-203bc1b479f7","typeName":"hive_column"}],"query":{"guid":"e7a3d5bd-de7d-4011-a47d-7a74a327db49","typeName":"hive_process"},"name":"insert into hortoniabank.ww_customers_trans select * from hortoniabank.ww_customers:age","description":null,"depenendencyType":"SIMPLE"},"guid":"0b8e3c64-a317-4a7c-a42a-6bfccae93418","status":"ACTIVE","createdBy":"hive","updatedBy":"hive","createTime":1523751220582,"updateTime":1523751220582,"version":0,"classifications":[]}}