{"referredEntities":{},"entity":{"typeName":"hive_column_lineage","attributes":{"owner":null,"outputs":[{"guid":"5c4709e0-45b6-4d19-875e-74d7484f17e0","typeName":"hive_column"}],"expression":null,"qualifiedName":"claim.claims_view@hdp:1523751097000:longitude","inputs":[{"guid":"ba144a6d-f51f-4c4e-ae41-80b0639865f3","typeName":"hive_column"}],"query":{"guid":"664c2ad5-9dfa-41d7-98ce-ad2f5a1638a6","typeName":"hive_process"},"name":"create view if not exists claim.claims_view as select * from cost_savings.claim_savings:longitude","description":null,"depenendencyType":"SIMPLE"},"guid":"0ca9ff9d-23ed-4d2b-9547-57227e677e12","status":"ACTIVE","createdBy":"hive","updatedBy":"hive","createTime":1523751128413,"updateTime":1523751128413,"version":0,"classifications":[]}}