{"referredEntities":{},"entity":{"typeName":"hive_process","attributes":{"owner":null,"outputs":[{"guid":"cb3b9fb5-a0dd-4bea-8c3a-195ac9926e63","typeName":"hive_table"}],"queryGraph":null,"recentQueries":["insert into consent_master.consent_data_trans select * from consent_master.consent_data"],"qualifiedName":"QUERY:consent_master.consent_data@hdp:1523751099000->:INSERT:consent_master.consent_data_trans@hdp:1523751153000","inputs":[{"guid":"2c8ed304-fc9b-454e-a3eb-7138be601a18","typeName":"hive_table"}],"description":null,"userName":"hive","queryId":"hive_20180415001233_9a891dee-5e73-4802-a213-7ba09fa08aef","clusterName":"hdp","name":"insert into consent_master.consent_data_trans select * from consent_master.consent_data","queryText":"insert into consent_master.consent_data_trans select * from consent_master.consent_data","startTime":1523751153774,"operationType":"QUERY","queryPlan":"Not Supported","endTime":1523751175382},"guid":"0e9bc062-ff2d-45f6-9f1b-fdce372dfe41","status":"ACTIVE","createdBy":"hive","updatedBy":"hive","createTime":1523751176418,"updateTime":1523751179802,"version":0,"classifications":[]}}