{"referredEntities":{},"entity":{"typeName":"hive_column_lineage","attributes":{"owner":null,"outputs":[{"guid":"780df397-a67a-4197-b5e7-ea3b0c5ac64e","typeName":"hive_column"}],"expression":null,"qualifiedName":"claim.prov_view@hdp:1523751096000:providercity","inputs":[{"guid":"78b22de3-9b1c-4f5d-a118-a7e9ad357776","typeName":"hive_column"}],"query":{"guid":"6b51687d-2e08-42d8-a952-b0c4a98aa6ca","typeName":"hive_process"},"name":"create view if not exists claim.prov_view as select * from claim.provider_summary:providercity","description":null,"depenendencyType":"SIMPLE"},"guid":"0f6514b3-9209-42a5-883e-efee4c002f27","status":"ACTIVE","createdBy":"hive","updatedBy":"hive","createTime":1523751125507,"updateTime":1523751125507,"version":0,"classifications":[]}}