{"referredEntities":{},"entity":{"typeName":"hive_column_lineage","attributes":{"owner":null,"outputs":[{"guid":"f9a8d37f-b9e8-4284-8022-8d6c37e8b76f","typeName":"hive_column"}],"expression":null,"qualifiedName":"QUERY:hortoniabank.us_customers@hdp:1523751090000->:INSERT:hortoniabank.us_customers_trans@hdp:1523751182000:telephonecountrycode","inputs":[{"guid":"ba58a2c1-9a4a-477d-a60f-d277ab856648","typeName":"hive_column"}],"query":{"guid":"df02def0-8c93-4811-9290-8b8900990370","typeName":"hive_process"},"name":"insert into hortoniabank.us_customers_trans select * from hortoniabank.us_customers:telephonecountrycode","description":null,"depenendencyType":"SIMPLE"},"guid":"0f81361a-3a0d-4520-96ff-023601b9c27f","status":"ACTIVE","createdBy":"hive","updatedBy":"hive","createTime":1523751250954,"updateTime":1523751250954,"version":0,"classifications":[]}}