{"referredEntities":{},"entity":{"typeName":"hive_column_lineage","attributes":{"owner":null,"outputs":[{"guid":"2c8a81b1-5e3f-4def-9af8-349359948936","typeName":"hive_column"}],"expression":null,"qualifiedName":"QUERY:hortoniabank.us_customers@hdp:1523751090000->:INSERT:hortoniabank.us_customers_trans@hdp:1523751182000:mrn","inputs":[{"guid":"c3ac05c9-4860-4fc9-b3c2-015491fc65a2","typeName":"hive_column"}],"query":{"guid":"df02def0-8c93-4811-9290-8b8900990370","typeName":"hive_process"},"name":"insert into hortoniabank.us_customers_trans select * from hortoniabank.us_customers:mrn","description":null,"depenendencyType":"SIMPLE"},"guid":"134aadfb-a649-4cd4-80d6-4c69a1cc97bf","status":"ACTIVE","createdBy":"hive","updatedBy":"hive","createTime":1523751240372,"updateTime":1523751240372,"version":0,"classifications":[]}}