{"referredEntities":{},"entity":{"typeName":"hive_column_lineage","attributes":{"owner":null,"outputs":[{"guid":"ddf10903-6c30-4c82-993f-feb3581ca6c9","typeName":"hive_column"}],"expression":null,"qualifiedName":"QUERY:hortoniabank.ww_customers@hdp:1523751089000->:INSERT:hortoniabank.ww_customers_trans@hdp:1523751175000:gender","inputs":[{"guid":"d32c5b8a-4494-41a2-9e5e-3463ea15b8a9","typeName":"hive_column"}],"query":{"guid":"e7a3d5bd-de7d-4011-a47d-7a74a327db49","typeName":"hive_process"},"name":"insert into hortoniabank.ww_customers_trans select * from hortoniabank.ww_customers:gender","description":null,"depenendencyType":"SIMPLE"},"guid":"14e0eae7-d8d8-4447-bed0-4550bb1cfb8f","status":"ACTIVE","createdBy":"hive","updatedBy":"hive","createTime":1523751211842,"updateTime":1523751211842,"version":0,"classifications":[]}}