{"referredEntities":{},"entity":{"typeName":"hive_process","attributes":{"owner":null,"outputs":[{"guid":"8daf4b73-5c0e-4f04-9f35-73cdf24c9a6c","typeName":"hive_table"}],"queryGraph":null,"recentQueries":["create external table if not exists finance.tax_2010 (\n                                   ssn string\n                                 , fed_tax int\n                                 , state_tax int\n                                 , local_tax int\n                                ) row format delimited\n                                  fields terminated by ','\n                                  stored as textfile\n                                  location '/hive_data/finance/tax_2010'"],"qualifiedName":"finance.tax_2010@hdp:1523751093000","inputs":[{"guid":"3828ab73-626e-4f42-ab0e-3d520ba58dce","typeName":"hdfs_path"}],"description":null,"userName":"hive","queryId":"hive_20180415001133_72d47e18-7095-47cd-9508-9ca280d67cdc","clusterName":"hdp","name":"create external table if not exists finance.tax_2010 (\n                                   ssn string\n                                 , fed_tax int\n                                 , state_tax int\n                                 , local_tax int\n                                ) row format delimited\n                                  fields terminated by ','\n                                  stored as textfile\n                                  location '/hive_data/finance/tax_2010'","queryText":"create external table if not exists finance.tax_2010 (\n                                   ssn string\n                                 , fed_tax int\n                                 , state_tax int\n                                 , local_tax int\n                                ) row format delimited\n                                  fields terminated by ','\n                                  stored as textfile\n                                  location '/hive_data/finance/tax_2010'","startTime":1523751093041,"operationType":"CREATETABLE","queryPlan":"Not Supported","endTime":1523751093532},"guid":"15bcc0f5-8851-40e6-b578-ad4587f3a145","status":"ACTIVE","createdBy":"hive","updatedBy":"hive","createTime":1523751108944,"updateTime":1523751108944,"version":0,"classifications":[]}}