{"referredEntities":{},"entity":{"typeName":"hive_column_lineage","attributes":{"owner":null,"outputs":[{"guid":"a4b17d2f-6079-4085-920f-37e47ae91092","typeName":"hive_column"}],"expression":null,"qualifiedName":"claim.prov_view@hdp:1523751096000:providerstate","inputs":[{"guid":"a019b472-ec57-49dd-adf2-e3ff2e05ce8d","typeName":"hive_column"}],"query":{"guid":"6b51687d-2e08-42d8-a952-b0c4a98aa6ca","typeName":"hive_process"},"name":"create view if not exists claim.prov_view as select * from claim.provider_summary:providerstate","description":null,"depenendencyType":"SIMPLE"},"guid":"1711c472-7d24-4e57-afc8-942616a76e3d","status":"ACTIVE","createdBy":"hive","updatedBy":"hive","createTime":1523751123944,"updateTime":1523751123944,"version":0,"classifications":[]}}