{"referredEntities":{},"entity":{"typeName":"hive_column_lineage","attributes":{"owner":null,"outputs":[{"guid":"eec95b20-f619-418a-b032-8e381b9411e3","typeName":"hive_column"}],"expression":null,"qualifiedName":"QUERY:hortoniabank.ww_customers@hdp:1523751089000->:INSERT:hortoniabank.ww_customers_trans@hdp:1523751175000:city","inputs":[{"guid":"a3ee4254-ae6f-4476-8abf-844a0fa8bcf3","typeName":"hive_column"}],"query":{"guid":"e7a3d5bd-de7d-4011-a47d-7a74a327db49","typeName":"hive_process"},"name":"insert into hortoniabank.ww_customers_trans select * from hortoniabank.ww_customers:city","description":null,"depenendencyType":"SIMPLE"},"guid":"172c4e2e-0373-4cbf-a178-6423b481b66c","status":"ACTIVE","createdBy":"hive","updatedBy":"hive","createTime":1523751217640,"updateTime":1523751217640,"version":0,"classifications":[]}}