{"referredEntities":{},"entity":{"typeName":"hive_column_lineage","attributes":{"owner":null,"outputs":[{"guid":"aafa0314-8442-4b6c-b3b0-cb93edb3146c","typeName":"hive_column"}],"expression":null,"qualifiedName":"QUERY:hortoniabank.ww_customers@hdp:1523751089000->:INSERT:hortoniabank.ww_customers_trans@hdp:1523751175000:username","inputs":[{"guid":"6e6d46de-0d15-4bbe-bb8b-9c4bdad07098","typeName":"hive_column"}],"query":{"guid":"e7a3d5bd-de7d-4011-a47d-7a74a327db49","typeName":"hive_process"},"name":"insert into hortoniabank.ww_customers_trans select * from hortoniabank.ww_customers:username","description":null,"depenendencyType":"SIMPLE"},"guid":"17b3342c-7b40-46d1-807e-2511e6dfc494","status":"ACTIVE","createdBy":"hive","updatedBy":"hive","createTime":1523751195769,"updateTime":1523751195769,"version":0,"classifications":[]}}