{"referredEntities":{},"entity":{"typeName":"hive_column_lineage","attributes":{"owner":null,"outputs":[{"guid":"30aeba1c-67f4-4ea6-84e4-14b525c97c13","typeName":"hive_column"}],"expression":null,"qualifiedName":"QUERY:hortoniabank.ww_customers@hdp:1523751089000->:INSERT:hortoniabank.ww_customers_trans@hdp:1523751175000:height","inputs":[{"guid":"a7ca5d99-e245-4693-b247-9065e0510c86","typeName":"hive_column"}],"query":{"guid":"e7a3d5bd-de7d-4011-a47d-7a74a327db49","typeName":"hive_process"},"name":"insert into hortoniabank.ww_customers_trans select * from hortoniabank.ww_customers:height","description":null,"depenendencyType":"SIMPLE"},"guid":"19b37ddf-9999-4045-a6d8-5c9095562fcb","status":"ACTIVE","createdBy":"hive","updatedBy":"hive","createTime":1523751213950,"updateTime":1523751213950,"version":0,"classifications":[]}}