{"referredEntities":{},"entity":{"typeName":"hive_column_lineage","attributes":{"owner":null,"outputs":[{"guid":"2fff0e19-3137-4f64-b44a-ff17934bb06b","typeName":"hive_column"}],"expression":null,"qualifiedName":"QUERY:hortoniabank.us_customers@hdp:1523751090000->:INSERT:hortoniabank.us_customers_trans@hdp:1523751182000:birthday","inputs":[{"guid":"982b7429-893b-42ba-816a-ad848c3329ef","typeName":"hive_column"}],"query":{"guid":"df02def0-8c93-4811-9290-8b8900990370","typeName":"hive_process"},"name":"insert into hortoniabank.us_customers_trans select * from hortoniabank.us_customers:birthday","description":null,"depenendencyType":"SIMPLE"},"guid":"19bd8f40-c22e-4f72-8432-ad4393483128","status":"ACTIVE","createdBy":"hive","updatedBy":"hive","createTime":1523751237260,"updateTime":1523751237260,"version":0,"classifications":[]}}