{"referredEntities":{"ade624f0-843c-4aa0-95e8-34675c714ede":{"typeName":"hive_column","attributes":{"owner":"hive","qualifiedName":"hortoniabank.us_customers.givenname@hdp","name":"givenname","description":null,"comment":null,"position":3,"type":"string","table":{"guid":"19ea84c2-766d-4da4-a6c9-50f58e343311","typeName":"hive_table"}},"guid":"ade624f0-843c-4aa0-95e8-34675c714ede","status":"ACTIVE","createdBy":"hive","updatedBy":"hive","createTime":1523751103869,"updateTime":1523751262698,"version":0,"classifications":[]},"ac3515f8-b19a-4024-b0a7-3552c051cb48":{"typeName":"hive_column","attributes":{"owner":"hive","qualifiedName":"hortoniabank.us_customers.number@hdp","name":"number","description":null,"comment":null,"position":0,"type":"string","table":{"guid":"19ea84c2-766d-4da4-a6c9-50f58e343311","typeName":"hive_table"}},"guid":"ac3515f8-b19a-4024-b0a7-3552c051cb48","status":"ACTIVE","createdBy":"hive","updatedBy":"hive","createTime":1523751103869,"updateTime":1523751262698,"version":0,"classifications":[]},"2e432b03-3bb1-4212-a1da-5085fd6b7a26":{"typeName":"hive_column","attributes":{"owner":"hive","qualifiedName":"hortoniabank.us_customers.username@hdp","name":"username","description":null,"comment":null,"position":14,"type":"string","table":{"guid":"19ea84c2-766d-4da4-a6c9-50f58e343311","typeName":"hive_table"}},"guid":"2e432b03-3bb1-4212-a1da-5085fd6b7a26","status":"ACTIVE","createdBy":"hive","updatedBy":"hive","createTime":1523751103869,"updateTime":1523751262698,"version":0,"classifications":[]},"8903f7bc-8999-44eb-93d1-f1676db7b35d":{"typeName":"hive_column","attributes":{"owner":"hive","qualifiedName":"hortoniabank.us_customers.latitude@hdp","name":"latitude","description":null,"comment":null,"position":37,"type":"double","table":{"guid":"19ea84c2-766d-4da4-a6c9-50f58e343311","typeName":"hive_table"}},"guid":"8903f7bc-8999-44eb-93d1-f1676db7b35d","status":"ACTIVE","createdBy":"hive","updatedBy":"hive","createTime":1523751103869,"updateTime":1523751262698,"version":0,"classifications":[]},"810844a2-6e86-47ce-b7f1-5e1b67afaae4":{"typeName":"hive_column","attributes":{"owner":"hive","qualifiedName":"hortoniabank.us_customers.bloodtype@hdp","name":"bloodtype","description":null,"comment":null,"position":34,"type":"string","table":{"guid":"19ea84c2-766d-4da4-a6c9-50f58e343311","typeName":"hive_table"}},"guid":"810844a2-6e86-47ce-b7f1-5e1b67afaae4","status":"ACTIVE","createdBy":"hive","updatedBy":"hive","createTime":1523751103869,"updateTime":1523751262698,"version":0,"classifications":[]},"fecf0a14-daac-48b9-a392-2103478e0b4d":{"typeName":"hive_column","attributes":{"owner":"hive","qualifiedName":"hortoniabank.us_customers.height@hdp","name":"height","description":null,"comment":null,"position":36,"type":"int","table":{"guid":"19ea84c2-766d-4da4-a6c9-50f58e343311","typeName":"hive_table"}},"guid":"fecf0a14-daac-48b9-a392-2103478e0b4d","status":"ACTIVE","createdBy":"hive","updatedBy":"hive","createTime":1523751103869,"updateTime":1523751262698,"version":0,"classifications":[]},"43c38449-a360-4024-afed-53ac4824f0b8":{"typeName":"hive_column","attributes":{"owner":"hive","qualifiedName":"hortoniabank.us_customers.gender@hdp","name":"gender","description":null,"comment":null,"position":1,"type":"string","table":{"guid":"19ea84c2-766d-4da4-a6c9-50f58e343311","typeName":"hive_table"}},"guid":"43c38449-a360-4024-afed-53ac4824f0b8","status":"ACTIVE","createdBy":"hive","updatedBy":"hive","createTime":1523751103869,"updateTime":1523751262698,"version":0,"classifications":[]},"226143b4-26f6-4409-8cd1-7b3f2a954847":{"typeName":"hive_column","attributes":{"owner":"hive","qualifiedName":"hortoniabank.us_customers.mothersmaiden@hdp","name":"mothersmaiden","description":null,"comment":null,"position":18,"type":"string","table":{"guid":"19ea84c2-766d-4da4-a6c9-50f58e343311","typeName":"hive_table"}},"guid":"226143b4-26f6-4409-8cd1-7b3f2a954847","status":"ACTIVE","createdBy":"hive","updatedBy":"hive","createTime":1523751103869,"updateTime":1523751262698,"version":0,"classifications":[]},"d893f04e-1788-4b79-ad35-035ab840ef67":{"typeName":"hive_storagedesc","attributes":{"bucketCols":null,"qualifiedName":"hortoniabank.us_customers@hdp_storage","sortCols":null,"storedAsSubDirectories":false,"location":"hdfs://abajwa-dws-hortonia-ref0.field.hortonworks.com:8020/hive_data/hortoniabank/us_customers","compressed":false,"inputFormat":"org.apache.hadoop.mapred.TextInputFormat","outputFormat":"org.apache.hadoop.hive.ql.io.HiveIgnoreKeyTextOutputFormat","parameters":null,"table":{"guid":"19ea84c2-766d-4da4-a6c9-50f58e343311","typeName":"hive_table"},"serdeInfo":{"typeName":"hive_serde","attributes":{"serializationLib":"org.apache.hadoop.hive.serde2.lazy.LazySimpleSerDe","name":null,"parameters":{"serialization.format":",","field.delim":","}}},"numBuckets":-1},"guid":"d893f04e-1788-4b79-ad35-035ab840ef67","status":"ACTIVE","createdBy":"hive","updatedBy":"hive","createTime":1523751103869,"updateTime":1523751262698,"version":0,"classifications":[]},"69db7fc4-3166-4b47-b1d6-6c51f98a6daf":{"typeName":"hive_column","attributes":{"owner":"hive","qualifiedName":"hortoniabank.us_customers.statefull@hdp","name":"statefull","description":null,"comment":null,"position":9,"type":"string","table":{"guid":"19ea84c2-766d-4da4-a6c9-50f58e343311","typeName":"hive_table"}},"guid":"69db7fc4-3166-4b47-b1d6-6c51f98a6daf","status":"ACTIVE","createdBy":"hive","updatedBy":"hive","createTime":1523751103869,"updateTime":1523751262698,"version":0,"classifications":[]},"8694a77d-6876-42ec-8a0e-f325534d3683":{"typeName":"hive_column","attributes":{"owner":"hive","qualifiedName":"hortoniabank.us_customers.nationalid@hdp","name":"nationalid","description":null,"comment":null,"position":26,"type":"string","table":{"guid":"19ea84c2-766d-4da4-a6c9-50f58e343311","typeName":"hive_table"}},"guid":"8694a77d-6876-42ec-8a0e-f325534d3683","status":"ACTIVE","createdBy":"hive","updatedBy":"hive","createTime":1523751103869,"updateTime":1523751262698,"version":0,"classifications":[]},"daf19b04-ad5d-4990-8a32-198f96f2479d":{"typeName":"hive_column","attributes":{"owner":"hive","qualifiedName":"hortoniabank.us_customers.title@hdp","name":"title","description":null,"comment":null,"position":2,"type":"string","table":{"guid":"19ea84c2-766d-4da4-a6c9-50f58e343311","typeName":"hive_table"}},"guid":"daf19b04-ad5d-4990-8a32-198f96f2479d","status":"ACTIVE","createdBy":"hive","updatedBy":"hive","createTime":1523751103869,"updateTime":1523751262698,"version":0,"classifications":[]},"6cd7bf39-417e-455a-a3cf-8041bcf419d3":{"typeName":"hive_column","attributes":{"owner":"hive","qualifiedName":"hortoniabank.us_customers.emailaddress@hdp","name":"emailaddress","description":null,"comment":null,"position":13,"type":"string","table":{"guid":"19ea84c2-766d-4da4-a6c9-50f58e343311","typeName":"hive_table"}},"guid":"6cd7bf39-417e-455a-a3cf-8041bcf419d3","status":"ACTIVE","createdBy":"hive","updatedBy":"hive","createTime":1523751103869,"updateTime":1523751262698,"version":0,"classifications":[]},"c6d687e2-adda-47ad-9ff1-c973afd9e079":{"typeName":"hive_column","attributes":{"owner":"hive","qualifiedName":"hortoniabank.us_customers.tropicalzodiac@hdp","name":"tropicalzodiac","description":null,"comment":null,"position":21,"type":"string","table":{"guid":"19ea84c2-766d-4da4-a6c9-50f58e343311","typeName":"hive_table"}},"guid":"c6d687e2-adda-47ad-9ff1-c973afd9e079","status":"ACTIVE","createdBy":"hive","updatedBy":"hive","createTime":1523751103869,"updateTime":1523751262698,"version":0,"classifications":[]},"9769e248-bf35-4bb6-b451-09c70916b6db":{"typeName":"hive_column","attributes":{"owner":"hive","qualifiedName":"hortoniabank.us_customers.cvv2@hdp","name":"cvv2","description":null,"comment":null,"position":24,"type":"string","table":{"guid":"19ea84c2-766d-4da4-a6c9-50f58e343311","typeName":"hive_table"}},"guid":"9769e248-bf35-4bb6-b451-09c70916b6db","status":"ACTIVE","createdBy":"hive","updatedBy":"hive","createTime":1523751103869,"updateTime":1523751262698,"version":0,"classifications":[]},"6a0a5dc3-fc18-43ea-a1b2-ce1772422c3c":{"typeName":"hive_column","attributes":{"owner":"hive","qualifiedName":"hortoniabank.us_customers.zipcode@hdp","name":"zipcode","description":null,"comment":null,"position":10,"type":"string","table":{"guid":"19ea84c2-766d-4da4-a6c9-50f58e343311","typeName":"hive_table"}},"guid":"6a0a5dc3-fc18-43ea-a1b2-ce1772422c3c","status":"ACTIVE","createdBy":"hive","updatedBy":"hive","createTime":1523751103869,"updateTime":1523751262698,"version":0,"classifications":[]},"f9479efa-35b0-4372-89d0-7b47e4f7bc47":{"typeName":"hive_column","attributes":{"owner":"hive","qualifiedName":"hortoniabank.us_customers.company@hdp","name":"company","description":null,"comment":null,"position":31,"type":"string","table":{"guid":"19ea84c2-766d-4da4-a6c9-50f58e343311","typeName":"hive_table"}},"guid":"f9479efa-35b0-4372-89d0-7b47e4f7bc47","status":"ACTIVE","createdBy":"hive","updatedBy":"hive","createTime":1523751103869,"updateTime":1523751262698,"version":0,"classifications":[]},"601b8071-be15-4da0-8913-d00e14f37f89":{"typeName":"hive_column","attributes":{"owner":"hive","qualifiedName":"hortoniabank.us_customers.occupation@hdp","name":"occupation","description":null,"comment":null,"position":30,"type":"string","table":{"guid":"19ea84c2-766d-4da4-a6c9-50f58e343311","typeName":"hive_table"}},"guid":"601b8071-be15-4da0-8913-d00e14f37f89","status":"ACTIVE","createdBy":"hive","updatedBy":"hive","createTime":1523751103869,"updateTime":1523751262698,"version":0,"classifications":[]},"ba58a2c1-9a4a-477d-a60f-d277ab856648":{"typeName":"hive_column","attributes":{"owner":"hive","qualifiedName":"hortoniabank.us_customers.telephonecountrycode@hdp","name":"telephonecountrycode","description":null,"comment":null,"position":17,"type":"string","table":{"guid":"19ea84c2-766d-4da4-a6c9-50f58e343311","typeName":"hive_table"}},"guid":"ba58a2c1-9a4a-477d-a60f-d277ab856648","status":"ACTIVE","createdBy":"hive","updatedBy":"hive","createTime":1523751103869,"updateTime":1523751262698,"version":0,"classifications":[]},"5e70075a-6060-4491-8f92-e7dc74b130a0":{"typeName":"hive_column","attributes":{"owner":"hive","qualifiedName":"hortoniabank.us_customers.eyecolor@hdp","name":"eyecolor","description":null,"comment":null,"position":29,"type":"string","table":{"guid":"19ea84c2-766d-4da4-a6c9-50f58e343311","typeName":"hive_table"}},"guid":"5e70075a-6060-4491-8f92-e7dc74b130a0","status":"ACTIVE","createdBy":"hive","updatedBy":"hive","createTime":1523751103869,"updateTime":1523751262698,"version":0,"classifications":[]},"b0549f13-b5b3-4ffc-af1d-572a99554cc9":{"typeName":"hive_column","attributes":{"owner":"hive","qualifiedName":"hortoniabank.us_customers.domain@hdp","name":"domain","description":null,"comment":null,"position":33,"type":"string","table":{"guid":"19ea84c2-766d-4da4-a6c9-50f58e343311","typeName":"hive_table"}},"guid":"b0549f13-b5b3-4ffc-af1d-572a99554cc9","status":"ACTIVE","createdBy":"hive","updatedBy":"hive","createTime":1523751103869,"updateTime":1523751262698,"version":0,"classifications":[]},"c1c959a9-f3b8-4c82-8729-c80b9f2ce700":{"typeName":"hive_column","attributes":{"owner":"hive","qualifiedName":"hortoniabank.us_customers.city@hdp","name":"city","description":null,"comment":null,"position":7,"type":"string","table":{"guid":"19ea84c2-766d-4da4-a6c9-50f58e343311","typeName":"hive_table"}},"guid":"c1c959a9-f3b8-4c82-8729-c80b9f2ce700","status":"ACTIVE","createdBy":"hive","updatedBy":"hive","createTime":1523751103869,"updateTime":1523751262698,"version":0,"classifications":[]},"b04b3ac6-0e16-4e54-af69-1f815b0d6d72":{"typeName":"hive_column","attributes":{"owner":"hive","qualifiedName":"hortoniabank.us_customers.vehicle@hdp","name":"vehicle","description":null,"comment":null,"position":32,"type":"string","table":{"guid":"19ea84c2-766d-4da4-a6c9-50f58e343311","typeName":"hive_table"}},"guid":"b04b3ac6-0e16-4e54-af69-1f815b0d6d72","status":"ACTIVE","createdBy":"hive","updatedBy":"hive","createTime":1523751103869,"updateTime":1523751262698,"version":0,"classifications":[]},"31b7f551-b219-43c9-8aa4-c6225101797b":{"typeName":"hive_column","attributes":{"owner":"hive","qualifiedName":"hortoniabank.us_customers.middleinitial@hdp","name":"middleinitial","description":null,"comment":null,"position":4,"type":"string","table":{"guid":"19ea84c2-766d-4da4-a6c9-50f58e343311","typeName":"hive_table"}},"guid":"31b7f551-b219-43c9-8aa4-c6225101797b","status":"ACTIVE","createdBy":"hive","updatedBy":"hive","createTime":1523751103869,"updateTime":1523751262698,"version":0,"classifications":[]},"bec5d9b1-d2b2-4807-ab2f-c4cbba9e1ad5":{"typeName":"hive_column","attributes":{"owner":"hive","qualifiedName":"hortoniabank.us_customers.password@hdp","name":"password","description":null,"comment":null,"position":15,"type":"string","table":{"guid":"19ea84c2-766d-4da4-a6c9-50f58e343311","typeName":"hive_table"}},"guid":"bec5d9b1-d2b2-4807-ab2f-c4cbba9e1ad5","status":"ACTIVE","createdBy":"hive","updatedBy":"hive","createTime":1523751103869,"updateTime":1523751262698,"version":0,"classifications":[{"typeName":"PII","attributes":{"type":"Password"}}]},"01242f06-e4be-46a7-a83d-bfcc86ee5218":{"typeName":"hive_column","attributes":{"owner":"hive","qualifiedName":"hortoniabank.us_customers.ccnumber@hdp","name":"ccnumber","description":null,"comment":null,"position":23,"type":"string","table":{"guid":"19ea84c2-766d-4da4-a6c9-50f58e343311","typeName":"hive_table"}},"guid":"01242f06-e4be-46a7-a83d-bfcc86ee5218","status":"ACTIVE","createdBy":"hive","updatedBy":"hive","createTime":1523751103869,"updateTime":1523751262698,"version":0,"classifications":[]},"d15b8228-8ec6-4184-9fa0-4ec14ff05d8d":{"typeName":"hive_column","attributes":{"owner":"hive","qualifiedName":"hortoniabank.us_customers.ccexpires@hdp","name":"ccexpires","description":null,"comment":null,"position":25,"type":"string","table":{"guid":"19ea84c2-766d-4da4-a6c9-50f58e343311","typeName":"hive_table"}},"guid":"d15b8228-8ec6-4184-9fa0-4ec14ff05d8d","status":"ACTIVE","createdBy":"hive","updatedBy":"hive","createTime":1523751103869,"updateTime":1523751262698,"version":0,"classifications":[]},"9aa5d5db-79f4-4117-9a82-8b409b41706e":{"typeName":"hive_column","attributes":{"owner":"hive","qualifiedName":"hortoniabank.us_customers.weight@hdp","name":"weight","description":null,"comment":null,"position":35,"type":"double","table":{"guid":"19ea84c2-766d-4da4-a6c9-50f58e343311","typeName":"hive_table"}},"guid":"9aa5d5db-79f4-4117-9a82-8b409b41706e","status":"ACTIVE","createdBy":"hive","updatedBy":"hive","createTime":1523751103869,"updateTime":1523751262698,"version":0,"classifications":[]},"dba78c7c-a28d-4933-aeab-3c8543dc05de":{"typeName":"hive_column","attributes":{"owner":"hive","qualifiedName":"hortoniabank.us_customers.surname@hdp","name":"surname","description":null,"comment":null,"position":5,"type":"string","table":{"guid":"19ea84c2-766d-4da4-a6c9-50f58e343311","typeName":"hive_table"}},"guid":"dba78c7c-a28d-4933-aeab-3c8543dc05de","status":"ACTIVE","createdBy":"hive","updatedBy":"hive","createTime":1523751103869,"updateTime":1523751262698,"version":0,"classifications":[]},"7c45b494-fce3-41dc-aa82-5717bb646c92":{"typeName":"hive_column","attributes":{"owner":"hive","qualifiedName":"hortoniabank.us_customers.state@hdp","name":"state","description":null,"comment":null,"position":8,"type":"string","table":{"guid":"19ea84c2-766d-4da4-a6c9-50f58e343311","typeName":"hive_table"}},"guid":"7c45b494-fce3-41dc-aa82-5717bb646c92","status":"ACTIVE","createdBy":"hive","updatedBy":"hive","createTime":1523751103869,"updateTime":1523751262698,"version":0,"classifications":[]},"3750c38f-bb43-41e4-8040-8d0b01341038":{"typeName":"hive_column","attributes":{"owner":"hive","qualifiedName":"hortoniabank.us_customers.country@hdp","name":"country","description":null,"comment":null,"position":11,"type":"string","table":{"guid":"19ea84c2-766d-4da4-a6c9-50f58e343311","typeName":"hive_table"}},"guid":"3750c38f-bb43-41e4-8040-8d0b01341038","status":"ACTIVE","createdBy":"hive","updatedBy":"hive","createTime":1523751103869,"updateTime":1523751262698,"version":0,"classifications":[]},"2c7cbb61-07b6-4bb7-89de-4795e7c658af":{"typeName":"hive_column","attributes":{"owner":"hive","qualifiedName":"hortoniabank.us_customers.countryfull@hdp","name":"countryfull","description":null,"comment":null,"position":12,"type":"string","table":{"guid":"19ea84c2-766d-4da4-a6c9-50f58e343311","typeName":"hive_table"}},"guid":"2c7cbb61-07b6-4bb7-89de-4795e7c658af","status":"ACTIVE","createdBy":"hive","updatedBy":"hive","createTime":1523751103869,"updateTime":1523751262698,"version":0,"classifications":[]},"bd46cd89-4d12-447d-9607-1168e02cde89":{"typeName":"hive_column","attributes":{"owner":"hive","qualifiedName":"hortoniabank.us_customers.insuranceid@hdp","name":"insuranceid","description":null,"comment":null,"position":28,"type":"string","table":{"guid":"19ea84c2-766d-4da4-a6c9-50f58e343311","typeName":"hive_table"}},"guid":"bd46cd89-4d12-447d-9607-1168e02cde89","status":"ACTIVE","createdBy":"hive","updatedBy":"hive","createTime":1523751103869,"updateTime":1523751262698,"version":0,"classifications":[]},"358ac2a5-fca9-42b8-8f6e-5f594b2ff1aa":{"typeName":"hive_column","attributes":{"owner":"hive","qualifiedName":"hortoniabank.us_customers.streetaddress@hdp","name":"streetaddress","description":null,"comment":null,"position":6,"type":"string","table":{"guid":"19ea84c2-766d-4da4-a6c9-50f58e343311","typeName":"hive_table"}},"guid":"358ac2a5-fca9-42b8-8f6e-5f594b2ff1aa","status":"ACTIVE","createdBy":"hive","updatedBy":"hive","createTime":1523751103869,"updateTime":1523751262698,"version":0,"classifications":[]},"3cf67985-ed3b-4e4a-a17c-96ef0f17449c":{"typeName":"hive_column","attributes":{"owner":"hive","qualifiedName":"hortoniabank.us_customers.longitude@hdp","name":"longitude","description":null,"comment":null,"position":38,"type":"double","table":{"guid":"19ea84c2-766d-4da4-a6c9-50f58e343311","typeName":"hive_table"}},"guid":"3cf67985-ed3b-4e4a-a17c-96ef0f17449c","status":"ACTIVE","createdBy":"hive","updatedBy":"hive","createTime":1523751103869,"updateTime":1523751262698,"version":0,"classifications":[]},"c3ac05c9-4860-4fc9-b3c2-015491fc65a2":{"typeName":"hive_column","attributes":{"owner":"hive","qualifiedName":"hortoniabank.us_customers.mrn@hdp","name":"mrn","description":null,"comment":null,"position":27,"type":"string","table":{"guid":"19ea84c2-766d-4da4-a6c9-50f58e343311","typeName":"hive_table"}},"guid":"c3ac05c9-4860-4fc9-b3c2-015491fc65a2","status":"ACTIVE","createdBy":"hive","updatedBy":"hive","createTime":1523751103869,"updateTime":1523751262698,"version":0,"classifications":[{"typeName":"PII","attributes":{"type":"MRN"}}]},"c517f09d-a7eb-459f-b1f4-5e8720fb514e":{"typeName":"hive_column","attributes":{"owner":"hive","qualifiedName":"hortoniabank.us_customers.age@hdp","name":"age","description":null,"comment":null,"position":20,"type":"int","table":{"guid":"19ea84c2-766d-4da4-a6c9-50f58e343311","typeName":"hive_table"}},"guid":"c517f09d-a7eb-459f-b1f4-5e8720fb514e","status":"ACTIVE","createdBy":"hive","updatedBy":"hive","createTime":1523751103869,"updateTime":1523751262698,"version":0,"classifications":[]},"982b7429-893b-42ba-816a-ad848c3329ef":{"typeName":"hive_column","attributes":{"owner":"hive","qualifiedName":"hortoniabank.us_customers.birthday@hdp","name":"birthday","description":null,"comment":null,"position":19,"type":"string","table":{"guid":"19ea84c2-766d-4da4-a6c9-50f58e343311","typeName":"hive_table"}},"guid":"982b7429-893b-42ba-816a-ad848c3329ef","status":"ACTIVE","createdBy":"hive","updatedBy":"hive","createTime":1523751103869,"updateTime":1523751262698,"version":0,"classifications":[]},"eb94f92c-181d-4491-bc2a-b5e8b2f169ac":{"typeName":"hive_column","attributes":{"owner":"hive","qualifiedName":"hortoniabank.us_customers.telephonenumber@hdp","name":"telephonenumber","description":null,"comment":null,"position":16,"type":"string","table":{"guid":"19ea84c2-766d-4da4-a6c9-50f58e343311","typeName":"hive_table"}},"guid":"eb94f92c-181d-4491-bc2a-b5e8b2f169ac","status":"ACTIVE","createdBy":"hive","updatedBy":"hive","createTime":1523751103869,"updateTime":1523751262698,"version":0,"classifications":[]},"9dd3f4a6-b6cb-4bfd-99ba-14bdc4f18ec0":{"typeName":"hive_column","attributes":{"owner":"hive","qualifiedName":"hortoniabank.us_customers.cctype@hdp","name":"cctype","description":null,"comment":null,"position":22,"type":"string","table":{"guid":"19ea84c2-766d-4da4-a6c9-50f58e343311","typeName":"hive_table"}},"guid":"9dd3f4a6-b6cb-4bfd-99ba-14bdc4f18ec0","status":"ACTIVE","createdBy":"hive","updatedBy":"hive","createTime":1523751103869,"updateTime":1523751262698,"version":0,"classifications":[]}},"entity":{"typeName":"hive_table","attributes":{"owner":"hive","temporary":false,"lastAccessTime":1523751090000,"aliases":null,"qualifiedName":"hortoniabank.us_customers@hdp","columns":[{"guid":"ac3515f8-b19a-4024-b0a7-3552c051cb48","typeName":"hive_column"},{"guid":"43c38449-a360-4024-afed-53ac4824f0b8","typeName":"hive_column"},{"guid":"daf19b04-ad5d-4990-8a32-198f96f2479d","typeName":"hive_column"},{"guid":"ade624f0-843c-4aa0-95e8-34675c714ede","typeName":"hive_column"},{"guid":"31b7f551-b219-43c9-8aa4-c6225101797b","typeName":"hive_column"},{"guid":"dba78c7c-a28d-4933-aeab-3c8543dc05de","typeName":"hive_column"},{"guid":"358ac2a5-fca9-42b8-8f6e-5f594b2ff1aa","typeName":"hive_column"},{"guid":"c1c959a9-f3b8-4c82-8729-c80b9f2ce700","typeName":"hive_column"},{"guid":"7c45b494-fce3-41dc-aa82-5717bb646c92","typeName":"hive_column"},{"guid":"69db7fc4-3166-4b47-b1d6-6c51f98a6daf","typeName":"hive_column"},{"guid":"6a0a5dc3-fc18-43ea-a1b2-ce1772422c3c","typeName":"hive_column"},{"guid":"3750c38f-bb43-41e4-8040-8d0b01341038","typeName":"hive_column"},{"guid":"2c7cbb61-07b6-4bb7-89de-4795e7c658af","typeName":"hive_column"},{"guid":"6cd7bf39-417e-455a-a3cf-8041bcf419d3","typeName":"hive_column"},{"guid":"2e432b03-3bb1-4212-a1da-5085fd6b7a26","typeName":"hive_column"},{"guid":"bec5d9b1-d2b2-4807-ab2f-c4cbba9e1ad5","typeName":"hive_column"},{"guid":"eb94f92c-181d-4491-bc2a-b5e8b2f169ac","typeName":"hive_column"},{"guid":"ba58a2c1-9a4a-477d-a60f-d277ab856648","typeName":"hive_column"},{"guid":"226143b4-26f6-4409-8cd1-7b3f2a954847","typeName":"hive_column"},{"guid":"982b7429-893b-42ba-816a-ad848c3329ef","typeName":"hive_column"},{"guid":"c517f09d-a7eb-459f-b1f4-5e8720fb514e","typeName":"hive_column"},{"guid":"c6d687e2-adda-47ad-9ff1-c973afd9e079","typeName":"hive_column"},{"guid":"9dd3f4a6-b6cb-4bfd-99ba-14bdc4f18ec0","typeName":"hive_column"},{"guid":"01242f06-e4be-46a7-a83d-bfcc86ee5218","typeName":"hive_column"},{"guid":"9769e248-bf35-4bb6-b451-09c70916b6db","typeName":"hive_column"},{"guid":"d15b8228-8ec6-4184-9fa0-4ec14ff05d8d","typeName":"hive_column"},{"guid":"8694a77d-6876-42ec-8a0e-f325534d3683","typeName":"hive_column"},{"guid":"c3ac05c9-4860-4fc9-b3c2-015491fc65a2","typeName":"hive_column"},{"guid":"bd46cd89-4d12-447d-9607-1168e02cde89","typeName":"hive_column"},{"guid":"5e70075a-6060-4491-8f92-e7dc74b130a0","typeName":"hive_column"},{"guid":"601b8071-be15-4da0-8913-d00e14f37f89","typeName":"hive_column"},{"guid":"f9479efa-35b0-4372-89d0-7b47e4f7bc47","typeName":"hive_column"},{"guid":"b04b3ac6-0e16-4e54-af69-1f815b0d6d72","typeName":"hive_column"},{"guid":"b0549f13-b5b3-4ffc-af1d-572a99554cc9","typeName":"hive_column"},{"guid":"810844a2-6e86-47ce-b7f1-5e1b67afaae4","typeName":"hive_column"},{"guid":"9aa5d5db-79f4-4117-9a82-8b409b41706e","typeName":"hive_column"},{"guid":"fecf0a14-daac-48b9-a392-2103478e0b4d","typeName":"hive_column"},{"guid":"8903f7bc-8999-44eb-93d1-f1676db7b35d","typeName":"hive_column"},{"guid":"3cf67985-ed3b-4e4a-a17c-96ef0f17449c","typeName":"hive_column"}],"description":null,"viewExpandedText":null,"sd":{"guid":"d893f04e-1788-4b79-ad35-035ab840ef67","typeName":"hive_storagedesc"},"tableType":"EXTERNAL_TABLE","createTime":1523751090000,"name":"us_customers","comment":null,"partitionKeys":null,"parameters":{"skip.header.line.count":"1","transient_lastDdlTime":"1523751090","totalSize":"17889088","EXTERNAL":"TRUE","COLUMN_STATS_ACCURATE":"{\"COLUMN_STATS\":{\"number\":\"true\",\"gender\":\"true\",\"title\":\"true\",\"givenname\":\"true\",\"middleinitial\":\"true\",\"surname\":\"true\",\"streetaddress\":\"true\",\"city\":\"true\",\"state\":\"true\",\"statefull\":\"true\",\"zipcode\":\"true\",\"country\":\"true\",\"countryfull\":\"true\",\"emailaddress\":\"true\",\"username\":\"true\",\"password\":\"true\",\"telephonenumber\":\"true\",\"telephonecountrycode\":\"true\",\"mothersmaiden\":\"true\",\"birthday\":\"true\",\"age\":\"true\",\"tropicalzodiac\":\"true\",\"cctype\":\"true\",\"ccnumber\":\"true\",\"cvv2\":\"true\",\"ccexpires\":\"true\",\"nationalid\":\"true\",\"mrn\":\"true\",\"insuranceid\":\"true\",\"eyecolor\":\"true\",\"occupation\":\"true\",\"company\":\"true\",\"vehicle\":\"true\",\"domain\":\"true\",\"bloodtype\":\"true\",\"weight\":\"true\",\"height\":\"true\",\"latitude\":\"true\",\"longitude\":\"true\"}}","numFiles":"1"},"db":{"guid":"3577f1a4-39a3-49a2-8785-04f1f85c7632","typeName":"hive_db"},"retention":0,"viewOriginalText":null},"guid":"19ea84c2-766d-4da4-a6c9-50f58e343311","status":"ACTIVE","createdBy":"hive","updatedBy":"hive","createTime":1523751103869,"updateTime":1523751262698,"version":0,"classifications":[]}}