{"referredEntities":{},"entity":{"typeName":"hive_column_lineage","attributes":{"owner":null,"outputs":[{"guid":"4e15de7e-ebec-4ea9-bf57-89d65fc527a8","typeName":"hive_column"}],"expression":null,"qualifiedName":"QUERY:hortoniabank.us_customers@hdp:1523751090000->:INSERT:hortoniabank.us_customers_trans@hdp:1523751182000:insuranceid","inputs":[{"guid":"bd46cd89-4d12-447d-9607-1168e02cde89","typeName":"hive_column"}],"query":{"guid":"df02def0-8c93-4811-9290-8b8900990370","typeName":"hive_process"},"name":"insert into hortoniabank.us_customers_trans select * from hortoniabank.us_customers:insuranceid","description":null,"depenendencyType":"SIMPLE"},"guid":"1a255bda-caac-4fd1-83ae-b5489b91a158","status":"ACTIVE","createdBy":"hive","updatedBy":"hive","createTime":1523751241914,"updateTime":1523751241914,"version":0,"classifications":[]}}