{"referredEntities":{},"entity":{"typeName":"hive_column_lineage","attributes":{"owner":null,"outputs":[{"guid":"beff1fdd-f10a-4ccf-be11-358339579a8f","typeName":"hive_column"}],"expression":null,"qualifiedName":"QUERY:hortoniabank.ww_customers@hdp:1523751089000->:INSERT:hortoniabank.ww_customers_trans@hdp:1523751175000:nationalid","inputs":[{"guid":"1bf7450c-7044-4b43-9860-defa2b87c5e6","typeName":"hive_column"}],"query":{"guid":"e7a3d5bd-de7d-4011-a47d-7a74a327db49","typeName":"hive_process"},"name":"insert into hortoniabank.ww_customers_trans select * from hortoniabank.ww_customers:nationalid","description":null,"depenendencyType":"SIMPLE"},"guid":"1dd7991d-cee4-47f7-884c-96e476e71437","status":"ACTIVE","createdBy":"hive","updatedBy":"hive","createTime":1523751197355,"updateTime":1523751197355,"version":0,"classifications":[]}}