{"referredEntities":{},"entity":{"typeName":"hive_column_lineage","attributes":{"owner":null,"outputs":[{"guid":"c7babd98-febf-4b57-9537-708f962bbea0","typeName":"hive_column"}],"expression":null,"qualifiedName":"QUERY:consent_master.consent_data@hdp:1523751099000->:INSERT:consent_master.consent_data_trans@hdp:1523751153000:thirdpartyconsent","inputs":[{"guid":"1d5669a6-e192-4268-b525-dd865dee7580","typeName":"hive_column"}],"query":{"guid":"0e9bc062-ff2d-45f6-9f1b-fdce372dfe41","typeName":"hive_process"},"name":"insert into consent_master.consent_data_trans select * from consent_master.consent_data:thirdpartyconsent","description":null,"depenendencyType":"SIMPLE"},"guid":"200a163f-70be-4dd0-b129-f08a14e24ebc","status":"ACTIVE","createdBy":"hive","updatedBy":"hive","createTime":1523751178209,"updateTime":1523751178209,"version":0,"classifications":[]}}