{"referredEntities":{},"entity":{"typeName":"hive_column_lineage","attributes":{"owner":null,"outputs":[{"guid":"a05b268e-1a59-4a67-a905-3482ae70a413","typeName":"hive_column"}],"expression":null,"qualifiedName":"QUERY:consent_master.consent_data@hdp:1523751099000->:INSERT:consent_master.consent_data_trans@hdp:1523751153000:loyaltyconsent","inputs":[{"guid":"ef5be8a2-340f-4eb7-8ec0-6f17336c1c9f","typeName":"hive_column"}],"query":{"guid":"0e9bc062-ff2d-45f6-9f1b-fdce372dfe41","typeName":"hive_process"},"name":"insert into consent_master.consent_data_trans select * from consent_master.consent_data:loyaltyconsent","description":null,"depenendencyType":"SIMPLE"},"guid":"2076ccdd-4fa7-43e8-97cb-02bbbbf24e23","status":"ACTIVE","createdBy":"hive","updatedBy":"hive","createTime":1523751179802,"updateTime":1523751179802,"version":0,"classifications":[]}}