{"referredEntities":{},"entity":{"typeName":"hive_column_lineage","attributes":{"owner":null,"outputs":[{"guid":"808fff3e-565c-4c8f-8b3e-1cffe763b054","typeName":"hive_column"}],"expression":null,"qualifiedName":"QUERY:hortoniabank.us_customers@hdp:1523751090000->:INSERT:hortoniabank.us_customers_trans@hdp:1523751182000:age","inputs":[{"guid":"c517f09d-a7eb-459f-b1f4-5e8720fb514e","typeName":"hive_column"}],"query":{"guid":"df02def0-8c93-4811-9290-8b8900990370","typeName":"hive_process"},"name":"insert into hortoniabank.us_customers_trans select * from hortoniabank.us_customers:age","description":null,"depenendencyType":"SIMPLE"},"guid":"20bd84da-0564-48a9-97fa-f695bd4d0749","status":"ACTIVE","createdBy":"hive","updatedBy":"hive","createTime":1523751228810,"updateTime":1523751228810,"version":0,"classifications":[]}}