{"referredEntities":{},"entity":{"typeName":"hive_column_lineage","attributes":{"owner":null,"outputs":[{"guid":"004b869e-5473-4df7-8be9-95d4d67d3dbf","typeName":"hive_column"}],"expression":null,"qualifiedName":"claim.claims_view@hdp:1523751097000:latitude","inputs":[{"guid":"b8267565-2d65-49ad-b53b-39ba9b3500a6","typeName":"hive_column"}],"query":{"guid":"664c2ad5-9dfa-41d7-98ce-ad2f5a1638a6","typeName":"hive_process"},"name":"create view if not exists claim.claims_view as select * from cost_savings.claim_savings:latitude","description":null,"depenendencyType":"SIMPLE"},"guid":"21bd2e47-6b9f-43b2-98e9-cacfafc76ac5","status":"ACTIVE","createdBy":"hive","updatedBy":"hive","createTime":1523751130173,"updateTime":1523751130173,"version":0,"classifications":[]}}