{"referredEntities":{},"entity":{"typeName":"hive_column_lineage","attributes":{"owner":null,"outputs":[{"guid":"326a2ef4-5953-4148-a944-95e32144ce44","typeName":"hive_column"}],"expression":null,"qualifiedName":"QUERY:hortoniabank.ww_customers@hdp:1523751089000->:INSERT:hortoniabank.ww_customers_trans@hdp:1523751175000:company","inputs":[{"guid":"407fe92d-907c-4849-ab0c-9b8aa808e8ff","typeName":"hive_column"}],"query":{"guid":"e7a3d5bd-de7d-4011-a47d-7a74a327db49","typeName":"hive_process"},"name":"insert into hortoniabank.ww_customers_trans select * from hortoniabank.ww_customers:company","description":null,"depenendencyType":"SIMPLE"},"guid":"21c24a8d-df0e-4dcd-8cd0-d0e632cf392a","status":"ACTIVE","createdBy":"hive","updatedBy":"hive","createTime":1523751219635,"updateTime":1523751219635,"version":0,"classifications":[]}}