{"referredEntities":{},"entity":{"typeName":"hive_column_lineage","attributes":{"owner":null,"outputs":[{"guid":"29c60338-2118-4d86-b4e7-3ac496bb2d1d","typeName":"hive_column"}],"expression":null,"qualifiedName":"QUERY:hortoniabank.us_customers@hdp:1523751090000->:INSERT:hortoniabank.us_customers_trans@hdp:1523751182000:occupation","inputs":[{"guid":"601b8071-be15-4da0-8913-d00e14f37f89","typeName":"hive_column"}],"query":{"guid":"df02def0-8c93-4811-9290-8b8900990370","typeName":"hive_process"},"name":"insert into hortoniabank.us_customers_trans select * from hortoniabank.us_customers:occupation","description":null,"depenendencyType":"SIMPLE"},"guid":"22ec8971-6b75-4915-8d11-a54db2db4b01","status":"ACTIVE","createdBy":"hive","updatedBy":"hive","createTime":1523751227273,"updateTime":1523751227273,"version":0,"classifications":[]}}