{"referredEntities":{},"entity":{"typeName":"hive_column_lineage","attributes":{"owner":null,"outputs":[{"guid":"92190ff8-78d0-4e1d-b0a3-743f227961cf","typeName":"hive_column"}],"expression":null,"qualifiedName":"QUERY:hortoniabank.ww_customers@hdp:1523751089000->:INSERT:hortoniabank.ww_customers_trans@hdp:1523751175000:countryfull","inputs":[{"guid":"3dd81621-3098-4671-ad86-faa529084388","typeName":"hive_column"}],"query":{"guid":"e7a3d5bd-de7d-4011-a47d-7a74a327db49","typeName":"hive_process"},"name":"insert into hortoniabank.ww_customers_trans select * from hortoniabank.ww_customers:countryfull","description":null,"depenendencyType":"SIMPLE"},"guid":"2a816997-738d-4de5-b6ec-780bed9c0861","status":"ACTIVE","createdBy":"hive","updatedBy":"hive","createTime":1523751198210,"updateTime":1523751198210,"version":0,"classifications":[]}}