{"referredEntities":{"ef5be8a2-340f-4eb7-8ec0-6f17336c1c9f":{"typeName":"hive_column","attributes":{"owner":"hive","qualifiedName":"consent_master.consent_data.loyaltyconsent@hdp","name":"loyaltyconsent","description":null,"comment":null,"position":5,"type":"string","table":{"guid":"2c8ed304-fc9b-454e-a3eb-7138be601a18","typeName":"hive_table"}},"guid":"ef5be8a2-340f-4eb7-8ec0-6f17336c1c9f","status":"ACTIVE","createdBy":"hive","updatedBy":"hive","createTime":1523751130640,"updateTime":1523751266640,"version":0,"classifications":[]},"1d5669a6-e192-4268-b525-dd865dee7580":{"typeName":"hive_column","attributes":{"owner":"hive","qualifiedName":"consent_master.consent_data.thirdpartyconsent@hdp","name":"thirdpartyconsent","description":null,"comment":null,"position":7,"type":"string","table":{"guid":"2c8ed304-fc9b-454e-a3eb-7138be601a18","typeName":"hive_table"}},"guid":"1d5669a6-e192-4268-b525-dd865dee7580","status":"ACTIVE","createdBy":"hive","updatedBy":"hive","createTime":1523751130640,"updateTime":1523751266640,"version":0,"classifications":[]},"08d92d7f-69f6-427b-aa6a-b710ed92539a":{"typeName":"hive_column","attributes":{"owner":"hive","qualifiedName":"consent_master.consent_data.loyaltyconsentstartdate@hdp","name":"loyaltyconsentstartdate","description":null,"comment":null,"position":6,"type":"date","table":{"guid":"2c8ed304-fc9b-454e-a3eb-7138be601a18","typeName":"hive_table"}},"guid":"08d92d7f-69f6-427b-aa6a-b710ed92539a","status":"ACTIVE","createdBy":"hive","updatedBy":"hive","createTime":1523751130640,"updateTime":1523751266640,"version":0,"classifications":[]},"f837712a-3438-4880-91ad-8dc2620d15a8":{"typeName":"hive_storagedesc","attributes":{"bucketCols":null,"qualifiedName":"consent_master.consent_data@hdp_storage","sortCols":null,"storedAsSubDirectories":false,"location":"hdfs://abajwa-dws-hortonia-ref0.field.hortonworks.com:8020/hive_data/consent","compressed":false,"inputFormat":"org.apache.hadoop.mapred.TextInputFormat","outputFormat":"org.apache.hadoop.hive.ql.io.HiveIgnoreKeyTextOutputFormat","parameters":null,"table":{"guid":"2c8ed304-fc9b-454e-a3eb-7138be601a18","typeName":"hive_table"},"serdeInfo":{"typeName":"hive_serde","attributes":{"serializationLib":"org.apache.hadoop.hive.serde2.lazy.LazySimpleSerDe","name":null,"parameters":{"serialization.format":",","field.delim":","}}},"numBuckets":-1},"guid":"f837712a-3438-4880-91ad-8dc2620d15a8","status":"ACTIVE","createdBy":"hive","updatedBy":"hive","createTime":1523751130640,"updateTime":1523751266640,"version":0,"classifications":[]},"b4001961-2358-4476-b00a-b6d8d1cdf566":{"typeName":"hive_column","attributes":{"owner":"hive","qualifiedName":"consent_master.consent_data.marketingconsentstartdate@hdp","name":"marketingconsentstartdate","description":null,"comment":null,"position":4,"type":"date","table":{"guid":"2c8ed304-fc9b-454e-a3eb-7138be601a18","typeName":"hive_table"}},"guid":"b4001961-2358-4476-b00a-b6d8d1cdf566","status":"ACTIVE","createdBy":"hive","updatedBy":"hive","createTime":1523751130640,"updateTime":1523751266640,"version":0,"classifications":[]},"b1c1dc6d-c04a-4129-b021-3a84c57003cc":{"typeName":"hive_column","attributes":{"owner":"hive","qualifiedName":"consent_master.consent_data.marketingconsent@hdp","name":"marketingconsent","description":null,"comment":null,"position":3,"type":"string","table":{"guid":"2c8ed304-fc9b-454e-a3eb-7138be601a18","typeName":"hive_table"}},"guid":"b1c1dc6d-c04a-4129-b021-3a84c57003cc","status":"ACTIVE","createdBy":"hive","updatedBy":"hive","createTime":1523751130640,"updateTime":1523751266640,"version":0,"classifications":[]},"8600e809-74db-4d33-b647-65384ef38369":{"typeName":"hive_column","attributes":{"owner":"hive","qualifiedName":"consent_master.consent_data.country@hdp","name":"country","description":null,"comment":null,"position":0,"type":"string","table":{"guid":"2c8ed304-fc9b-454e-a3eb-7138be601a18","typeName":"hive_table"}},"guid":"8600e809-74db-4d33-b647-65384ef38369","status":"ACTIVE","createdBy":"hive","updatedBy":"hive","createTime":1523751130640,"updateTime":1523751266640,"version":0,"classifications":[]},"227fc261-a8d0-477a-8ae2-85b0bcb26660":{"typeName":"hive_column","attributes":{"owner":"hive","qualifiedName":"consent_master.consent_data.countryfull@hdp","name":"countryfull","description":null,"comment":null,"position":1,"type":"string","table":{"guid":"2c8ed304-fc9b-454e-a3eb-7138be601a18","typeName":"hive_table"}},"guid":"227fc261-a8d0-477a-8ae2-85b0bcb26660","status":"ACTIVE","createdBy":"hive","updatedBy":"hive","createTime":1523751130640,"updateTime":1523751266640,"version":0,"classifications":[]},"47272ea7-6169-4450-8252-08cee5dc8ffd":{"typeName":"hive_column","attributes":{"owner":"hive","qualifiedName":"consent_master.consent_data.insuranceid@hdp","name":"insuranceid","description":null,"comment":null,"position":2,"type":"int","table":{"guid":"2c8ed304-fc9b-454e-a3eb-7138be601a18","typeName":"hive_table"}},"guid":"47272ea7-6169-4450-8252-08cee5dc8ffd","status":"ACTIVE","createdBy":"hive","updatedBy":"hive","createTime":1523751130640,"updateTime":1523751266640,"version":0,"classifications":[]},"82dd39ba-ebba-464c-969d-4539b18ae231":{"typeName":"hive_column","attributes":{"owner":"hive","qualifiedName":"consent_master.consent_data.thirdpartyconsentstartdate@hdp","name":"thirdpartyconsentstartdate","description":null,"comment":null,"position":8,"type":"date","table":{"guid":"2c8ed304-fc9b-454e-a3eb-7138be601a18","typeName":"hive_table"}},"guid":"82dd39ba-ebba-464c-969d-4539b18ae231","status":"ACTIVE","createdBy":"hive","updatedBy":"hive","createTime":1523751130640,"updateTime":1523751266640,"version":0,"classifications":[]}},"entity":{"typeName":"hive_table","attributes":{"owner":"hive","temporary":false,"lastAccessTime":1523751099000,"aliases":null,"qualifiedName":"consent_master.consent_data@hdp","columns":[{"guid":"8600e809-74db-4d33-b647-65384ef38369","typeName":"hive_column"},{"guid":"227fc261-a8d0-477a-8ae2-85b0bcb26660","typeName":"hive_column"},{"guid":"47272ea7-6169-4450-8252-08cee5dc8ffd","typeName":"hive_column"},{"guid":"b1c1dc6d-c04a-4129-b021-3a84c57003cc","typeName":"hive_column"},{"guid":"b4001961-2358-4476-b00a-b6d8d1cdf566","typeName":"hive_column"},{"guid":"ef5be8a2-340f-4eb7-8ec0-6f17336c1c9f","typeName":"hive_column"},{"guid":"08d92d7f-69f6-427b-aa6a-b710ed92539a","typeName":"hive_column"},{"guid":"1d5669a6-e192-4268-b525-dd865dee7580","typeName":"hive_column"},{"guid":"82dd39ba-ebba-464c-969d-4539b18ae231","typeName":"hive_column"}],"description":null,"viewExpandedText":null,"sd":{"guid":"f837712a-3438-4880-91ad-8dc2620d15a8","typeName":"hive_storagedesc"},"tableType":"EXTERNAL_TABLE","createTime":1523751099000,"name":"consent_data","comment":null,"partitionKeys":null,"parameters":{"skip.header.line.count":"1","transient_lastDdlTime":"1523751099","totalSize":"3303010","EXTERNAL":"TRUE","COLUMN_STATS_ACCURATE":"{\"COLUMN_STATS\":{\"country\":\"true\",\"countryfull\":\"true\",\"insuranceid\":\"true\",\"marketingconsent\":\"true\",\"marketingconsentstartdate\":\"true\",\"loyaltyconsent\":\"true\",\"loyaltyconsentstartdate\":\"true\",\"thirdpartyconsent\":\"true\",\"thirdpartyconsentstartdate\":\"true\"}}","numFiles":"1"},"db":{"guid":"8dce0592-fa2c-45cb-b3c2-5ca425afe3a8","typeName":"hive_db"},"retention":0,"viewOriginalText":null},"guid":"2c8ed304-fc9b-454e-a3eb-7138be601a18","status":"ACTIVE","createdBy":"hive","updatedBy":"hive","createTime":1523751130640,"updateTime":1523751266640,"version":0,"classifications":[{"typeName":"REFERENCE_DATA"}]}}