{"referredEntities":{},"entity":{"typeName":"hive_process","attributes":{"owner":null,"outputs":[{"guid":"ee54ae2b-612a-4a96-a9d9-8f17506f012d","typeName":"hive_table"}],"queryGraph":null,"recentQueries":["insert into erasure_master.data_erasure_trans select country, countryfull, insuranceid, marketingconsent, marketingconsentstartdate, loyaltyconsent from consent_master.consent_data limit 500"],"qualifiedName":"QUERY:consent_master.consent_data@hdp:1523751099000->:INSERT:erasure_master.data_erasure_trans@hdp:1523751194000","inputs":[{"guid":"2c8ed304-fc9b-454e-a3eb-7138be601a18","typeName":"hive_table"}],"description":null,"userName":"hive","queryId":"hive_20180415001314_50117908-0e5e-4d91-b472-88cefeafa5c3","clusterName":"hdp","name":"insert into erasure_master.data_erasure_trans select country, countryfull, insuranceid, marketingconsent, marketingconsentstartdate, loyaltyconsent from consent_master.consent_data limit 500","queryText":"insert into erasure_master.data_erasure_trans select country, countryfull, insuranceid, marketingconsent, marketingconsentstartdate, loyaltyconsent from consent_master.consent_data limit 500","startTime":1523751194744,"operationType":"QUERY","queryPlan":"Not Supported","endTime":1523751198737},"guid":"2d95b74e-db2b-43eb-a659-bf10ea49b849","status":"ACTIVE","createdBy":"hive","updatedBy":"hive","createTime":1523751264627,"updateTime":1523751266640,"version":0,"classifications":[]}}