{"referredEntities":{},"entity":{"typeName":"hive_column_lineage","attributes":{"owner":null,"outputs":[{"guid":"7dffd6b4-be9c-434c-9dce-920ff08c66a4","typeName":"hive_column"}],"expression":null,"qualifiedName":"QUERY:hortoniabank.ww_customers@hdp:1523751089000->:INSERT:hortoniabank.ww_customers_trans@hdp:1523751175000:emailaddress","inputs":[{"guid":"e9a462dd-8afd-4423-8601-2195ed4e385a","typeName":"hive_column"}],"query":{"guid":"e7a3d5bd-de7d-4011-a47d-7a74a327db49","typeName":"hive_process"},"name":"insert into hortoniabank.ww_customers_trans select * from hortoniabank.ww_customers:emailaddress","description":null,"depenendencyType":"SIMPLE"},"guid":"3125ec33-40ba-4e4e-a71d-4cbf8d1f373e","status":"ACTIVE","createdBy":"hive","updatedBy":"hive","createTime":1523751202010,"updateTime":1523751202010,"version":0,"classifications":[]}}