{"referredEntities":{},"entity":{"typeName":"hive_column_lineage","attributes":{"owner":null,"outputs":[{"guid":"9fd2d5a2-f5f5-4cdb-97bf-90772e9860ae","typeName":"hive_column"}],"expression":null,"qualifiedName":"QUERY:hortoniabank.ww_customers@hdp:1523751089000->:INSERT:hortoniabank.ww_customers_trans@hdp:1523751175000:country","inputs":[{"guid":"1ec22228-2c38-4d60-80aa-fa98b17adf8b","typeName":"hive_column"}],"query":{"guid":"e7a3d5bd-de7d-4011-a47d-7a74a327db49","typeName":"hive_process"},"name":"insert into hortoniabank.ww_customers_trans select * from hortoniabank.ww_customers:country","description":null,"depenendencyType":"SIMPLE"},"guid":"31d663cb-7ffc-4070-9ae8-68856391d949","status":"ACTIVE","createdBy":"hive","updatedBy":"hive","createTime":1523751222076,"updateTime":1523751222076,"version":0,"classifications":[]}}