{"referredEntities":{},"entity":{"typeName":"hive_db","attributes":{"owner":"hive","ownerType":"USER","qualifiedName":"hortoniabank@hdp","clusterName":"hdp","name":"hortoniabank","description":null,"location":"hdfs://abajwa-dws-hortonia-ref0.field.hortonworks.com:8020/hive_data/hortoniabank","parameters":null},"guid":"3577f1a4-39a3-49a2-8785-04f1f85c7632","status":"ACTIVE","createdBy":"hive","updatedBy":"hive","createTime":1523751090728,"updateTime":1523751262698,"version":0,"classifications":[]}}