{"referredEntities":{},"entity":{"typeName":"hdfs_path","attributes":{"owner":null,"modifiedTime":0,"isFile":false,"numberOfReplicas":0,"qualifiedName":"hdfs://abajwa-dws-hortonia-ref0.field.hortonworks.com:8020/hive_data/finance/tax_2010","description":null,"extendedAttributes":null,"path":"hdfs://abajwa-dws-hortonia-ref0.field.hortonworks.com:8020/hive_data/finance/tax_2010","posixPermissions":null,"createTime":0,"fileSize":0,"clusterName":"hdp","name":"/hive_data/finance/tax_2010","isSymlink":false,"group":null},"guid":"3828ab73-626e-4f42-ab0e-3d520ba58dce","status":"ACTIVE","createdBy":"hive","updatedBy":"hive","createTime":1523751108944,"updateTime":1523751108944,"version":0,"classifications":[]}}