{"referredEntities":{},"entity":{"typeName":"hive_column_lineage","attributes":{"owner":null,"outputs":[{"guid":"dc8e82d5-ceeb-4166-9edd-224eaa153dba","typeName":"hive_column"}],"expression":null,"qualifiedName":"QUERY:consent_master.consent_data@hdp:1523751099000->:INSERT:erasure_master.data_erasure_trans@hdp:1523751194000:requestdate","inputs":[{"guid":"b4001961-2358-4476-b00a-b6d8d1cdf566","typeName":"hive_column"}],"query":{"guid":"2d95b74e-db2b-43eb-a659-bf10ea49b849","typeName":"hive_process"},"name":"insert into erasure_master.data_erasure_trans select country, countryfull, insuranceid, marketingconsent, marketingconsentstartdate, loyaltyconsent from consent_master.consent_data limit 500:requestdate","description":null,"depenendencyType":"SIMPLE"},"guid":"38458742-bbd7-41f8-802c-189b7e2984be","status":"ACTIVE","createdBy":"hive","updatedBy":"hive","createTime":1523751266262,"updateTime":1523751266262,"version":0,"classifications":[]}}