{"referredEntities":{},"entity":{"typeName":"hive_column_lineage","attributes":{"owner":null,"outputs":[{"guid":"c4e12911-25f5-4e62-8bb1-3807d89269d2","typeName":"hive_column"}],"expression":null,"qualifiedName":"claim.prov_view@hdp:1523751096000:providerzip","inputs":[{"guid":"43b9b553-3d7f-4fd5-aac2-6df83c72a0d4","typeName":"hive_column"}],"query":{"guid":"6b51687d-2e08-42d8-a952-b0c4a98aa6ca","typeName":"hive_process"},"name":"create view if not exists claim.prov_view as select * from claim.provider_summary:providerzip","description":null,"depenendencyType":"SIMPLE"},"guid":"3898051a-73d2-4bda-b0e5-b1b2058b3a1f","status":"ACTIVE","createdBy":"hive","updatedBy":"hive","createTime":1523751125873,"updateTime":1523751125873,"version":0,"classifications":[]}}