{"referredEntities":{},"entity":{"typeName":"hive_column_lineage","attributes":{"owner":null,"outputs":[{"guid":"db6a78ba-e937-4c66-9659-beeeb4f50c19","typeName":"hive_column"}],"expression":null,"qualifiedName":"QUERY:hortoniabank.ww_customers@hdp:1523751089000->:INSERT:hortoniabank.ww_customers_trans@hdp:1523751175000:zipcode","inputs":[{"guid":"e34295b2-6f19-48af-82e3-d7cf1b9c5a1f","typeName":"hive_column"}],"query":{"guid":"e7a3d5bd-de7d-4011-a47d-7a74a327db49","typeName":"hive_process"},"name":"insert into hortoniabank.ww_customers_trans select * from hortoniabank.ww_customers:zipcode","description":null,"depenendencyType":"SIMPLE"},"guid":"393a3991-d012-487e-907b-30e1c3bd6f32","status":"ACTIVE","createdBy":"hive","updatedBy":"hive","createTime":1523751206912,"updateTime":1523751206912,"version":0,"classifications":[]}}