{"referredEntities":{},"entity":{"typeName":"hive_process","attributes":{"owner":null,"outputs":[{"guid":"f465e80c-ff89-44e8-8e5e-4c598cbdd98f","typeName":"hive_table"}],"queryGraph":null,"recentQueries":["create external table if not exists claim.provider_summary(\n                                      providerid string\n                                    , providername string\n                                    , providerstreetaddress string\n                                    , providercity string\n                                    , providerstate string\n                                    , providerzip string\n                                    , providerreferralregion string\n                                    , totaldischarges int\n                                    , averagecoveredcharges decimal(10,2)\n                                    , averagetotalpayments decimal(10,2)\n                                    , averagemedicarepayments decimal(10,2)\n                                   ) comment 'provider summary'\n                                     row format delimited\n                                     fields terminated by ','\n                                     stored as textfile\n                                     location '/hive_data/claim'"],"qualifiedName":"claim.provider_summary@hdp:1523751096000","inputs":[{"guid":"c785d4ba-11ef-4081-b428-42ecc076c256","typeName":"hdfs_path"}],"description":null,"userName":"hive","queryId":"hive_20180415001135_af09297e-8c5c-49a4-bf19-a86ee66abd6d","clusterName":"hdp","name":"create external table if not exists claim.provider_summary(\n                                      providerid string\n                                    , providername string\n                                    , providerstreetaddress string\n                                    , providercity string\n                                    , providerstate string\n                                    , providerzip string\n                                    , providerreferralregion string\n                                    , totaldischarges int\n                                    , averagecoveredcharges decimal(10,2)\n                                    , averagetotalpayments decimal(10,2)\n                                    , averagemedicarepayments decimal(10,2)\n                                   ) comment 'provider summary'\n                                     row format delimited\n                                     fields terminated by ','\n                                     stored as textfile\n                                     location '/hive_data/claim'","queryText":"create external table if not exists claim.provider_summary(\n                                      providerid string\n                                    , providername string\n                                    , providerstreetaddress string\n                                    , providercity string\n                                    , providerstate string\n                                    , providerzip string\n                                    , providerreferralregion string\n                                    , totaldischarges int\n                                    , averagecoveredcharges decimal(10,2)\n                                    , averagetotalpayments decimal(10,2)\n                                    , averagemedicarepayments decimal(10,2)\n                                   ) comment 'provider summary'\n                                     row format delimited\n                                     fields terminated by ','\n                                     stored as textfile\n                                     location '/hive_data/claim'","startTime":1523751095655,"operationType":"CREATETABLE","queryPlan":"Not Supported","endTime":1523751096230},"guid":"39a3ce3c-4b3e-4c36-b7d4-d31e740299ed","status":"ACTIVE","createdBy":"hive","updatedBy":"hive","createTime":1523751112279,"updateTime":1523751112279,"version":0,"classifications":[]}}