{"referredEntities":{},"entity":{"typeName":"hive_column_lineage","attributes":{"owner":null,"outputs":[{"guid":"a3c330f1-1239-4483-b611-8143c5ce2fbb","typeName":"hive_column"}],"expression":null,"qualifiedName":"QUERY:hortoniabank.ww_customers@hdp:1523751089000->:INSERT:hortoniabank.ww_customers_trans@hdp:1523751175000:bloodtype","inputs":[{"guid":"2c49183a-2c25-4f3f-99b5-0425d66f74d3","typeName":"hive_column"}],"query":{"guid":"e7a3d5bd-de7d-4011-a47d-7a74a327db49","typeName":"hive_process"},"name":"insert into hortoniabank.ww_customers_trans select * from hortoniabank.ww_customers:bloodtype","description":null,"depenendencyType":"SIMPLE"},"guid":"39ed3cf6-ab00-467d-9f9e-af370c176a18","status":"ACTIVE","createdBy":"hive","updatedBy":"hive","createTime":1523751194929,"updateTime":1523751194929,"version":0,"classifications":[]}}