{"referredEntities":{},"entity":{"typeName":"hive_column_lineage","attributes":{"owner":null,"outputs":[{"guid":"28f6205f-17c9-4802-91e8-fedfd918e2b3","typeName":"hive_column"}],"expression":null,"qualifiedName":"QUERY:consent_master.consent_data@hdp:1523751099000->:INSERT:erasure_master.data_erasure_trans@hdp:1523751194000:countryfull","inputs":[{"guid":"227fc261-a8d0-477a-8ae2-85b0bcb26660","typeName":"hive_column"}],"query":{"guid":"2d95b74e-db2b-43eb-a659-bf10ea49b849","typeName":"hive_process"},"name":"insert into erasure_master.data_erasure_trans select country, countryfull, insuranceid, marketingconsent, marketingconsentstartdate, loyaltyconsent from consent_master.consent_data limit 500:countryfull","description":null,"depenendencyType":"SIMPLE"},"guid":"3a363b48-0b72-4d62-9865-121eb41ec664","status":"ACTIVE","createdBy":"hive","updatedBy":"hive","createTime":1523751265225,"updateTime":1523751265225,"version":0,"classifications":[]}}