{"referredEntities":{},"entity":{"typeName":"hive_column_lineage","attributes":{"owner":null,"outputs":[{"guid":"2794a22b-9997-4949-8073-84bbc4c98273","typeName":"hive_column"}],"expression":null,"qualifiedName":"QUERY:hortoniabank.ww_customers@hdp:1523751089000->:INSERT:hortoniabank.ww_customers_trans@hdp:1523751175000:number","inputs":[{"guid":"3cdd0576-961d-43f4-b190-75e0096471db","typeName":"hive_column"}],"query":{"guid":"e7a3d5bd-de7d-4011-a47d-7a74a327db49","typeName":"hive_process"},"name":"insert into hortoniabank.ww_customers_trans select * from hortoniabank.ww_customers:number","description":null,"depenendencyType":"SIMPLE"},"guid":"3fb71451-cc2e-43e6-b55a-7ce8d87220e8","status":"ACTIVE","createdBy":"hive","updatedBy":"hive","createTime":1523751215289,"updateTime":1523751215289,"version":0,"classifications":[]}}