{"referredEntities":{},"entity":{"typeName":"hive_column_lineage","attributes":{"owner":null,"outputs":[{"guid":"b823513c-d4cc-4239-b0b0-6b1c5121e47d","typeName":"hive_column"}],"expression":null,"qualifiedName":"QUERY:hortoniabank.ww_customers@hdp:1523751089000->:INSERT:hortoniabank.ww_customers_trans@hdp:1523751175000:middleinitial","inputs":[{"guid":"0e23c2ae-665d-42f9-abc9-c6c0972e55e1","typeName":"hive_column"}],"query":{"guid":"e7a3d5bd-de7d-4011-a47d-7a74a327db49","typeName":"hive_process"},"name":"insert into hortoniabank.ww_customers_trans select * from hortoniabank.ww_customers:middleinitial","description":null,"depenendencyType":"SIMPLE"},"guid":"417626d7-fa88-4f7b-9fab-be9f29d0e4da","status":"ACTIVE","createdBy":"hive","updatedBy":"hive","createTime":1523751216032,"updateTime":1523751216032,"version":0,"classifications":[]}}