{"referredEntities":{},"entity":{"typeName":"hive_column_lineage","attributes":{"owner":null,"outputs":[{"guid":"92d7fb35-424f-425f-92c7-93ec5ede4693","typeName":"hive_column"}],"expression":null,"qualifiedName":"QUERY:hortoniabank.us_customers@hdp:1523751090000->:INSERT:hortoniabank.us_customers_trans@hdp:1523751182000:tropicalzodiac","inputs":[{"guid":"c6d687e2-adda-47ad-9ff1-c973afd9e079","typeName":"hive_column"}],"query":{"guid":"df02def0-8c93-4811-9290-8b8900990370","typeName":"hive_process"},"name":"insert into hortoniabank.us_customers_trans select * from hortoniabank.us_customers:tropicalzodiac","description":null,"depenendencyType":"SIMPLE"},"guid":"45bcdac9-13b2-43a0-ac78-bc2c11927b79","status":"ACTIVE","createdBy":"hive","updatedBy":"hive","createTime":1523751254042,"updateTime":1523751254042,"version":0,"classifications":[]}}