{"referredEntities":{},"entity":{"typeName":"hive_column_lineage","attributes":{"owner":null,"outputs":[{"guid":"c940959d-01fb-4172-a8ba-e0e3d395a6e0","typeName":"hive_column"}],"expression":null,"qualifiedName":"QUERY:hortoniabank.us_customers@hdp:1523751090000->:INSERT:hortoniabank.us_customers_trans@hdp:1523751182000:ccnumber","inputs":[{"guid":"01242f06-e4be-46a7-a83d-bfcc86ee5218","typeName":"hive_column"}],"query":{"guid":"df02def0-8c93-4811-9290-8b8900990370","typeName":"hive_process"},"name":"insert into hortoniabank.us_customers_trans select * from hortoniabank.us_customers:ccnumber","description":null,"depenendencyType":"SIMPLE"},"guid":"4759e2dc-26dd-43e9-ae91-782b85fa57a4","status":"ACTIVE","createdBy":"hive","updatedBy":"hive","createTime":1523751247879,"updateTime":1523751247879,"version":0,"classifications":[]}}