{"referredEntities":{},"entity":{"typeName":"hive_column_lineage","attributes":{"owner":null,"outputs":[{"guid":"9a77c8ed-a316-4ce0-a580-c303045d90d5","typeName":"hive_column"}],"expression":null,"qualifiedName":"QUERY:hortoniabank.ww_customers@hdp:1523751089000->:INSERT:hortoniabank.ww_customers_trans@hdp:1523751175000:telephonecountrycode","inputs":[{"guid":"20a730b4-1e85-4e8d-990f-b55d49e541a1","typeName":"hive_column"}],"query":{"guid":"e7a3d5bd-de7d-4011-a47d-7a74a327db49","typeName":"hive_process"},"name":"insert into hortoniabank.ww_customers_trans select * from hortoniabank.ww_customers:telephonecountrycode","description":null,"depenendencyType":"SIMPLE"},"guid":"4767d695-097c-41df-b680-9d64cc47c1ea","status":"ACTIVE","createdBy":"hive","updatedBy":"hive","createTime":1523751213225,"updateTime":1523751213225,"version":0,"classifications":[]}}