{"referredEntities":{},"entity":{"typeName":"hive_column_lineage","attributes":{"owner":null,"outputs":[{"guid":"9083f266-fe03-43b4-a1b6-f4213c55eff5","typeName":"hive_column"}],"expression":null,"qualifiedName":"QUERY:hortoniabank.ww_customers@hdp:1523751089000->:INSERT:hortoniabank.ww_customers_trans@hdp:1523751175000:longitude","inputs":[{"guid":"d948e757-49e1-4ae8-9348-04566f74e206","typeName":"hive_column"}],"query":{"guid":"e7a3d5bd-de7d-4011-a47d-7a74a327db49","typeName":"hive_process"},"name":"insert into hortoniabank.ww_customers_trans select * from hortoniabank.ww_customers:longitude","description":null,"depenendencyType":"SIMPLE"},"guid":"48fd9cc2-6814-4424-a31b-bb57b09c491a","status":"ACTIVE","createdBy":"hive","updatedBy":"hive","createTime":1523751196570,"updateTime":1523751196570,"version":0,"classifications":[]}}