{"referredEntities":{},"entity":{"typeName":"hive_process","attributes":{"owner":null,"outputs":[{"guid":"559ccbd9-f49b-4296-a93c-02c4db3a4b2c","typeName":"hive_table"}],"queryGraph":null,"recentQueries":["create external table if not exists cost_savings.claim_savings(\n                                     reportdate date\n                                   , name string\n                                   , sequenceid int\n                                   , claimid int\n                                   , costsavings int\n                                   , eligibilitycode int\n                                   , latitude decimal\n                                   , longitude decimal\n                                  ) comment 'claims savings'\n                                    row format delimited\n                                    fields terminated by ','\n                                    stored as textfile\n                                    location '/hive_data/cost_savings'"],"qualifiedName":"cost_savings.claim_savings@hdp:1523751095000","inputs":[{"guid":"d4bade35-50a5-49f1-8590-114dad1f3d39","typeName":"hdfs_path"}],"description":null,"userName":"hive","queryId":"hive_20180415001134_a14e2922-ae52-4070-85cf-59ba187a3709","clusterName":"hdp","name":"create external table if not exists cost_savings.claim_savings(\n                                     reportdate date\n                                   , name string\n                                   , sequenceid int\n                                   , claimid int\n                                   , costsavings int\n                                   , eligibilitycode int\n                                   , latitude decimal\n                                   , longitude decimal\n                                  ) comment 'claims savings'\n                                    row format delimited\n                                    fields terminated by ','\n                                    stored as textfile\n                                    location '/hive_data/cost_savings'","queryText":"create external table if not exists cost_savings.claim_savings(\n                                     reportdate date\n                                   , name string\n                                   , sequenceid int\n                                   , claimid int\n                                   , costsavings int\n                                   , eligibilitycode int\n                                   , latitude decimal\n                                   , longitude decimal\n                                  ) comment 'claims savings'\n                                    row format delimited\n                                    fields terminated by ','\n                                    stored as textfile\n                                    location '/hive_data/cost_savings'","startTime":1523751094595,"operationType":"CREATETABLE","queryPlan":"Not Supported","endTime":1523751095310},"guid":"49828d1a-3196-4422-8a70-d6137e711929","status":"ACTIVE","createdBy":"hive","updatedBy":"hive","createTime":1523751111273,"updateTime":1523751111273,"version":0,"classifications":[]}}