{"referredEntities":{},"entity":{"typeName":"hive_column_lineage","attributes":{"owner":null,"outputs":[{"guid":"8da93804-d6c3-4d33-94a3-2e158cc77671","typeName":"hive_column"}],"expression":null,"qualifiedName":"claim.prov_view@hdp:1523751096000:averagemedicarepayments","inputs":[{"guid":"48ce09ed-ac9f-415f-9dff-249f7b9af847","typeName":"hive_column"}],"query":{"guid":"6b51687d-2e08-42d8-a952-b0c4a98aa6ca","typeName":"hive_process"},"name":"create view if not exists claim.prov_view as select * from claim.provider_summary:averagemedicarepayments","description":null,"depenendencyType":"SIMPLE"},"guid":"49c5193b-c029-4002-8a7c-41663e35abb4","status":"ACTIVE","createdBy":"hive","updatedBy":"hive","createTime":1523751125173,"updateTime":1523751125173,"version":0,"classifications":[]}}