{"referredEntities":{},"entity":{"typeName":"hive_column_lineage","attributes":{"owner":null,"outputs":[{"guid":"86bd3506-06d7-4cea-954e-e82376d2f94f","typeName":"hive_column"}],"expression":null,"qualifiedName":"QUERY:hortoniabank.ww_customers@hdp:1523751089000->:INSERT:hortoniabank.ww_customers_trans@hdp:1523751175000:password","inputs":[{"guid":"92f7c1ae-95da-4ad3-b926-a0c6994541c9","typeName":"hive_column"}],"query":{"guid":"e7a3d5bd-de7d-4011-a47d-7a74a327db49","typeName":"hive_process"},"name":"insert into hortoniabank.ww_customers_trans select * from hortoniabank.ww_customers:password","description":null,"depenendencyType":"SIMPLE"},"guid":"4bbc6266-3eaf-46b4-aa6e-70ceec6f650d","status":"ACTIVE","createdBy":"hive","updatedBy":"hive","createTime":1523751216776,"updateTime":1523751216776,"version":0,"classifications":[]}}