{"referredEntities":{},"entity":{"typeName":"hive_column_lineage","attributes":{"owner":null,"outputs":[{"guid":"379d8043-a99f-4ea7-854a-7f13274d9463","typeName":"hive_column"}],"expression":null,"qualifiedName":"QUERY:hortoniabank.us_customers@hdp:1523751090000->:INSERT:hortoniabank.us_customers_trans@hdp:1523751182000:ccexpires","inputs":[{"guid":"d15b8228-8ec6-4184-9fa0-4ec14ff05d8d","typeName":"hive_column"}],"query":{"guid":"df02def0-8c93-4811-9290-8b8900990370","typeName":"hive_process"},"name":"insert into hortoniabank.us_customers_trans select * from hortoniabank.us_customers:ccexpires","description":null,"depenendencyType":"SIMPLE"},"guid":"4cab43b6-2ea6-4b78-9fc2-ea204f94abe4","status":"ACTIVE","createdBy":"hive","updatedBy":"hive","createTime":1523751249416,"updateTime":1523751249416,"version":0,"classifications":[]}}