{"referredEntities":{},"entity":{"typeName":"hive_process","attributes":{"owner":null,"outputs":[{"guid":"f45142d8-da7b-4265-beac-d132adeaa53c","typeName":"hive_table"}],"queryGraph":null,"recentQueries":["create external table if not exists finance.tax_2009 (\n                                    ssn string\n                                  , fed_tax int\n                                  , state_tax int\n                                  , local_tax int\n                                 ) row format delimited\n                                   fields terminated by ','\n                                   stored as textfile\n                                   location '/hive_data/finance/tax_2009'"],"qualifiedName":"finance.tax_2009@hdp:1523751092000","inputs":[{"guid":"db1a46c2-8625-44ab-979f-0c8c3640bd06","typeName":"hdfs_path"}],"description":null,"userName":"hive","queryId":"hive_20180415001132_cecf92e8-0ff2-4c48-8408-623b9abda475","clusterName":"hdp","name":"create external table if not exists finance.tax_2009 (\n                                    ssn string\n                                  , fed_tax int\n                                  , state_tax int\n                                  , local_tax int\n                                 ) row format delimited\n                                   fields terminated by ','\n                                   stored as textfile\n                                   location '/hive_data/finance/tax_2009'","queryText":"create external table if not exists finance.tax_2009 (\n                                    ssn string\n                                  , fed_tax int\n                                  , state_tax int\n                                  , local_tax int\n                                 ) row format delimited\n                                   fields terminated by ','\n                                   stored as textfile\n                                   location '/hive_data/finance/tax_2009'","startTime":1523751092332,"operationType":"CREATETABLE","queryPlan":"Not Supported","endTime":1523751093222},"guid":"4da6816b-1062-408c-a1f0-b685eb341de9","status":"ACTIVE","createdBy":"hive","updatedBy":"hive","createTime":1523751108112,"updateTime":1523751108112,"version":0,"classifications":[]}}