{"referredEntities":{},"entity":{"typeName":"hive_column_lineage","attributes":{"owner":null,"outputs":[{"guid":"04215f07-ef7e-43cc-91d0-d64d215057f4","typeName":"hive_column"}],"expression":null,"qualifiedName":"claim.claims_view@hdp:1523751097000:reportdate","inputs":[{"guid":"d960960a-87f0-4cb7-bb85-a7a32c5eddb0","typeName":"hive_column"}],"query":{"guid":"664c2ad5-9dfa-41d7-98ce-ad2f5a1638a6","typeName":"hive_process"},"name":"create view if not exists claim.claims_view as select * from cost_savings.claim_savings:reportdate","description":null,"depenendencyType":"SIMPLE"},"guid":"4fd81eb7-22ae-4995-818d-7d487131edc8","status":"ACTIVE","createdBy":"hive","updatedBy":"hive","createTime":1523751129137,"updateTime":1523751129137,"version":0,"classifications":[]}}