{"referredEntities":{},"entity":{"typeName":"hive_column_lineage","attributes":{"owner":null,"outputs":[{"guid":"4389b968-d292-4228-ba6e-53dbbbd629c8","typeName":"hive_column"}],"expression":null,"qualifiedName":"QUERY:hortoniabank.ww_customers@hdp:1523751089000->:INSERT:hortoniabank.ww_customers_trans@hdp:1523751175000:mothersmaiden","inputs":[{"guid":"016dc352-a30c-4fdb-a3c3-f474b073a75d","typeName":"hive_column"}],"query":{"guid":"e7a3d5bd-de7d-4011-a47d-7a74a327db49","typeName":"hive_process"},"name":"insert into hortoniabank.ww_customers_trans select * from hortoniabank.ww_customers:mothersmaiden","description":null,"depenendencyType":"SIMPLE"},"guid":"50e48560-0de4-4f26-9415-1fd467765cc5","status":"ACTIVE","createdBy":"hive","updatedBy":"hive","createTime":1523751205370,"updateTime":1523751205370,"version":0,"classifications":[]}}