{"referredEntities":{},"entity":{"typeName":"hive_column_lineage","attributes":{"owner":null,"outputs":[{"guid":"faa5c124-583a-4a60-8616-c4c11d6a828f","typeName":"hive_column"}],"expression":null,"qualifiedName":"QUERY:hortoniabank.ww_customers@hdp:1523751089000->:INSERT:hortoniabank.ww_customers_trans@hdp:1523751175000:streetaddress","inputs":[{"guid":"0b8457a6-30ec-4666-ac9c-b217dd663577","typeName":"hive_column"}],"query":{"guid":"e7a3d5bd-de7d-4011-a47d-7a74a327db49","typeName":"hive_process"},"name":"insert into hortoniabank.ww_customers_trans select * from hortoniabank.ww_customers:streetaddress","description":null,"depenendencyType":"SIMPLE"},"guid":"53a701d2-6e00-413b-97b5-a9eca6f14f74","status":"ACTIVE","createdBy":"hive","updatedBy":"hive","createTime":1523751201320,"updateTime":1523751201320,"version":0,"classifications":[]}}