{"referredEntities":{},"entity":{"typeName":"hive_column_lineage","attributes":{"owner":null,"outputs":[{"guid":"c14b64f1-426f-49f7-859e-55e12305b5a6","typeName":"hive_column"}],"expression":null,"qualifiedName":"QUERY:hortoniabank.ww_customers@hdp:1523751089000->:INSERT:hortoniabank.ww_customers_trans@hdp:1523751175000:weight","inputs":[{"guid":"b39de56b-51c5-4ce8-b994-9fb6f77bcf69","typeName":"hive_column"}],"query":{"guid":"e7a3d5bd-de7d-4011-a47d-7a74a327db49","typeName":"hive_process"},"name":"insert into hortoniabank.ww_customers_trans select * from hortoniabank.ww_customers:weight","description":null,"depenendencyType":"SIMPLE"},"guid":"53d3f793-4fae-4dfb-b1a6-1764f366bca2","status":"ACTIVE","createdBy":"hive","updatedBy":"hive","createTime":1523751200666,"updateTime":1523751200666,"version":0,"classifications":[]}}