{"referredEntities":{},"entity":{"typeName":"hive_column_lineage","attributes":{"owner":null,"outputs":[{"guid":"32a3efff-21d7-40de-9ed9-a154bfa6c1d0","typeName":"hive_column"}],"expression":null,"qualifiedName":"QUERY:hortoniabank.us_customers@hdp:1523751090000->:INSERT:hortoniabank.us_customers_trans@hdp:1523751182000:number","inputs":[{"guid":"ac3515f8-b19a-4024-b0a7-3552c051cb48","typeName":"hive_column"}],"query":{"guid":"df02def0-8c93-4811-9290-8b8900990370","typeName":"hive_process"},"name":"insert into hortoniabank.us_customers_trans select * from hortoniabank.us_customers:number","description":null,"depenendencyType":"SIMPLE"},"guid":"5458b9ef-03c2-4dc0-ab82-27c87b85c6cd","status":"ACTIVE","createdBy":"hive","updatedBy":"hive","createTime":1523751230988,"updateTime":1523751230988,"version":0,"classifications":[]}}