{"referredEntities":{"322c6004-654f-4a8e-b176-32a59f34aba6":{"typeName":"hive_column","attributes":{"owner":"hive","qualifiedName":"cost_savings.claim_savings.claimid@hdp","name":"claimid","description":null,"comment":null,"position":3,"type":"int","table":{"guid":"559ccbd9-f49b-4296-a93c-02c4db3a4b2c","typeName":"hive_table"}},"guid":"322c6004-654f-4a8e-b176-32a59f34aba6","status":"ACTIVE","createdBy":"hive","updatedBy":"hive","createTime":1523751110720,"updateTime":1523751130173,"version":0,"classifications":[]},"b8267565-2d65-49ad-b53b-39ba9b3500a6":{"typeName":"hive_column","attributes":{"owner":"hive","qualifiedName":"cost_savings.claim_savings.latitude@hdp","name":"latitude","description":null,"comment":null,"position":6,"type":"decimal(10,0)","table":{"guid":"559ccbd9-f49b-4296-a93c-02c4db3a4b2c","typeName":"hive_table"}},"guid":"b8267565-2d65-49ad-b53b-39ba9b3500a6","status":"ACTIVE","createdBy":"hive","updatedBy":"hive","createTime":1523751110720,"updateTime":1523751130173,"version":0,"classifications":[]},"ba144a6d-f51f-4c4e-ae41-80b0639865f3":{"typeName":"hive_column","attributes":{"owner":"hive","qualifiedName":"cost_savings.claim_savings.longitude@hdp","name":"longitude","description":null,"comment":null,"position":7,"type":"decimal(10,0)","table":{"guid":"559ccbd9-f49b-4296-a93c-02c4db3a4b2c","typeName":"hive_table"}},"guid":"ba144a6d-f51f-4c4e-ae41-80b0639865f3","status":"ACTIVE","createdBy":"hive","updatedBy":"hive","createTime":1523751110720,"updateTime":1523751130173,"version":0,"classifications":[]},"d960960a-87f0-4cb7-bb85-a7a32c5eddb0":{"typeName":"hive_column","attributes":{"owner":"hive","qualifiedName":"cost_savings.claim_savings.reportdate@hdp","name":"reportdate","description":null,"comment":null,"position":0,"type":"date","table":{"guid":"559ccbd9-f49b-4296-a93c-02c4db3a4b2c","typeName":"hive_table"}},"guid":"d960960a-87f0-4cb7-bb85-a7a32c5eddb0","status":"ACTIVE","createdBy":"hive","updatedBy":"hive","createTime":1523751110720,"updateTime":1523751130173,"version":0,"classifications":[]},"8dc16cd1-e92c-46c7-ad5a-6c7ce10eddc7":{"typeName":"hive_storagedesc","attributes":{"bucketCols":null,"qualifiedName":"cost_savings.claim_savings@hdp_storage","sortCols":null,"storedAsSubDirectories":false,"location":"hdfs://abajwa-dws-hortonia-ref0.field.hortonworks.com:8020/hive_data/cost_savings","compressed":false,"inputFormat":"org.apache.hadoop.mapred.TextInputFormat","outputFormat":"org.apache.hadoop.hive.ql.io.HiveIgnoreKeyTextOutputFormat","parameters":null,"table":{"guid":"559ccbd9-f49b-4296-a93c-02c4db3a4b2c","typeName":"hive_table"},"serdeInfo":{"typeName":"hive_serde","attributes":{"serializationLib":"org.apache.hadoop.hive.serde2.lazy.LazySimpleSerDe","name":null,"parameters":{"serialization.format":",","field.delim":","}}},"numBuckets":-1},"guid":"8dc16cd1-e92c-46c7-ad5a-6c7ce10eddc7","status":"ACTIVE","createdBy":"hive","updatedBy":"hive","createTime":1523751110720,"updateTime":1523751130173,"version":0,"classifications":[]},"5d3e151d-35f0-4b11-b1be-bb2d5681b070":{"typeName":"hive_column","attributes":{"owner":"hive","qualifiedName":"cost_savings.claim_savings.name@hdp","name":"name","description":null,"comment":null,"position":1,"type":"string","table":{"guid":"559ccbd9-f49b-4296-a93c-02c4db3a4b2c","typeName":"hive_table"}},"guid":"5d3e151d-35f0-4b11-b1be-bb2d5681b070","status":"ACTIVE","createdBy":"hive","updatedBy":"hive","createTime":1523751110720,"updateTime":1523751130173,"version":0,"classifications":[]},"048e8598-623c-42e4-93a4-914cbcd0abb2":{"typeName":"hive_column","attributes":{"owner":"hive","qualifiedName":"cost_savings.claim_savings.sequenceid@hdp","name":"sequenceid","description":null,"comment":null,"position":2,"type":"int","table":{"guid":"559ccbd9-f49b-4296-a93c-02c4db3a4b2c","typeName":"hive_table"}},"guid":"048e8598-623c-42e4-93a4-914cbcd0abb2","status":"ACTIVE","createdBy":"hive","updatedBy":"hive","createTime":1523751110720,"updateTime":1523751130173,"version":0,"classifications":[]},"3238b1e7-62c8-4db3-b850-ad095bfdb7ae":{"typeName":"hive_column","attributes":{"owner":"hive","qualifiedName":"cost_savings.claim_savings.costsavings@hdp","name":"costsavings","description":null,"comment":null,"position":4,"type":"int","table":{"guid":"559ccbd9-f49b-4296-a93c-02c4db3a4b2c","typeName":"hive_table"}},"guid":"3238b1e7-62c8-4db3-b850-ad095bfdb7ae","status":"ACTIVE","createdBy":"hive","updatedBy":"hive","createTime":1523751110720,"updateTime":1523751130173,"version":0,"classifications":[]},"b0b98c4d-b733-45c7-883c-6c66d05378e6":{"typeName":"hive_column","attributes":{"owner":"hive","qualifiedName":"cost_savings.claim_savings.eligibilitycode@hdp","name":"eligibilitycode","description":null,"comment":null,"position":5,"type":"int","table":{"guid":"559ccbd9-f49b-4296-a93c-02c4db3a4b2c","typeName":"hive_table"}},"guid":"b0b98c4d-b733-45c7-883c-6c66d05378e6","status":"ACTIVE","createdBy":"hive","updatedBy":"hive","createTime":1523751110720,"updateTime":1523751130173,"version":0,"classifications":[]}},"entity":{"typeName":"hive_table","attributes":{"owner":"hive","temporary":false,"lastAccessTime":1523751095000,"aliases":null,"qualifiedName":"cost_savings.claim_savings@hdp","columns":[{"guid":"d960960a-87f0-4cb7-bb85-a7a32c5eddb0","typeName":"hive_column"},{"guid":"5d3e151d-35f0-4b11-b1be-bb2d5681b070","typeName":"hive_column"},{"guid":"048e8598-623c-42e4-93a4-914cbcd0abb2","typeName":"hive_column"},{"guid":"322c6004-654f-4a8e-b176-32a59f34aba6","typeName":"hive_column"},{"guid":"3238b1e7-62c8-4db3-b850-ad095bfdb7ae","typeName":"hive_column"},{"guid":"b0b98c4d-b733-45c7-883c-6c66d05378e6","typeName":"hive_column"},{"guid":"b8267565-2d65-49ad-b53b-39ba9b3500a6","typeName":"hive_column"},{"guid":"ba144a6d-f51f-4c4e-ae41-80b0639865f3","typeName":"hive_column"}],"description":null,"viewExpandedText":null,"sd":{"guid":"8dc16cd1-e92c-46c7-ad5a-6c7ce10eddc7","typeName":"hive_storagedesc"},"tableType":"EXTERNAL_TABLE","createTime":1523751095000,"name":"claim_savings","comment":"Claims Savings","partitionKeys":null,"parameters":{"transient_lastDdlTime":"1523751095","comment":"Claims Savings","totalSize":"6830","EXTERNAL":"TRUE","numFiles":"1"},"db":{"guid":"a6506bc7-c4e0-4e6d-8b8a-e9d8498eb80a","typeName":"hive_db"},"retention":0,"viewOriginalText":null},"guid":"559ccbd9-f49b-4296-a93c-02c4db3a4b2c","status":"ACTIVE","createdBy":"hive","updatedBy":"hive","createTime":1523751110720,"updateTime":1523751130173,"version":0,"classifications":[{"typeName":"DATA_QUALITY","attributes":{"score":0.51}}]}}