{"referredEntities":{},"entity":{"typeName":"hive_column_lineage","attributes":{"owner":null,"outputs":[{"guid":"9e660888-5cee-4f1f-a597-b9cec6f8042a","typeName":"hive_column"}],"expression":null,"qualifiedName":"QUERY:hortoniabank.us_customers@hdp:1523751090000->:INSERT:hortoniabank.us_customers_trans@hdp:1523751182000:company","inputs":[{"guid":"f9479efa-35b0-4372-89d0-7b47e4f7bc47","typeName":"hive_column"}],"query":{"guid":"df02def0-8c93-4811-9290-8b8900990370","typeName":"hive_process"},"name":"insert into hortoniabank.us_customers_trans select * from hortoniabank.us_customers:company","description":null,"depenendencyType":"SIMPLE"},"guid":"56e32986-2b47-4d8c-96e1-264febefc1ad","status":"ACTIVE","createdBy":"hive","updatedBy":"hive","createTime":1523751226567,"updateTime":1523751226567,"version":0,"classifications":[]}}