{"referredEntities":{},"entity":{"typeName":"hdfs_path","attributes":{"owner":null,"modifiedTime":0,"isFile":false,"numberOfReplicas":0,"qualifiedName":"hdfs://abajwa-dws-hortonia-ref0.field.hortonworks.com:8020/hive_data/hortoniabank/us_customers","description":null,"extendedAttributes":null,"path":"hdfs://abajwa-dws-hortonia-ref0.field.hortonworks.com:8020/hive_data/hortoniabank/us_customers","posixPermissions":null,"createTime":0,"fileSize":0,"clusterName":"hdp","name":"/hive_data/hortoniabank/us_customers","isSymlink":false,"group":null},"guid":"57358509-9424-4175-a121-6baa616a495e","status":"ACTIVE","createdBy":"hive","updatedBy":"hive","createTime":1523751105974,"updateTime":1523751105974,"version":0,"classifications":[]}}