{"referredEntities":{},"entity":{"typeName":"hive_column_lineage","attributes":{"owner":null,"outputs":[{"guid":"74bbebf7-554b-4ce6-a025-ff0904fc79d9","typeName":"hive_column"}],"expression":null,"qualifiedName":"QUERY:consent_master.consent_data@hdp:1523751099000->:INSERT:consent_master.consent_data_trans@hdp:1523751153000:marketingconsent","inputs":[{"guid":"b1c1dc6d-c04a-4129-b021-3a84c57003cc","typeName":"hive_column"}],"query":{"guid":"0e9bc062-ff2d-45f6-9f1b-fdce372dfe41","typeName":"hive_process"},"name":"insert into consent_master.consent_data_trans select * from consent_master.consent_data:marketingconsent","description":null,"depenendencyType":"SIMPLE"},"guid":"588635d6-ca99-4137-9706-e9bd14cb4805","status":"ACTIVE","createdBy":"hive","updatedBy":"hive","createTime":1523751177078,"updateTime":1523751177078,"version":0,"classifications":[]}}