{"referredEntities":{},"entity":{"typeName":"hive_column_lineage","attributes":{"owner":null,"outputs":[{"guid":"269a67c6-888e-474f-9ead-3416c468b5ba","typeName":"hive_column"}],"expression":null,"qualifiedName":"QUERY:hortoniabank.us_customers@hdp:1523751090000->:INSERT:hortoniabank.us_customers_trans@hdp:1523751182000:latitude","inputs":[{"guid":"8903f7bc-8999-44eb-93d1-f1676db7b35d","typeName":"hive_column"}],"query":{"guid":"df02def0-8c93-4811-9290-8b8900990370","typeName":"hive_process"},"name":"insert into hortoniabank.us_customers_trans select * from hortoniabank.us_customers:latitude","description":null,"depenendencyType":"SIMPLE"},"guid":"5cfcbf70-3d32-49ec-ad5b-ed7d7ab0202c","status":"ACTIVE","createdBy":"hive","updatedBy":"hive","createTime":1523751243925,"updateTime":1523751243925,"version":0,"classifications":[]}}