{"referredEntities":{},"entity":{"typeName":"hive_column_lineage","attributes":{"owner":null,"outputs":[{"guid":"de5b74b7-a155-4c0d-8c7c-1ba76bf98ba9","typeName":"hive_column"}],"expression":null,"qualifiedName":"QUERY:hortoniabank.ww_customers@hdp:1523751089000->:INSERT:hortoniabank.ww_customers_trans@hdp:1523751175000:domain","inputs":[{"guid":"54b8256f-2a35-4181-991a-cdfd03809caf","typeName":"hive_column"}],"query":{"guid":"e7a3d5bd-de7d-4011-a47d-7a74a327db49","typeName":"hive_process"},"name":"insert into hortoniabank.ww_customers_trans select * from hortoniabank.ww_customers:domain","description":null,"depenendencyType":"SIMPLE"},"guid":"5eb6e3eb-f76a-46e7-89fe-ee915e6b2974","status":"ACTIVE","createdBy":"hive","updatedBy":"hive","createTime":1523751194284,"updateTime":1523751194284,"version":0,"classifications":[]}}