{"referredEntities":{"a3ee4254-ae6f-4476-8abf-844a0fa8bcf3":{"typeName":"hive_column","attributes":{"owner":"hive","qualifiedName":"hortoniabank.ww_customers.city@hdp","name":"city","description":null,"comment":null,"position":8,"type":"string","table":{"guid":"62530552-d155-497a-9fdb-cc583eb981bf","typeName":"hive_table"}},"guid":"a3ee4254-ae6f-4476-8abf-844a0fa8bcf3","status":"ACTIVE","createdBy":"hive","updatedBy":"hive","createTime":1523751094299,"updateTime":1523751222853,"version":0,"classifications":[]},"2c49183a-2c25-4f3f-99b5-0425d66f74d3":{"typeName":"hive_column","attributes":{"owner":"hive","qualifiedName":"hortoniabank.ww_customers.bloodtype@hdp","name":"bloodtype","description":null,"comment":null,"position":35,"type":"string","table":{"guid":"62530552-d155-497a-9fdb-cc583eb981bf","typeName":"hive_table"}},"guid":"2c49183a-2c25-4f3f-99b5-0425d66f74d3","status":"ACTIVE","createdBy":"hive","updatedBy":"hive","createTime":1523751094299,"updateTime":1523751222853,"version":0,"classifications":[]},"d01a06c5-e9cd-43c7-8c07-4db222aa4a85":{"typeName":"hive_column","attributes":{"owner":"hive","qualifiedName":"hortoniabank.ww_customers.cctype@hdp","name":"cctype","description":null,"comment":null,"position":23,"type":"string","table":{"guid":"62530552-d155-497a-9fdb-cc583eb981bf","typeName":"hive_table"}},"guid":"d01a06c5-e9cd-43c7-8c07-4db222aa4a85","status":"ACTIVE","createdBy":"hive","updatedBy":"hive","createTime":1523751094299,"updateTime":1523751222853,"version":0,"classifications":[]},"0e23c2ae-665d-42f9-abc9-c6c0972e55e1":{"typeName":"hive_column","attributes":{"owner":"hive","qualifiedName":"hortoniabank.ww_customers.middleinitial@hdp","name":"middleinitial","description":null,"comment":null,"position":3,"type":"string","table":{"guid":"62530552-d155-497a-9fdb-cc583eb981bf","typeName":"hive_table"}},"guid":"0e23c2ae-665d-42f9-abc9-c6c0972e55e1","status":"ACTIVE","createdBy":"hive","updatedBy":"hive","createTime":1523751094299,"updateTime":1523751222853,"version":0,"classifications":[]},"1bf7450c-7044-4b43-9860-defa2b87c5e6":{"typeName":"hive_column","attributes":{"owner":"hive","qualifiedName":"hortoniabank.ww_customers.nationalid@hdp","name":"nationalid","description":null,"comment":null,"position":27,"type":"string","table":{"guid":"62530552-d155-497a-9fdb-cc583eb981bf","typeName":"hive_table"}},"guid":"1bf7450c-7044-4b43-9860-defa2b87c5e6","status":"ACTIVE","createdBy":"hive","updatedBy":"hive","createTime":1523751094299,"updateTime":1523751222853,"version":0,"classifications":[{"typeName":"PII","attributes":{"type":"ssn"}}]},"a14b4256-ab58-4fa6-a838-1d99148bc1b1":{"typeName":"hive_column","attributes":{"owner":"hive","qualifiedName":"hortoniabank.ww_customers.telephonenumber@hdp","name":"telephonenumber","description":null,"comment":null,"position":17,"type":"string","table":{"guid":"62530552-d155-497a-9fdb-cc583eb981bf","typeName":"hive_table"}},"guid":"a14b4256-ab58-4fa6-a838-1d99148bc1b1","status":"ACTIVE","createdBy":"hive","updatedBy":"hive","createTime":1523751094299,"updateTime":1523751222853,"version":0,"classifications":[]},"1ec22228-2c38-4d60-80aa-fa98b17adf8b":{"typeName":"hive_column","attributes":{"owner":"hive","qualifiedName":"hortoniabank.ww_customers.country@hdp","name":"country","description":null,"comment":null,"position":12,"type":"string","table":{"guid":"62530552-d155-497a-9fdb-cc583eb981bf","typeName":"hive_table"}},"guid":"1ec22228-2c38-4d60-80aa-fa98b17adf8b","status":"ACTIVE","createdBy":"hive","updatedBy":"hive","createTime":1523751094299,"updateTime":1523751222853,"version":0,"classifications":[]},"e34295b2-6f19-48af-82e3-d7cf1b9c5a1f":{"typeName":"hive_column","attributes":{"owner":"hive","qualifiedName":"hortoniabank.ww_customers.zipcode@hdp","name":"zipcode","description":null,"comment":null,"position":11,"type":"string","table":{"guid":"62530552-d155-497a-9fdb-cc583eb981bf","typeName":"hive_table"}},"guid":"e34295b2-6f19-48af-82e3-d7cf1b9c5a1f","status":"ACTIVE","createdBy":"hive","updatedBy":"hive","createTime":1523751094299,"updateTime":1523751222853,"version":0,"classifications":[]},"6d9dca43-a104-46a1-a29a-99ce7886a54a":{"typeName":"hive_column","attributes":{"owner":"hive","qualifiedName":"hortoniabank.ww_customers.surname@hdp","name":"surname","description":null,"comment":null,"position":4,"type":"string","table":{"guid":"62530552-d155-497a-9fdb-cc583eb981bf","typeName":"hive_table"}},"guid":"6d9dca43-a104-46a1-a29a-99ce7886a54a","status":"ACTIVE","createdBy":"hive","updatedBy":"hive","createTime":1523751094299,"updateTime":1523751222853,"version":0,"classifications":[]},"34b6463d-5d7d-41a1-84df-203bc1b479f7":{"typeName":"hive_column","attributes":{"owner":"hive","qualifiedName":"hortoniabank.ww_customers.age@hdp","name":"age","description":null,"comment":null,"position":21,"type":"int","table":{"guid":"62530552-d155-497a-9fdb-cc583eb981bf","typeName":"hive_table"}},"guid":"34b6463d-5d7d-41a1-84df-203bc1b479f7","status":"ACTIVE","createdBy":"hive","updatedBy":"hive","createTime":1523751094299,"updateTime":1523751222853,"version":0,"classifications":[]},"813e4f9a-bb4e-45d1-b3ef-b3a458bba6c3":{"typeName":"hive_column","attributes":{"owner":"hive","qualifiedName":"hortoniabank.ww_customers.ccexpires@hdp","name":"ccexpires","description":null,"comment":null,"position":26,"type":"string","table":{"guid":"62530552-d155-497a-9fdb-cc583eb981bf","typeName":"hive_table"}},"guid":"813e4f9a-bb4e-45d1-b3ef-b3a458bba6c3","status":"ACTIVE","createdBy":"hive","updatedBy":"hive","createTime":1523751094299,"updateTime":1523751222853,"version":0,"classifications":[]},"20a730b4-1e85-4e8d-990f-b55d49e541a1":{"typeName":"hive_column","attributes":{"owner":"hive","qualifiedName":"hortoniabank.ww_customers.telephonecountrycode@hdp","name":"telephonecountrycode","description":null,"comment":null,"position":18,"type":"int","table":{"guid":"62530552-d155-497a-9fdb-cc583eb981bf","typeName":"hive_table"}},"guid":"20a730b4-1e85-4e8d-990f-b55d49e541a1","status":"ACTIVE","createdBy":"hive","updatedBy":"hive","createTime":1523751094299,"updateTime":1523751222853,"version":0,"classifications":[]},"92ca30f3-5a96-43e8-9a9e-2d3d27f34929":{"typeName":"hive_column","attributes":{"owner":"hive","qualifiedName":"hortoniabank.ww_customers.givenname@hdp","name":"givenname","description":null,"comment":null,"position":2,"type":"string","table":{"guid":"62530552-d155-497a-9fdb-cc583eb981bf","typeName":"hive_table"}},"guid":"92ca30f3-5a96-43e8-9a9e-2d3d27f34929","status":"ACTIVE","createdBy":"hive","updatedBy":"hive","createTime":1523751094299,"updateTime":1523751222853,"version":0,"classifications":[]},"02a2ae30-dceb-4f3a-8b19-8cc60853bab8":{"typeName":"hive_storagedesc","attributes":{"bucketCols":null,"qualifiedName":"hortoniabank.ww_customers@hdp_storage","sortCols":null,"storedAsSubDirectories":false,"location":"hdfs://abajwa-dws-hortonia-ref0.field.hortonworks.com:8020/hive_data/hortoniabank/ww_customers","compressed":false,"inputFormat":"org.apache.hadoop.mapred.TextInputFormat","outputFormat":"org.apache.hadoop.hive.ql.io.HiveIgnoreKeyTextOutputFormat","parameters":null,"table":{"guid":"62530552-d155-497a-9fdb-cc583eb981bf","typeName":"hive_table"},"serdeInfo":{"typeName":"hive_serde","attributes":{"serializationLib":"org.apache.hadoop.hive.serde2.lazy.LazySimpleSerDe","name":null,"parameters":{"serialization.format":",","field.delim":","}}},"numBuckets":-1},"guid":"02a2ae30-dceb-4f3a-8b19-8cc60853bab8","status":"ACTIVE","createdBy":"hive","updatedBy":"hive","createTime":1523751094299,"updateTime":1523751222853,"version":0,"classifications":[]},"2877631a-0349-468e-bf17-a834f7b32706":{"typeName":"hive_column","attributes":{"owner":"hive","qualifiedName":"hortoniabank.ww_customers.mrn@hdp","name":"mrn","description":null,"comment":null,"position":28,"type":"string","table":{"guid":"62530552-d155-497a-9fdb-cc583eb981bf","typeName":"hive_table"}},"guid":"2877631a-0349-468e-bf17-a834f7b32706","status":"ACTIVE","createdBy":"hive","updatedBy":"hive","createTime":1523751094299,"updateTime":1523751222853,"version":0,"classifications":[]},"54b8256f-2a35-4181-991a-cdfd03809caf":{"typeName":"hive_column","attributes":{"owner":"hive","qualifiedName":"hortoniabank.ww_customers.domain@hdp","name":"domain","description":null,"comment":null,"position":34,"type":"string","table":{"guid":"62530552-d155-497a-9fdb-cc583eb981bf","typeName":"hive_table"}},"guid":"54b8256f-2a35-4181-991a-cdfd03809caf","status":"ACTIVE","createdBy":"hive","updatedBy":"hive","createTime":1523751094299,"updateTime":1523751222853,"version":0,"classifications":[]},"cb56869e-40b3-48c6-bba5-6336714cf243":{"typeName":"hive_column","attributes":{"owner":"hive","qualifiedName":"hortoniabank.ww_customers.eyecolor@hdp","name":"eyecolor","description":null,"comment":null,"position":30,"type":"string","table":{"guid":"62530552-d155-497a-9fdb-cc583eb981bf","typeName":"hive_table"}},"guid":"cb56869e-40b3-48c6-bba5-6336714cf243","status":"ACTIVE","createdBy":"hive","updatedBy":"hive","createTime":1523751094299,"updateTime":1523751222853,"version":0,"classifications":[]},"b39de56b-51c5-4ce8-b994-9fb6f77bcf69":{"typeName":"hive_column","attributes":{"owner":"hive","qualifiedName":"hortoniabank.ww_customers.weight@hdp","name":"weight","description":null,"comment":null,"position":36,"type":"double","table":{"guid":"62530552-d155-497a-9fdb-cc583eb981bf","typeName":"hive_table"}},"guid":"b39de56b-51c5-4ce8-b994-9fb6f77bcf69","status":"ACTIVE","createdBy":"hive","updatedBy":"hive","createTime":1523751094299,"updateTime":1523751222853,"version":0,"classifications":[]},"50d40d30-6928-4a47-bba5-3afae7a815df":{"typeName":"hive_column","attributes":{"owner":"hive","qualifiedName":"hortoniabank.ww_customers.birthday@hdp","name":"birthday","description":null,"comment":null,"position":20,"type":"string","table":{"guid":"62530552-d155-497a-9fdb-cc583eb981bf","typeName":"hive_table"}},"guid":"50d40d30-6928-4a47-bba5-3afae7a815df","status":"ACTIVE","createdBy":"hive","updatedBy":"hive","createTime":1523751094299,"updateTime":1523751222853,"version":0,"classifications":[]},"685bba3e-8e7f-470c-9a7e-84ad01ca0e28":{"typeName":"hive_column","attributes":{"owner":"hive","qualifiedName":"hortoniabank.ww_customers.tropicalzodiac@hdp","name":"tropicalzodiac","description":null,"comment":null,"position":22,"type":"string","table":{"guid":"62530552-d155-497a-9fdb-cc583eb981bf","typeName":"hive_table"}},"guid":"685bba3e-8e7f-470c-9a7e-84ad01ca0e28","status":"ACTIVE","createdBy":"hive","updatedBy":"hive","createTime":1523751094299,"updateTime":1523751222853,"version":0,"classifications":[]},"6e6d46de-0d15-4bbe-bb8b-9c4bdad07098":{"typeName":"hive_column","attributes":{"owner":"hive","qualifiedName":"hortoniabank.ww_customers.username@hdp","name":"username","description":null,"comment":null,"position":15,"type":"string","table":{"guid":"62530552-d155-497a-9fdb-cc583eb981bf","typeName":"hive_table"}},"guid":"6e6d46de-0d15-4bbe-bb8b-9c4bdad07098","status":"ACTIVE","createdBy":"hive","updatedBy":"hive","createTime":1523751094299,"updateTime":1523751222853,"version":0,"classifications":[]},"3cdd0576-961d-43f4-b190-75e0096471db":{"typeName":"hive_column","attributes":{"owner":"hive","qualifiedName":"hortoniabank.ww_customers.number@hdp","name":"number","description":null,"comment":null,"position":5,"type":"int","table":{"guid":"62530552-d155-497a-9fdb-cc583eb981bf","typeName":"hive_table"}},"guid":"3cdd0576-961d-43f4-b190-75e0096471db","status":"ACTIVE","createdBy":"hive","updatedBy":"hive","createTime":1523751094299,"updateTime":1523751222853,"version":0,"classifications":[]},"601273f8-4d10-4325-83e4-e645851c6509":{"typeName":"hive_column","attributes":{"owner":"hive","qualifiedName":"hortoniabank.ww_customers.cvv2@hdp","name":"cvv2","description":null,"comment":null,"position":25,"type":"string","table":{"guid":"62530552-d155-497a-9fdb-cc583eb981bf","typeName":"hive_table"}},"guid":"601273f8-4d10-4325-83e4-e645851c6509","status":"ACTIVE","createdBy":"hive","updatedBy":"hive","createTime":1523751094299,"updateTime":1523751222853,"version":0,"classifications":[]},"8e24065c-87d4-4948-a096-bfb621fb4b2a":{"typeName":"hive_column","attributes":{"owner":"hive","qualifiedName":"hortoniabank.ww_customers.nameset@hdp","name":"nameset","description":null,"comment":null,"position":6,"type":"string","table":{"guid":"62530552-d155-497a-9fdb-cc583eb981bf","typeName":"hive_table"}},"guid":"8e24065c-87d4-4948-a096-bfb621fb4b2a","status":"ACTIVE","createdBy":"hive","updatedBy":"hive","createTime":1523751094299,"updateTime":1523751222853,"version":0,"classifications":[]},"bcac2dad-01f0-4d47-8a16-a32767e16457":{"typeName":"hive_column","attributes":{"owner":"hive","qualifiedName":"hortoniabank.ww_customers.state@hdp","name":"state","description":null,"comment":null,"position":9,"type":"string","table":{"guid":"62530552-d155-497a-9fdb-cc583eb981bf","typeName":"hive_table"}},"guid":"bcac2dad-01f0-4d47-8a16-a32767e16457","status":"ACTIVE","createdBy":"hive","updatedBy":"hive","createTime":1523751094299,"updateTime":1523751222853,"version":0,"classifications":[]},"d948e757-49e1-4ae8-9348-04566f74e206":{"typeName":"hive_column","attributes":{"owner":"hive","qualifiedName":"hortoniabank.ww_customers.longitude@hdp","name":"longitude","description":null,"comment":null,"position":39,"type":"double","table":{"guid":"62530552-d155-497a-9fdb-cc583eb981bf","typeName":"hive_table"}},"guid":"d948e757-49e1-4ae8-9348-04566f74e206","status":"ACTIVE","createdBy":"hive","updatedBy":"hive","createTime":1523751094299,"updateTime":1523751222853,"version":0,"classifications":[]},"d32c5b8a-4494-41a2-9e5e-3463ea15b8a9":{"typeName":"hive_column","attributes":{"owner":"hive","qualifiedName":"hortoniabank.ww_customers.gender@hdp","name":"gender","description":null,"comment":null,"position":0,"type":"string","table":{"guid":"62530552-d155-497a-9fdb-cc583eb981bf","typeName":"hive_table"}},"guid":"d32c5b8a-4494-41a2-9e5e-3463ea15b8a9","status":"ACTIVE","createdBy":"hive","updatedBy":"hive","createTime":1523751094299,"updateTime":1523751222853,"version":0,"classifications":[]},"92f7c1ae-95da-4ad3-b926-a0c6994541c9":{"typeName":"hive_column","attributes":{"owner":"hive","qualifiedName":"hortoniabank.ww_customers.password@hdp","name":"password","description":null,"comment":null,"position":16,"type":"string","table":{"guid":"62530552-d155-497a-9fdb-cc583eb981bf","typeName":"hive_table"}},"guid":"92f7c1ae-95da-4ad3-b926-a0c6994541c9","status":"ACTIVE","createdBy":"hive","updatedBy":"hive","createTime":1523751094299,"updateTime":1523751222853,"version":0,"classifications":[]},"b1e248da-cf41-4f0c-8667-0f9103319bfb":{"typeName":"hive_column","attributes":{"owner":"hive","qualifiedName":"hortoniabank.ww_customers.vehicle@hdp","name":"vehicle","description":null,"comment":null,"position":33,"type":"string","table":{"guid":"62530552-d155-497a-9fdb-cc583eb981bf","typeName":"hive_table"}},"guid":"b1e248da-cf41-4f0c-8667-0f9103319bfb","status":"ACTIVE","createdBy":"hive","updatedBy":"hive","createTime":1523751094299,"updateTime":1523751222853,"version":0,"classifications":[]},"a7ca5d99-e245-4693-b247-9065e0510c86":{"typeName":"hive_column","attributes":{"owner":"hive","qualifiedName":"hortoniabank.ww_customers.height@hdp","name":"height","description":null,"comment":null,"position":37,"type":"int","table":{"guid":"62530552-d155-497a-9fdb-cc583eb981bf","typeName":"hive_table"}},"guid":"a7ca5d99-e245-4693-b247-9065e0510c86","status":"ACTIVE","createdBy":"hive","updatedBy":"hive","createTime":1523751094299,"updateTime":1523751222853,"version":0,"classifications":[]},"4eab6082-3ed3-492f-8256-916df46c0a7e":{"typeName":"hive_column","attributes":{"owner":"hive","qualifiedName":"hortoniabank.ww_customers.ccnumber@hdp","name":"ccnumber","description":null,"comment":null,"position":24,"type":"string","table":{"guid":"62530552-d155-497a-9fdb-cc583eb981bf","typeName":"hive_table"}},"guid":"4eab6082-3ed3-492f-8256-916df46c0a7e","status":"ACTIVE","createdBy":"hive","updatedBy":"hive","createTime":1523751094299,"updateTime":1523751222853,"version":0,"classifications":[{"typeName":"PII","attributes":{"type":"ccn"}}]},"3dd81621-3098-4671-ad86-faa529084388":{"typeName":"hive_column","attributes":{"owner":"hive","qualifiedName":"hortoniabank.ww_customers.countryfull@hdp","name":"countryfull","description":null,"comment":null,"position":13,"type":"string","table":{"guid":"62530552-d155-497a-9fdb-cc583eb981bf","typeName":"hive_table"}},"guid":"3dd81621-3098-4671-ad86-faa529084388","status":"ACTIVE","createdBy":"hive","updatedBy":"hive","createTime":1523751094299,"updateTime":1523751222853,"version":0,"classifications":[]},"a9bb4cc1-1b82-44f9-9f39-f6505bc3a8fe":{"typeName":"hive_column","attributes":{"owner":"hive","qualifiedName":"hortoniabank.ww_customers.title@hdp","name":"title","description":null,"comment":null,"position":1,"type":"string","table":{"guid":"62530552-d155-497a-9fdb-cc583eb981bf","typeName":"hive_table"}},"guid":"a9bb4cc1-1b82-44f9-9f39-f6505bc3a8fe","status":"ACTIVE","createdBy":"hive","updatedBy":"hive","createTime":1523751094299,"updateTime":1523751222853,"version":0,"classifications":[]},"d09d661c-6dc1-4b85-a9e3-8d0d9500e83a":{"typeName":"hive_column","attributes":{"owner":"hive","qualifiedName":"hortoniabank.ww_customers.insuranceid@hdp","name":"insuranceid","description":null,"comment":null,"position":29,"type":"string","table":{"guid":"62530552-d155-497a-9fdb-cc583eb981bf","typeName":"hive_table"}},"guid":"d09d661c-6dc1-4b85-a9e3-8d0d9500e83a","status":"ACTIVE","createdBy":"hive","updatedBy":"hive","createTime":1523751094299,"updateTime":1523751222853,"version":0,"classifications":[]},"0245a7d5-c8b1-4055-82ff-94388855dc85":{"typeName":"hive_column","attributes":{"owner":"hive","qualifiedName":"hortoniabank.ww_customers.statefull@hdp","name":"statefull","description":null,"comment":null,"position":10,"type":"string","table":{"guid":"62530552-d155-497a-9fdb-cc583eb981bf","typeName":"hive_table"}},"guid":"0245a7d5-c8b1-4055-82ff-94388855dc85","status":"ACTIVE","createdBy":"hive","updatedBy":"hive","createTime":1523751094299,"updateTime":1523751222853,"version":0,"classifications":[]},"e9a462dd-8afd-4423-8601-2195ed4e385a":{"typeName":"hive_column","attributes":{"owner":"hive","qualifiedName":"hortoniabank.ww_customers.emailaddress@hdp","name":"emailaddress","description":null,"comment":null,"position":14,"type":"string","table":{"guid":"62530552-d155-497a-9fdb-cc583eb981bf","typeName":"hive_table"}},"guid":"e9a462dd-8afd-4423-8601-2195ed4e385a","status":"ACTIVE","createdBy":"hive","updatedBy":"hive","createTime":1523751094299,"updateTime":1523751222853,"version":0,"classifications":[{"typeName":"PII","attributes":{"type":"Email"}}]},"20c3c3af-0f36-4524-866a-8006fe5e9586":{"typeName":"hive_column","attributes":{"owner":"hive","qualifiedName":"hortoniabank.ww_customers.latitude@hdp","name":"latitude","description":null,"comment":null,"position":38,"type":"double","table":{"guid":"62530552-d155-497a-9fdb-cc583eb981bf","typeName":"hive_table"}},"guid":"20c3c3af-0f36-4524-866a-8006fe5e9586","status":"ACTIVE","createdBy":"hive","updatedBy":"hive","createTime":1523751094299,"updateTime":1523751222853,"version":0,"classifications":[]},"0b8457a6-30ec-4666-ac9c-b217dd663577":{"typeName":"hive_column","attributes":{"owner":"hive","qualifiedName":"hortoniabank.ww_customers.streetaddress@hdp","name":"streetaddress","description":null,"comment":null,"position":7,"type":"string","table":{"guid":"62530552-d155-497a-9fdb-cc583eb981bf","typeName":"hive_table"}},"guid":"0b8457a6-30ec-4666-ac9c-b217dd663577","status":"ACTIVE","createdBy":"hive","updatedBy":"hive","createTime":1523751094299,"updateTime":1523751222853,"version":0,"classifications":[]},"016dc352-a30c-4fdb-a3c3-f474b073a75d":{"typeName":"hive_column","attributes":{"owner":"hive","qualifiedName":"hortoniabank.ww_customers.mothersmaiden@hdp","name":"mothersmaiden","description":null,"comment":null,"position":19,"type":"string","table":{"guid":"62530552-d155-497a-9fdb-cc583eb981bf","typeName":"hive_table"}},"guid":"016dc352-a30c-4fdb-a3c3-f474b073a75d","status":"ACTIVE","createdBy":"hive","updatedBy":"hive","createTime":1523751094299,"updateTime":1523751222853,"version":0,"classifications":[]},"95384568-8cf1-41c4-b3e6-cc0a424f16da":{"typeName":"hive_column","attributes":{"owner":"hive","qualifiedName":"hortoniabank.ww_customers.occupation@hdp","name":"occupation","description":null,"comment":null,"position":31,"type":"string","table":{"guid":"62530552-d155-497a-9fdb-cc583eb981bf","typeName":"hive_table"}},"guid":"95384568-8cf1-41c4-b3e6-cc0a424f16da","status":"ACTIVE","createdBy":"hive","updatedBy":"hive","createTime":1523751094299,"updateTime":1523751222853,"version":0,"classifications":[]},"407fe92d-907c-4849-ab0c-9b8aa808e8ff":{"typeName":"hive_column","attributes":{"owner":"hive","qualifiedName":"hortoniabank.ww_customers.company@hdp","name":"company","description":null,"comment":null,"position":32,"type":"string","table":{"guid":"62530552-d155-497a-9fdb-cc583eb981bf","typeName":"hive_table"}},"guid":"407fe92d-907c-4849-ab0c-9b8aa808e8ff","status":"ACTIVE","createdBy":"hive","updatedBy":"hive","createTime":1523751094299,"updateTime":1523751222853,"version":0,"classifications":[]}},"entity":{"typeName":"hive_table","attributes":{"owner":"hive","temporary":false,"lastAccessTime":1523751089000,"aliases":null,"qualifiedName":"hortoniabank.ww_customers@hdp","columns":[{"guid":"d32c5b8a-4494-41a2-9e5e-3463ea15b8a9","typeName":"hive_column"},{"guid":"a9bb4cc1-1b82-44f9-9f39-f6505bc3a8fe","typeName":"hive_column"},{"guid":"92ca30f3-5a96-43e8-9a9e-2d3d27f34929","typeName":"hive_column"},{"guid":"0e23c2ae-665d-42f9-abc9-c6c0972e55e1","typeName":"hive_column"},{"guid":"6d9dca43-a104-46a1-a29a-99ce7886a54a","typeName":"hive_column"},{"guid":"3cdd0576-961d-43f4-b190-75e0096471db","typeName":"hive_column"},{"guid":"8e24065c-87d4-4948-a096-bfb621fb4b2a","typeName":"hive_column"},{"guid":"0b8457a6-30ec-4666-ac9c-b217dd663577","typeName":"hive_column"},{"guid":"a3ee4254-ae6f-4476-8abf-844a0fa8bcf3","typeName":"hive_column"},{"guid":"bcac2dad-01f0-4d47-8a16-a32767e16457","typeName":"hive_column"},{"guid":"0245a7d5-c8b1-4055-82ff-94388855dc85","typeName":"hive_column"},{"guid":"e34295b2-6f19-48af-82e3-d7cf1b9c5a1f","typeName":"hive_column"},{"guid":"1ec22228-2c38-4d60-80aa-fa98b17adf8b","typeName":"hive_column"},{"guid":"3dd81621-3098-4671-ad86-faa529084388","typeName":"hive_column"},{"guid":"e9a462dd-8afd-4423-8601-2195ed4e385a","typeName":"hive_column"},{"guid":"6e6d46de-0d15-4bbe-bb8b-9c4bdad07098","typeName":"hive_column"},{"guid":"92f7c1ae-95da-4ad3-b926-a0c6994541c9","typeName":"hive_column"},{"guid":"a14b4256-ab58-4fa6-a838-1d99148bc1b1","typeName":"hive_column"},{"guid":"20a730b4-1e85-4e8d-990f-b55d49e541a1","typeName":"hive_column"},{"guid":"016dc352-a30c-4fdb-a3c3-f474b073a75d","typeName":"hive_column"},{"guid":"50d40d30-6928-4a47-bba5-3afae7a815df","typeName":"hive_column"},{"guid":"34b6463d-5d7d-41a1-84df-203bc1b479f7","typeName":"hive_column"},{"guid":"685bba3e-8e7f-470c-9a7e-84ad01ca0e28","typeName":"hive_column"},{"guid":"d01a06c5-e9cd-43c7-8c07-4db222aa4a85","typeName":"hive_column"},{"guid":"4eab6082-3ed3-492f-8256-916df46c0a7e","typeName":"hive_column"},{"guid":"601273f8-4d10-4325-83e4-e645851c6509","typeName":"hive_column"},{"guid":"813e4f9a-bb4e-45d1-b3ef-b3a458bba6c3","typeName":"hive_column"},{"guid":"1bf7450c-7044-4b43-9860-defa2b87c5e6","typeName":"hive_column"},{"guid":"2877631a-0349-468e-bf17-a834f7b32706","typeName":"hive_column"},{"guid":"d09d661c-6dc1-4b85-a9e3-8d0d9500e83a","typeName":"hive_column"},{"guid":"cb56869e-40b3-48c6-bba5-6336714cf243","typeName":"hive_column"},{"guid":"95384568-8cf1-41c4-b3e6-cc0a424f16da","typeName":"hive_column"},{"guid":"407fe92d-907c-4849-ab0c-9b8aa808e8ff","typeName":"hive_column"},{"guid":"b1e248da-cf41-4f0c-8667-0f9103319bfb","typeName":"hive_column"},{"guid":"54b8256f-2a35-4181-991a-cdfd03809caf","typeName":"hive_column"},{"guid":"2c49183a-2c25-4f3f-99b5-0425d66f74d3","typeName":"hive_column"},{"guid":"b39de56b-51c5-4ce8-b994-9fb6f77bcf69","typeName":"hive_column"},{"guid":"a7ca5d99-e245-4693-b247-9065e0510c86","typeName":"hive_column"},{"guid":"20c3c3af-0f36-4524-866a-8006fe5e9586","typeName":"hive_column"},{"guid":"d948e757-49e1-4ae8-9348-04566f74e206","typeName":"hive_column"}],"description":null,"viewExpandedText":null,"sd":{"guid":"02a2ae30-dceb-4f3a-8b19-8cc60853bab8","typeName":"hive_storagedesc"},"tableType":"EXTERNAL_TABLE","createTime":1523751089000,"name":"ww_customers","comment":null,"partitionKeys":null,"parameters":{"skip.header.line.count":"1","transient_lastDdlTime":"1523751089","totalSize":"18369897","EXTERNAL":"TRUE","COLUMN_STATS_ACCURATE":"{\"COLUMN_STATS\":{\"gender\":\"true\",\"title\":\"true\",\"givenname\":\"true\",\"middleinitial\":\"true\",\"surname\":\"true\",\"number\":\"true\",\"nameset\":\"true\",\"streetaddress\":\"true\",\"city\":\"true\",\"state\":\"true\",\"statefull\":\"true\",\"zipcode\":\"true\",\"country\":\"true\",\"countryfull\":\"true\",\"emailaddress\":\"true\",\"username\":\"true\",\"password\":\"true\",\"telephonenumber\":\"true\",\"telephonecountrycode\":\"true\",\"mothersmaiden\":\"true\",\"birthday\":\"true\",\"age\":\"true\",\"tropicalzodiac\":\"true\",\"cctype\":\"true\",\"ccnumber\":\"true\",\"cvv2\":\"true\",\"ccexpires\":\"true\",\"nationalid\":\"true\",\"mrn\":\"true\",\"insuranceid\":\"true\",\"eyecolor\":\"true\",\"occupation\":\"true\",\"company\":\"true\",\"vehicle\":\"true\",\"domain\":\"true\",\"bloodtype\":\"true\",\"weight\":\"true\",\"height\":\"true\",\"latitude\":\"true\",\"longitude\":\"true\"}}","numFiles":"1"},"db":{"guid":"3577f1a4-39a3-49a2-8785-04f1f85c7632","typeName":"hive_db"},"retention":0,"viewOriginalText":null},"guid":"62530552-d155-497a-9fdb-cc583eb981bf","status":"ACTIVE","createdBy":"hive","updatedBy":"hive","createTime":1523751094299,"updateTime":1523751222853,"version":0,"classifications":[]}}