{"referredEntities":{},"entity":{"typeName":"hive_column_lineage","attributes":{"owner":null,"outputs":[{"guid":"4c5042d3-b418-4a7c-8544-1ffb98c729f5","typeName":"hive_column"}],"expression":null,"qualifiedName":"QUERY:hortoniabank.ww_customers@hdp:1523751089000->:INSERT:hortoniabank.ww_customers_trans@hdp:1523751175000:cctype","inputs":[{"guid":"d01a06c5-e9cd-43c7-8c07-4db222aa4a85","typeName":"hive_column"}],"query":{"guid":"e7a3d5bd-de7d-4011-a47d-7a74a327db49","typeName":"hive_process"},"name":"insert into hortoniabank.ww_customers_trans select * from hortoniabank.ww_customers:cctype","description":null,"depenendencyType":"SIMPLE"},"guid":"63c19d20-f0bc-4128-b70b-db1e015c952d","status":"ACTIVE","createdBy":"hive","updatedBy":"hive","createTime":1523751221364,"updateTime":1523751221364,"version":0,"classifications":[]}}