{"referredEntities":{},"entity":{"typeName":"hdfs_path","attributes":{"owner":null,"modifiedTime":0,"isFile":false,"numberOfReplicas":0,"qualifiedName":"hdfs://abajwa-dws-hortonia-ref0.field.hortonworks.com:8020/hive_data/finance/tax_2015","description":null,"extendedAttributes":null,"path":"hdfs://abajwa-dws-hortonia-ref0.field.hortonworks.com:8020/hive_data/finance/tax_2015","posixPermissions":null,"createTime":0,"fileSize":0,"clusterName":"hdp","name":"/hive_data/finance/tax_2015","isSymlink":false,"group":null},"guid":"64227689-4fc5-4c99-971c-5769ff3f8e05","status":"ACTIVE","createdBy":"hive","updatedBy":"hive","createTime":1523751110297,"updateTime":1523751110297,"version":0,"classifications":[]}}