{"referredEntities":{},"entity":{"typeName":"hive_column_lineage","attributes":{"owner":null,"outputs":[{"guid":"90f0afc7-5fdf-4eeb-82c7-ea0c552f6ac1","typeName":"hive_column"}],"expression":null,"qualifiedName":"claim.prov_view@hdp:1523751096000:averagecoveredcharges","inputs":[{"guid":"4965c671-a4de-4704-a2bb-02ac5233ca04","typeName":"hive_column"}],"query":{"guid":"6b51687d-2e08-42d8-a952-b0c4a98aa6ca","typeName":"hive_process"},"name":"create view if not exists claim.prov_view as select * from claim.provider_summary:averagecoveredcharges","description":null,"depenendencyType":"SIMPLE"},"guid":"6435c7eb-e56a-4aca-b648-8d324b936bb8","status":"ACTIVE","createdBy":"hive","updatedBy":"hive","createTime":1523751122583,"updateTime":1523751122583,"version":0,"classifications":[]}}