{"referredEntities":{},"entity":{"typeName":"hdfs_path","attributes":{"owner":null,"modifiedTime":0,"isFile":false,"numberOfReplicas":0,"qualifiedName":"hdfs://abajwa-dws-hortonia-ref0.field.hortonworks.com:8020/hive_data/consent","description":null,"extendedAttributes":null,"path":"hdfs://abajwa-dws-hortonia-ref0.field.hortonworks.com:8020/hive_data/consent","posixPermissions":null,"createTime":0,"fileSize":0,"clusterName":"hdp","name":"/hive_data/consent","isSymlink":false,"group":null},"guid":"65f33091-0c11-4b30-b0d6-aaaac5c2a4d8","status":"ACTIVE","createdBy":"hive","updatedBy":"hive","createTime":1523751131177,"updateTime":1523751131177,"version":0,"classifications":[]}}