{"referredEntities":{},"entity":{"typeName":"hive_process","attributes":{"owner":null,"outputs":[{"guid":"e41bffb1-9743-4126-9164-146d175860f5","typeName":"hive_table"}],"queryGraph":null,"recentQueries":["create view if not exists claim.claims_view as select * from cost_savings.claim_savings"],"qualifiedName":"claim.claims_view@hdp:1523751097000","inputs":[{"guid":"559ccbd9-f49b-4296-a93c-02c4db3a4b2c","typeName":"hive_table"}],"description":null,"userName":"hive","queryId":"hive_20180415001136_37e91414-85f0-48c6-9551-c5e8fd27cd63","clusterName":"hdp","name":"create view if not exists claim.claims_view as select * from cost_savings.claim_savings","queryText":"create view if not exists claim.claims_view as select * from cost_savings.claim_savings","startTime":1523751096868,"operationType":"CREATEVIEW","queryPlan":"Not Supported","endTime":1523751097396},"guid":"664c2ad5-9dfa-41d7-98ce-ad2f5a1638a6","status":"ACTIVE","createdBy":"hive","updatedBy":"hive","createTime":1523751127262,"updateTime":1523751130173,"version":0,"classifications":[]}}