{"referredEntities":{},"entity":{"typeName":"hive_column_lineage","attributes":{"owner":null,"outputs":[{"guid":"deccbcab-230f-453c-bfa1-024c3e3a0764","typeName":"hive_column"}],"expression":null,"qualifiedName":"QUERY:hortoniabank.ww_customers@hdp:1523751089000->:INSERT:hortoniabank.ww_customers_trans@hdp:1523751175000:insuranceid","inputs":[{"guid":"d09d661c-6dc1-4b85-a9e3-8d0d9500e83a","typeName":"hive_column"}],"query":{"guid":"e7a3d5bd-de7d-4011-a47d-7a74a327db49","typeName":"hive_process"},"name":"insert into hortoniabank.ww_customers_trans select * from hortoniabank.ww_customers:insuranceid","description":null,"depenendencyType":"SIMPLE"},"guid":"69c75894-718d-43ef-bc8a-ebbc84d188a2","status":"ACTIVE","createdBy":"hive","updatedBy":"hive","createTime":1523751203583,"updateTime":1523751203583,"version":0,"classifications":[]}}