{"referredEntities":{},"entity":{"typeName":"hive_column_lineage","attributes":{"owner":null,"outputs":[{"guid":"00216c1c-d80a-45a6-9c8c-0dc3a2d9a96c","typeName":"hive_column"}],"expression":null,"qualifiedName":"QUERY:hortoniabank.us_customers@hdp:1523751090000->:INSERT:hortoniabank.us_customers_trans@hdp:1523751182000:nationalid","inputs":[{"guid":"8694a77d-6876-42ec-8a0e-f325534d3683","typeName":"hive_column"}],"query":{"guid":"df02def0-8c93-4811-9290-8b8900990370","typeName":"hive_process"},"name":"insert into hortoniabank.us_customers_trans select * from hortoniabank.us_customers:nationalid","description":null,"depenendencyType":"SIMPLE"},"guid":"6a137c72-2fff-4d79-8726-ee6b83c7e964","status":"ACTIVE","createdBy":"hive","updatedBy":"hive","createTime":1523751232558,"updateTime":1523751232558,"version":0,"classifications":[]}}