{"referredEntities":{},"entity":{"typeName":"hive_process","attributes":{"owner":null,"outputs":[{"guid":"700dae6c-d50c-4ae2-9b70-e0cb48ff29af","typeName":"hive_table"}],"queryGraph":null,"recentQueries":["create view if not exists claim.prov_view as select * from claim.provider_summary"],"qualifiedName":"claim.prov_view@hdp:1523751096000","inputs":[{"guid":"f465e80c-ff89-44e8-8e5e-4c598cbdd98f","typeName":"hive_table"}],"description":null,"userName":"hive","queryId":"hive_20180415001136_948fa20b-f960-47af-96fb-287a0ab7f299","clusterName":"hdp","name":"create view if not exists claim.prov_view as select * from claim.provider_summary","queryText":"create view if not exists claim.prov_view as select * from claim.provider_summary","startTime":1523751096179,"operationType":"CREATEVIEW","queryPlan":"Not Supported","endTime":1523751096909},"guid":"6b51687d-2e08-42d8-a952-b0c4a98aa6ca","status":"ACTIVE","createdBy":"hive","updatedBy":"hive","createTime":1523751113809,"updateTime":1523751125873,"version":0,"classifications":[]}}