{"referredEntities":{},"entity":{"typeName":"hive_column_lineage","attributes":{"owner":null,"outputs":[{"guid":"29333db0-d458-4131-965b-b1909ea20a3d","typeName":"hive_column"}],"expression":null,"qualifiedName":"QUERY:hortoniabank.us_customers@hdp:1523751090000->:INSERT:hortoniabank.us_customers_trans@hdp:1523751182000:middleinitial","inputs":[{"guid":"31b7f551-b219-43c9-8aa4-c6225101797b","typeName":"hive_column"}],"query":{"guid":"df02def0-8c93-4811-9290-8b8900990370","typeName":"hive_process"},"name":"insert into hortoniabank.us_customers_trans select * from hortoniabank.us_customers:middleinitial","description":null,"depenendencyType":"SIMPLE"},"guid":"6d6c55e1-3688-465a-bc86-3085f7ed601c","status":"ACTIVE","createdBy":"hive","updatedBy":"hive","createTime":1523751244769,"updateTime":1523751244769,"version":0,"classifications":[]}}