{"referredEntities":{},"entity":{"typeName":"hive_column_lineage","attributes":{"owner":null,"outputs":[{"guid":"3bbfb1ae-9344-425d-ad7e-ed968c5aaba5","typeName":"hive_column"}],"expression":null,"qualifiedName":"QUERY:consent_master.consent_data@hdp:1523751099000->:INSERT:erasure_master.data_erasure_trans@hdp:1523751194000:erasureoverride","inputs":[{"guid":"ef5be8a2-340f-4eb7-8ec0-6f17336c1c9f","typeName":"hive_column"}],"query":{"guid":"2d95b74e-db2b-43eb-a659-bf10ea49b849","typeName":"hive_process"},"name":"insert into erasure_master.data_erasure_trans select country, countryfull, insuranceid, marketingconsent, marketingconsentstartdate, loyaltyconsent from consent_master.consent_data limit 500:erasureoverride","description":null,"depenendencyType":"SIMPLE"},"guid":"6eb94cbd-5991-4d56-8520-8e27543b7e98","status":"ACTIVE","createdBy":"hive","updatedBy":"hive","createTime":1523751264871,"updateTime":1523751264871,"version":0,"classifications":[]}}