{"referredEntities":{},"entity":{"typeName":"hive_column_lineage","attributes":{"owner":null,"outputs":[{"guid":"ba3aaba8-027a-424e-9f5a-b0215130914d","typeName":"hive_column"}],"expression":null,"qualifiedName":"QUERY:hortoniabank.ww_customers@hdp:1523751089000->:INSERT:hortoniabank.ww_customers_trans@hdp:1523751175000:eyecolor","inputs":[{"guid":"cb56869e-40b3-48c6-bba5-6336714cf243","typeName":"hive_column"}],"query":{"guid":"e7a3d5bd-de7d-4011-a47d-7a74a327db49","typeName":"hive_process"},"name":"insert into hortoniabank.ww_customers_trans select * from hortoniabank.ww_customers:eyecolor","description":null,"depenendencyType":"SIMPLE"},"guid":"6edab804-ba5c-4313-accf-860760e13293","status":"ACTIVE","createdBy":"hive","updatedBy":"hive","createTime":1523751208270,"updateTime":1523751208270,"version":0,"classifications":[]}}