{"referredEntities":{"780df397-a67a-4197-b5e7-ea3b0c5ac64e":{"typeName":"hive_column","attributes":{"owner":"hive","qualifiedName":"claim.prov_view.providercity@hdp","name":"providercity","description":null,"comment":null,"position":3,"type":"string","table":{"guid":"700dae6c-d50c-4ae2-9b70-e0cb48ff29af","typeName":"hive_table"}},"guid":"780df397-a67a-4197-b5e7-ea3b0c5ac64e","status":"ACTIVE","createdBy":"hive","updatedBy":"hive","createTime":1523751112793,"updateTime":1523751125873,"version":0,"classifications":[]},"36b79a50-aeb7-4090-b5fd-bf3165dc7b6b":{"typeName":"hive_column","attributes":{"owner":"hive","qualifiedName":"claim.prov_view.totaldischarges@hdp","name":"totaldischarges","description":null,"comment":null,"position":7,"type":"int","table":{"guid":"700dae6c-d50c-4ae2-9b70-e0cb48ff29af","typeName":"hive_table"}},"guid":"36b79a50-aeb7-4090-b5fd-bf3165dc7b6b","status":"ACTIVE","createdBy":"hive","updatedBy":"hive","createTime":1523751112793,"updateTime":1523751125873,"version":0,"classifications":[]},"f5713903-90c1-49a7-8f5a-bc8b59d0b958":{"typeName":"hive_column","attributes":{"owner":"hive","qualifiedName":"claim.prov_view.providername@hdp","name":"providername","description":null,"comment":null,"position":1,"type":"string","table":{"guid":"700dae6c-d50c-4ae2-9b70-e0cb48ff29af","typeName":"hive_table"}},"guid":"f5713903-90c1-49a7-8f5a-bc8b59d0b958","status":"ACTIVE","createdBy":"hive","updatedBy":"hive","createTime":1523751112793,"updateTime":1523751125873,"version":0,"classifications":[]},"adc7a8dc-c4d8-4cc5-adfa-5d60d0df67fe":{"typeName":"hive_column","attributes":{"owner":"hive","qualifiedName":"claim.prov_view.providerid@hdp","name":"providerid","description":null,"comment":null,"position":0,"type":"string","table":{"guid":"700dae6c-d50c-4ae2-9b70-e0cb48ff29af","typeName":"hive_table"}},"guid":"adc7a8dc-c4d8-4cc5-adfa-5d60d0df67fe","status":"ACTIVE","createdBy":"hive","updatedBy":"hive","createTime":1523751112793,"updateTime":1523751125873,"version":0,"classifications":[]},"8da93804-d6c3-4d33-94a3-2e158cc77671":{"typeName":"hive_column","attributes":{"owner":"hive","qualifiedName":"claim.prov_view.averagemedicarepayments@hdp","name":"averagemedicarepayments","description":null,"comment":null,"position":10,"type":"decimal(10,2)","table":{"guid":"700dae6c-d50c-4ae2-9b70-e0cb48ff29af","typeName":"hive_table"}},"guid":"8da93804-d6c3-4d33-94a3-2e158cc77671","status":"ACTIVE","createdBy":"hive","updatedBy":"hive","createTime":1523751112793,"updateTime":1523751125873,"version":0,"classifications":[]},"1a79e513-b104-42da-b8f5-9b56e9051199":{"typeName":"hive_storagedesc","attributes":{"bucketCols":null,"qualifiedName":"claim.prov_view@hdp_storage","sortCols":null,"storedAsSubDirectories":false,"location":null,"compressed":false,"inputFormat":"org.apache.hadoop.mapred.SequenceFileInputFormat","outputFormat":"org.apache.hadoop.hive.ql.io.HiveSequenceFileOutputFormat","parameters":null,"table":{"guid":"700dae6c-d50c-4ae2-9b70-e0cb48ff29af","typeName":"hive_table"},"serdeInfo":{"typeName":"hive_serde","attributes":{"serializationLib":null,"name":null,"parameters":null}},"numBuckets":-1},"guid":"1a79e513-b104-42da-b8f5-9b56e9051199","status":"ACTIVE","createdBy":"hive","updatedBy":"hive","createTime":1523751112793,"updateTime":1523751125873,"version":0,"classifications":[]},"90f0afc7-5fdf-4eeb-82c7-ea0c552f6ac1":{"typeName":"hive_column","attributes":{"owner":"hive","qualifiedName":"claim.prov_view.averagecoveredcharges@hdp","name":"averagecoveredcharges","description":null,"comment":null,"position":8,"type":"decimal(10,2)","table":{"guid":"700dae6c-d50c-4ae2-9b70-e0cb48ff29af","typeName":"hive_table"}},"guid":"90f0afc7-5fdf-4eeb-82c7-ea0c552f6ac1","status":"ACTIVE","createdBy":"hive","updatedBy":"hive","createTime":1523751112793,"updateTime":1523751125873,"version":0,"classifications":[]},"c4e12911-25f5-4e62-8bb1-3807d89269d2":{"typeName":"hive_column","attributes":{"owner":"hive","qualifiedName":"claim.prov_view.providerzip@hdp","name":"providerzip","description":null,"comment":null,"position":5,"type":"string","table":{"guid":"700dae6c-d50c-4ae2-9b70-e0cb48ff29af","typeName":"hive_table"}},"guid":"c4e12911-25f5-4e62-8bb1-3807d89269d2","status":"ACTIVE","createdBy":"hive","updatedBy":"hive","createTime":1523751112793,"updateTime":1523751125873,"version":0,"classifications":[]},"caef1648-ddd1-413c-bae9-231b51dd65ee":{"typeName":"hive_column","attributes":{"owner":"hive","qualifiedName":"claim.prov_view.averagetotalpayments@hdp","name":"averagetotalpayments","description":null,"comment":null,"position":9,"type":"decimal(10,2)","table":{"guid":"700dae6c-d50c-4ae2-9b70-e0cb48ff29af","typeName":"hive_table"}},"guid":"caef1648-ddd1-413c-bae9-231b51dd65ee","status":"ACTIVE","createdBy":"hive","updatedBy":"hive","createTime":1523751112793,"updateTime":1523751125873,"version":0,"classifications":[]},"a4b17d2f-6079-4085-920f-37e47ae91092":{"typeName":"hive_column","attributes":{"owner":"hive","qualifiedName":"claim.prov_view.providerstate@hdp","name":"providerstate","description":null,"comment":null,"position":4,"type":"string","table":{"guid":"700dae6c-d50c-4ae2-9b70-e0cb48ff29af","typeName":"hive_table"}},"guid":"a4b17d2f-6079-4085-920f-37e47ae91092","status":"ACTIVE","createdBy":"hive","updatedBy":"hive","createTime":1523751112793,"updateTime":1523751125873,"version":0,"classifications":[]},"34182d22-b8aa-4f7c-a03c-e3a9b23d3d36":{"typeName":"hive_column","attributes":{"owner":"hive","qualifiedName":"claim.prov_view.providerreferralregion@hdp","name":"providerreferralregion","description":null,"comment":null,"position":6,"type":"string","table":{"guid":"700dae6c-d50c-4ae2-9b70-e0cb48ff29af","typeName":"hive_table"}},"guid":"34182d22-b8aa-4f7c-a03c-e3a9b23d3d36","status":"ACTIVE","createdBy":"hive","updatedBy":"hive","createTime":1523751112793,"updateTime":1523751125873,"version":0,"classifications":[]},"a012aafe-f0a9-4355-89ff-d76f90610835":{"typeName":"hive_column","attributes":{"owner":"hive","qualifiedName":"claim.prov_view.providerstreetaddress@hdp","name":"providerstreetaddress","description":null,"comment":null,"position":2,"type":"string","table":{"guid":"700dae6c-d50c-4ae2-9b70-e0cb48ff29af","typeName":"hive_table"}},"guid":"a012aafe-f0a9-4355-89ff-d76f90610835","status":"ACTIVE","createdBy":"hive","updatedBy":"hive","createTime":1523751112793,"updateTime":1523751125873,"version":0,"classifications":[]}},"entity":{"typeName":"hive_table","attributes":{"owner":"hive","temporary":false,"lastAccessTime":1523751096000,"aliases":null,"qualifiedName":"claim.prov_view@hdp","columns":[{"guid":"adc7a8dc-c4d8-4cc5-adfa-5d60d0df67fe","typeName":"hive_column"},{"guid":"f5713903-90c1-49a7-8f5a-bc8b59d0b958","typeName":"hive_column"},{"guid":"a012aafe-f0a9-4355-89ff-d76f90610835","typeName":"hive_column"},{"guid":"780df397-a67a-4197-b5e7-ea3b0c5ac64e","typeName":"hive_column"},{"guid":"a4b17d2f-6079-4085-920f-37e47ae91092","typeName":"hive_column"},{"guid":"c4e12911-25f5-4e62-8bb1-3807d89269d2","typeName":"hive_column"},{"guid":"34182d22-b8aa-4f7c-a03c-e3a9b23d3d36","typeName":"hive_column"},{"guid":"36b79a50-aeb7-4090-b5fd-bf3165dc7b6b","typeName":"hive_column"},{"guid":"90f0afc7-5fdf-4eeb-82c7-ea0c552f6ac1","typeName":"hive_column"},{"guid":"caef1648-ddd1-413c-bae9-231b51dd65ee","typeName":"hive_column"},{"guid":"8da93804-d6c3-4d33-94a3-2e158cc77671","typeName":"hive_column"}],"description":null,"viewExpandedText":"SELECT `provider_summary`.`providerid`, `provider_summary`.`providername`, `provider_summary`.`providerstreetaddress`, `provider_summary`.`providercity`, `provider_summary`.`providerstate`, `provider_summary`.`providerzip`, `provider_summary`.`providerreferralregion`, `provider_summary`.`totaldischarges`, `provider_summary`.`averagecoveredcharges`, `provider_summary`.`averagetotalpayments`, `provider_summary`.`averagemedicarepayments` FROM `claim`.`provider_summary`","sd":{"guid":"1a79e513-b104-42da-b8f5-9b56e9051199","typeName":"hive_storagedesc"},"tableType":"VIRTUAL_VIEW","createTime":1523751096000,"name":"prov_view","comment":null,"partitionKeys":null,"parameters":{"transient_lastDdlTime":"1523751096"},"db":{"guid":"9c6d1969-bb46-4d3e-94c5-2ec00cb6fba3","typeName":"hive_db"},"retention":0,"viewOriginalText":"SELECT * FROM claim.provider_summary"},"guid":"700dae6c-d50c-4ae2-9b70-e0cb48ff29af","status":"ACTIVE","createdBy":"hive","updatedBy":"hive","createTime":1523751112793,"updateTime":1523751125873,"version":0,"classifications":[]}}