{"referredEntities":{},"entity":{"typeName":"hive_column_lineage","attributes":{"owner":null,"outputs":[{"guid":"ddc43c81-7023-4d7f-b6aa-cb1d74dad6bc","typeName":"hive_column"}],"expression":null,"qualifiedName":"QUERY:hortoniabank.ww_customers@hdp:1523751089000->:INSERT:hortoniabank.ww_customers_trans@hdp:1523751175000:occupation","inputs":[{"guid":"95384568-8cf1-41c4-b3e6-cc0a424f16da","typeName":"hive_column"}],"query":{"guid":"e7a3d5bd-de7d-4011-a47d-7a74a327db49","typeName":"hive_process"},"name":"insert into hortoniabank.ww_customers_trans select * from hortoniabank.ww_customers:occupation","description":null,"depenendencyType":"SIMPLE"},"guid":"70f974b3-0646-45b7-b7b0-e48405eade94","status":"ACTIVE","createdBy":"hive","updatedBy":"hive","createTime":1523751212565,"updateTime":1523751212565,"version":0,"classifications":[]}}