{"referredEntities":{"c7eaa4d3-38f5-48d9-b8ba-83816204f837":{"typeName":"hive_column","attributes":{"owner":"hive","qualifiedName":"finance.tax_2015.fed_tax@hdp","name":"fed_tax","description":null,"comment":null,"position":1,"type":"int","table":{"guid":"74af8874-6394-4373-8011-56dbda4c052b","typeName":"hive_table"}},"guid":"c7eaa4d3-38f5-48d9-b8ba-83816204f837","status":"ACTIVE","createdBy":"hive","updatedBy":"hive","createTime":1523751109384,"updateTime":1523751110297,"version":0,"classifications":[{"typeName":"EXPIRES_ON","attributes":{"expiry_date":"2016-12-31T00:00:00.000Z"}}]},"d8f08429-c103-4a13-9981-b09eaea6c57d":{"typeName":"hive_column","attributes":{"owner":"hive","qualifiedName":"finance.tax_2015.state_tax@hdp","name":"state_tax","description":null,"comment":null,"position":2,"type":"int","table":{"guid":"74af8874-6394-4373-8011-56dbda4c052b","typeName":"hive_table"}},"guid":"d8f08429-c103-4a13-9981-b09eaea6c57d","status":"ACTIVE","createdBy":"hive","updatedBy":"hive","createTime":1523751109384,"updateTime":1523751110297,"version":0,"classifications":[]},"8b83b80b-66cc-48c6-8603-29fb8a07817b":{"typeName":"hive_storagedesc","attributes":{"bucketCols":null,"qualifiedName":"finance.tax_2015@hdp_storage","sortCols":null,"storedAsSubDirectories":false,"location":"hdfs://abajwa-dws-hortonia-ref0.field.hortonworks.com:8020/hive_data/finance/tax_2015","compressed":false,"inputFormat":"org.apache.hadoop.mapred.TextInputFormat","outputFormat":"org.apache.hadoop.hive.ql.io.HiveIgnoreKeyTextOutputFormat","parameters":null,"table":{"guid":"74af8874-6394-4373-8011-56dbda4c052b","typeName":"hive_table"},"serdeInfo":{"typeName":"hive_serde","attributes":{"serializationLib":"org.apache.hadoop.hive.serde2.lazy.LazySimpleSerDe","name":null,"parameters":{"serialization.format":",","field.delim":","}}},"numBuckets":-1},"guid":"8b83b80b-66cc-48c6-8603-29fb8a07817b","status":"ACTIVE","createdBy":"hive","updatedBy":"hive","createTime":1523751109384,"updateTime":1523751110297,"version":0,"classifications":[]},"7cca122f-c0be-4b85-97f6-af5ce355a0f5":{"typeName":"hive_column","attributes":{"owner":"hive","qualifiedName":"finance.tax_2015.ssn@hdp","name":"ssn","description":null,"comment":null,"position":0,"type":"string","table":{"guid":"74af8874-6394-4373-8011-56dbda4c052b","typeName":"hive_table"}},"guid":"7cca122f-c0be-4b85-97f6-af5ce355a0f5","status":"ACTIVE","createdBy":"hive","updatedBy":"hive","createTime":1523751109384,"updateTime":1523751110297,"version":0,"classifications":[{"typeName":"FINANCE_PII","attributes":{"type":"finance"}}]},"35dcb617-fc65-4327-831c-111e9b7fff55":{"typeName":"hive_column","attributes":{"owner":"hive","qualifiedName":"finance.tax_2015.local_tax@hdp","name":"local_tax","description":null,"comment":null,"position":3,"type":"int","table":{"guid":"74af8874-6394-4373-8011-56dbda4c052b","typeName":"hive_table"}},"guid":"35dcb617-fc65-4327-831c-111e9b7fff55","status":"ACTIVE","createdBy":"hive","updatedBy":"hive","createTime":1523751109384,"updateTime":1523751110297,"version":0,"classifications":[]}},"entity":{"typeName":"hive_table","attributes":{"owner":"hive","temporary":false,"lastAccessTime":1523751093000,"aliases":null,"qualifiedName":"finance.tax_2015@hdp","columns":[{"guid":"7cca122f-c0be-4b85-97f6-af5ce355a0f5","typeName":"hive_column"},{"guid":"c7eaa4d3-38f5-48d9-b8ba-83816204f837","typeName":"hive_column"},{"guid":"d8f08429-c103-4a13-9981-b09eaea6c57d","typeName":"hive_column"},{"guid":"35dcb617-fc65-4327-831c-111e9b7fff55","typeName":"hive_column"}],"description":null,"viewExpandedText":null,"sd":{"guid":"8b83b80b-66cc-48c6-8603-29fb8a07817b","typeName":"hive_storagedesc"},"tableType":"EXTERNAL_TABLE","createTime":1523751093000,"name":"tax_2015","comment":null,"partitionKeys":null,"parameters":{"transient_lastDdlTime":"1523751093","totalSize":"85","EXTERNAL":"TRUE","numFiles":"1"},"db":{"guid":"77332799-4fb2-4253-975c-9af018811f5a","typeName":"hive_db"},"retention":0,"viewOriginalText":null},"guid":"74af8874-6394-4373-8011-56dbda4c052b","status":"ACTIVE","createdBy":"hive","updatedBy":"hive","createTime":1523751109384,"updateTime":1523751110297,"version":0,"classifications":[]}}