{"referredEntities":{},"entity":{"typeName":"hive_column_lineage","attributes":{"owner":null,"outputs":[{"guid":"c96a2438-b006-4096-9e0d-4f2daca1cf4c","typeName":"hive_column"}],"expression":null,"qualifiedName":"QUERY:consent_master.consent_data@hdp:1523751099000->:INSERT:consent_master.consent_data_trans@hdp:1523751153000:country","inputs":[{"guid":"8600e809-74db-4d33-b647-65384ef38369","typeName":"hive_column"}],"query":{"guid":"0e9bc062-ff2d-45f6-9f1b-fdce372dfe41","typeName":"hive_process"},"name":"insert into consent_master.consent_data_trans select * from consent_master.consent_data:country","description":null,"depenendencyType":"SIMPLE"},"guid":"7b29a564-368f-42c0-88ce-d03f2a689069","status":"ACTIVE","createdBy":"hive","updatedBy":"hive","createTime":1523751178978,"updateTime":1523751178978,"version":0,"classifications":[]}}