{"referredEntities":{},"entity":{"typeName":"hive_column_lineage","attributes":{"owner":null,"outputs":[{"guid":"6af52150-f5a3-4a03-b55d-ea8891c716b3","typeName":"hive_column"}],"expression":null,"qualifiedName":"QUERY:hortoniabank.us_customers@hdp:1523751090000->:INSERT:hortoniabank.us_customers_trans@hdp:1523751182000:weight","inputs":[{"guid":"9aa5d5db-79f4-4117-9a82-8b409b41706e","typeName":"hive_column"}],"query":{"guid":"df02def0-8c93-4811-9290-8b8900990370","typeName":"hive_process"},"name":"insert into hortoniabank.us_customers_trans select * from hortoniabank.us_customers:weight","description":null,"depenendencyType":"SIMPLE"},"guid":"7d4c3d0d-8ef0-4169-99ab-b7d35ccb66c6","status":"ACTIVE","createdBy":"hive","updatedBy":"hive","createTime":1523751229548,"updateTime":1523751229548,"version":0,"classifications":[]}}