{"referredEntities":{},"entity":{"typeName":"hive_process","attributes":{"owner":null,"outputs":[{"guid":"e5e5ff5a-286f-4d25-8531-3606c624b9b5","typeName":"hive_table"}],"queryGraph":null,"recentQueries":["create external table if not exists hortoniabank.eu_countries (\n                                    countryname string\n                                  , countrycode string\n                                  , region string\n                                 ) row format delimited\n                                   fields terminated by ','\n                                   stored as textfile\n                                   location '/hive_data/hortoniabank/eu_countries'"],"qualifiedName":"hortoniabank.eu_countries@hdp:1523751091000","inputs":[{"guid":"d46a8774-e215-4053-8529-c7e90e42f3cd","typeName":"hdfs_path"}],"description":null,"userName":"hive","queryId":"hive_20180415001130_9f720952-8db7-445a-bad1-f3a7d2355c38","clusterName":"hdp","name":"create external table if not exists hortoniabank.eu_countries (\n                                    countryname string\n                                  , countrycode string\n                                  , region string\n                                 ) row format delimited\n                                   fields terminated by ','\n                                   stored as textfile\n                                   location '/hive_data/hortoniabank/eu_countries'","queryText":"create external table if not exists hortoniabank.eu_countries (\n                                    countryname string\n                                  , countrycode string\n                                  , region string\n                                 ) row format delimited\n                                   fields terminated by ','\n                                   stored as textfile\n                                   location '/hive_data/hortoniabank/eu_countries'","startTime":1523751090881,"operationType":"CREATETABLE","queryPlan":"Not Supported","endTime":1523751092199},"guid":"7de7cbca-5c1c-4cd6-a00a-3ac492773d97","status":"ACTIVE","createdBy":"hive","updatedBy":"hive","createTime":1523751107203,"updateTime":1523751107203,"version":0,"classifications":[]}}