{"referredEntities":{},"entity":{"typeName":"hive_column_lineage","attributes":{"owner":null,"outputs":[{"guid":"0cc40581-8b21-4e4c-9891-ab0e86e4adb8","typeName":"hive_column"}],"expression":null,"qualifiedName":"QUERY:hortoniabank.us_customers@hdp:1523751090000->:INSERT:hortoniabank.us_customers_trans@hdp:1523751182000:cvv2","inputs":[{"guid":"9769e248-bf35-4bb6-b451-09c70916b6db","typeName":"hive_column"}],"query":{"guid":"df02def0-8c93-4811-9290-8b8900990370","typeName":"hive_process"},"name":"insert into hortoniabank.us_customers_trans select * from hortoniabank.us_customers:cvv2","description":null,"depenendencyType":"SIMPLE"},"guid":"7ff27803-cb59-4821-a7de-1e25c26da4be","status":"ACTIVE","createdBy":"hive","updatedBy":"hive","createTime":1523751243273,"updateTime":1523751243273,"version":0,"classifications":[]}}