{"referredEntities":{},"entity":{"typeName":"hdfs_path","attributes":{"owner":null,"modifiedTime":0,"isFile":false,"numberOfReplicas":0,"qualifiedName":"hdfs://abajwa-dws-hortonia-ref0.field.hortonworks.com:8020/hive_data/hortoniabank/ww_customers","description":null,"extendedAttributes":null,"path":"hdfs://abajwa-dws-hortonia-ref0.field.hortonworks.com:8020/hive_data/hortoniabank/ww_customers","posixPermissions":null,"createTime":0,"fileSize":0,"clusterName":"hdp","name":"/hive_data/hortoniabank/ww_customers","isSymlink":false,"group":null},"guid":"80ffc7e0-6115-4344-8660-dbc787a131e2","status":"ACTIVE","createdBy":"hive","updatedBy":"hive","createTime":1523751102826,"updateTime":1523751102826,"version":0,"classifications":[]}}