{"referredEntities":{},"entity":{"typeName":"hive_column_lineage","attributes":{"owner":null,"outputs":[{"guid":"bdae09b3-aac8-4deb-9e2d-6e560d98b83e","typeName":"hive_column"}],"expression":null,"qualifiedName":"QUERY:hortoniabank.ww_customers@hdp:1523751089000->:INSERT:hortoniabank.ww_customers_trans@hdp:1523751175000:givenname","inputs":[{"guid":"92ca30f3-5a96-43e8-9a9e-2d3d27f34929","typeName":"hive_column"}],"query":{"guid":"e7a3d5bd-de7d-4011-a47d-7a74a327db49","typeName":"hive_process"},"name":"insert into hortoniabank.ww_customers_trans select * from hortoniabank.ww_customers:givenname","description":null,"depenendencyType":"SIMPLE"},"guid":"8558832d-d3ff-44b0-b27d-ac71c5fbe1cc","status":"ACTIVE","createdBy":"hive","updatedBy":"hive","createTime":1523751210477,"updateTime":1523751210477,"version":0,"classifications":[]}}