{"referredEntities":{},"entity":{"typeName":"hive_column_lineage","attributes":{"owner":null,"outputs":[{"guid":"bd0ebb5b-2517-4189-9119-1c2e1ac932d8","typeName":"hive_column"}],"expression":null,"qualifiedName":"QUERY:hortoniabank.us_customers@hdp:1523751090000->:INSERT:hortoniabank.us_customers_trans@hdp:1523751182000:gender","inputs":[{"guid":"43c38449-a360-4024-afed-53ac4824f0b8","typeName":"hive_column"}],"query":{"guid":"df02def0-8c93-4811-9290-8b8900990370","typeName":"hive_process"},"name":"insert into hortoniabank.us_customers_trans select * from hortoniabank.us_customers:gender","description":null,"depenendencyType":"SIMPLE"},"guid":"86cf5f59-2c04-4a80-a56a-ed0f72ca6fbf","status":"ACTIVE","createdBy":"hive","updatedBy":"hive","createTime":1523751248614,"updateTime":1523751248614,"version":0,"classifications":[]}}