{"referredEntities":{},"entity":{"typeName":"hive_column_lineage","attributes":{"owner":null,"outputs":[{"guid":"84aeeb90-5794-4390-bb03-b078632a0065","typeName":"hive_column"}],"expression":null,"qualifiedName":"claim.claims_view@hdp:1523751097000:claimid","inputs":[{"guid":"322c6004-654f-4a8e-b176-32a59f34aba6","typeName":"hive_column"}],"query":{"guid":"664c2ad5-9dfa-41d7-98ce-ad2f5a1638a6","typeName":"hive_process"},"name":"create view if not exists claim.claims_view as select * from cost_savings.claim_savings:claimid","description":null,"depenendencyType":"SIMPLE"},"guid":"8b773e9c-f115-40bd-9e87-25411094e751","status":"ACTIVE","createdBy":"hive","updatedBy":"hive","createTime":1523751129438,"updateTime":1523751129438,"version":0,"classifications":[]}}