{"referredEntities":{},"entity":{"typeName":"hive_process","attributes":{"owner":null,"outputs":[{"guid":"74af8874-6394-4373-8011-56dbda4c052b","typeName":"hive_table"}],"queryGraph":null,"recentQueries":["create external table if not exists finance.tax_2015 (\n                                   ssn string\n                                 , fed_tax int\n                                 , state_tax int\n                                 , local_tax int\n                                ) row format delimited\n                                  fields terminated by ','\n                                  stored as textfile\n                                  location '/hive_data/finance/tax_2015'"],"qualifiedName":"finance.tax_2015@hdp:1523751093000","inputs":[{"guid":"64227689-4fc5-4c99-971c-5769ff3f8e05","typeName":"hdfs_path"}],"description":null,"userName":"hive","queryId":"hive_20180415001133_6a88a79d-a64f-46a3-9271-d6380960c713","clusterName":"hdp","name":"create external table if not exists finance.tax_2015 (\n                                   ssn string\n                                 , fed_tax int\n                                 , state_tax int\n                                 , local_tax int\n                                ) row format delimited\n                                  fields terminated by ','\n                                  stored as textfile\n                                  location '/hive_data/finance/tax_2015'","queryText":"create external table if not exists finance.tax_2015 (\n                                   ssn string\n                                 , fed_tax int\n                                 , state_tax int\n                                 , local_tax int\n                                ) row format delimited\n                                  fields terminated by ','\n                                  stored as textfile\n                                  location '/hive_data/finance/tax_2015'","startTime":1523751093475,"operationType":"CREATETABLE","queryPlan":"Not Supported","endTime":1523751094104},"guid":"8b77d616-e31f-47e6-8c23-1a0e50f64af9","status":"ACTIVE","createdBy":"hive","updatedBy":"hive","createTime":1523751110297,"updateTime":1523751110297,"version":0,"classifications":[]}}