{"referredEntities":{},"entity":{"typeName":"hive_process","attributes":{"owner":null,"outputs":[{"guid":"a2abc83d-7246-4e8c-8aa9-dee78a4dbf22","typeName":"hive_table"}],"queryGraph":null,"recentQueries":["create external table if not exists consent_master.eu_countries(\n                                    countrycode              \t\tstring\n                                  , countryfull          \t\tstring\n\t\t\t\t                        ) row format delimited\n                                  fields terminated by ','\n                                  stored as textfile\n                                  location '/hive_data/eu_countries'"],"qualifiedName":"consent_master.eu_countries@hdp:1523751100000","inputs":[{"guid":"dd996bfa-658c-4551-8da7-c3b1fc1d74b0","typeName":"hdfs_path"}],"description":null,"userName":"hive","queryId":"hive_20180415001139_56e6c4a5-4865-4c35-87a1-954a9025dd76","clusterName":"hdp","name":"create external table if not exists consent_master.eu_countries(\n                                    countrycode              \t\tstring\n                                  , countryfull          \t\tstring\n\t\t\t\t                        ) row format delimited\n                                  fields terminated by ','\n                                  stored as textfile\n                                  location '/hive_data/eu_countries'","queryText":"create external table if not exists consent_master.eu_countries(\n                                    countrycode              \t\tstring\n                                  , countryfull          \t\tstring\n\t\t\t\t                        ) row format delimited\n                                  fields terminated by ','\n                                  stored as textfile\n                                  location '/hive_data/eu_countries'","startTime":1523751099783,"operationType":"CREATETABLE","queryPlan":"Not Supported","endTime":1523751100566},"guid":"8b875575-ccc7-453e-8c83-2986c8185291","status":"ACTIVE","createdBy":"hive","updatedBy":"hive","createTime":1523751131840,"updateTime":1523751131840,"version":0,"classifications":[]}}