{"referredEntities":{"902223f8-d2b5-4a24-957e-4e52006895dc":{"typeName":"hive_column","attributes":{"owner":"hive","qualifiedName":"finance.tax_2010.local_tax@hdp","name":"local_tax","description":null,"comment":null,"position":3,"type":"int","table":{"guid":"8daf4b73-5c0e-4f04-9f35-73cdf24c9a6c","typeName":"hive_table"}},"guid":"902223f8-d2b5-4a24-957e-4e52006895dc","status":"ACTIVE","createdBy":"hive","updatedBy":"hive","createTime":1523751108399,"updateTime":1523751108944,"version":0,"classifications":[]},"10fd6785-585f-4cee-8ac6-b0ad78fc3dde":{"typeName":"hive_column","attributes":{"owner":"hive","qualifiedName":"finance.tax_2010.fed_tax@hdp","name":"fed_tax","description":null,"comment":null,"position":1,"type":"int","table":{"guid":"8daf4b73-5c0e-4f04-9f35-73cdf24c9a6c","typeName":"hive_table"}},"guid":"10fd6785-585f-4cee-8ac6-b0ad78fc3dde","status":"ACTIVE","createdBy":"hive","updatedBy":"hive","createTime":1523751108399,"updateTime":1523751108944,"version":0,"classifications":[{"typeName":"EXPIRES_ON","attributes":{"expiry_date":"2016-12-31T00:00:00.000Z"}}]},"1ece6a0a-9b08-4717-abef-e4513a4ef457":{"typeName":"hive_column","attributes":{"owner":"hive","qualifiedName":"finance.tax_2010.ssn@hdp","name":"ssn","description":null,"comment":null,"position":0,"type":"string","table":{"guid":"8daf4b73-5c0e-4f04-9f35-73cdf24c9a6c","typeName":"hive_table"}},"guid":"1ece6a0a-9b08-4717-abef-e4513a4ef457","status":"ACTIVE","createdBy":"hive","updatedBy":"hive","createTime":1523751108399,"updateTime":1523751108944,"version":0,"classifications":[{"typeName":"FINANCE_PII","attributes":{"type":"finance"}}]},"3d0d7d0e-0c3d-4a21-97e4-a58b0a60f5b7":{"typeName":"hive_storagedesc","attributes":{"bucketCols":null,"qualifiedName":"finance.tax_2010@hdp_storage","sortCols":null,"storedAsSubDirectories":false,"location":"hdfs://abajwa-dws-hortonia-ref0.field.hortonworks.com:8020/hive_data/finance/tax_2010","compressed":false,"inputFormat":"org.apache.hadoop.mapred.TextInputFormat","outputFormat":"org.apache.hadoop.hive.ql.io.HiveIgnoreKeyTextOutputFormat","parameters":null,"table":{"guid":"8daf4b73-5c0e-4f04-9f35-73cdf24c9a6c","typeName":"hive_table"},"serdeInfo":{"typeName":"hive_serde","attributes":{"serializationLib":"org.apache.hadoop.hive.serde2.lazy.LazySimpleSerDe","name":null,"parameters":{"serialization.format":",","field.delim":","}}},"numBuckets":-1},"guid":"3d0d7d0e-0c3d-4a21-97e4-a58b0a60f5b7","status":"ACTIVE","createdBy":"hive","updatedBy":"hive","createTime":1523751108399,"updateTime":1523751108944,"version":0,"classifications":[]},"3d623292-be2a-49bc-a104-e147607220d3":{"typeName":"hive_column","attributes":{"owner":"hive","qualifiedName":"finance.tax_2010.state_tax@hdp","name":"state_tax","description":null,"comment":null,"position":2,"type":"int","table":{"guid":"8daf4b73-5c0e-4f04-9f35-73cdf24c9a6c","typeName":"hive_table"}},"guid":"3d623292-be2a-49bc-a104-e147607220d3","status":"ACTIVE","createdBy":"hive","updatedBy":"hive","createTime":1523751108399,"updateTime":1523751108944,"version":0,"classifications":[]}},"entity":{"typeName":"hive_table","attributes":{"owner":"hive","temporary":false,"lastAccessTime":1523751093000,"aliases":null,"qualifiedName":"finance.tax_2010@hdp","columns":[{"guid":"1ece6a0a-9b08-4717-abef-e4513a4ef457","typeName":"hive_column"},{"guid":"10fd6785-585f-4cee-8ac6-b0ad78fc3dde","typeName":"hive_column"},{"guid":"3d623292-be2a-49bc-a104-e147607220d3","typeName":"hive_column"},{"guid":"902223f8-d2b5-4a24-957e-4e52006895dc","typeName":"hive_column"}],"description":null,"viewExpandedText":null,"sd":{"guid":"3d0d7d0e-0c3d-4a21-97e4-a58b0a60f5b7","typeName":"hive_storagedesc"},"tableType":"EXTERNAL_TABLE","createTime":1523751093000,"name":"tax_2010","comment":null,"partitionKeys":null,"parameters":{"transient_lastDdlTime":"1523751093","totalSize":"85","EXTERNAL":"TRUE","numFiles":"1"},"db":{"guid":"77332799-4fb2-4253-975c-9af018811f5a","typeName":"hive_db"},"retention":0,"viewOriginalText":null},"guid":"8daf4b73-5c0e-4f04-9f35-73cdf24c9a6c","status":"ACTIVE","createdBy":"hive","updatedBy":"hive","createTime":1523751108399,"updateTime":1523751108944,"version":0,"classifications":[]}}