{"referredEntities":{},"entity":{"typeName":"hive_db","attributes":{"owner":"hive","ownerType":"USER","qualifiedName":"consent_master@hdp","clusterName":"hdp","name":"consent_master","description":null,"location":"hdfs://abajwa-dws-hortonia-ref0.field.hortonworks.com:8020/hive_data/consent","parameters":null},"guid":"8dce0592-fa2c-45cb-b3c2-5ca425afe3a8","status":"ACTIVE","createdBy":"hive","updatedBy":"hive","createTime":1523751130511,"updateTime":1523751266640,"version":0,"classifications":[]}}