{"referredEntities":{},"entity":{"typeName":"hive_column_lineage","attributes":{"owner":null,"outputs":[{"guid":"aa2e5d30-37ec-44b8-86c7-9318454fba91","typeName":"hive_column"}],"expression":null,"qualifiedName":"QUERY:hortoniabank.us_customers@hdp:1523751090000->:INSERT:hortoniabank.us_customers_trans@hdp:1523751182000:mothersmaiden","inputs":[{"guid":"226143b4-26f6-4409-8cd1-7b3f2a954847","typeName":"hive_column"}],"query":{"guid":"df02def0-8c93-4811-9290-8b8900990370","typeName":"hive_process"},"name":"insert into hortoniabank.us_customers_trans select * from hortoniabank.us_customers:mothersmaiden","description":null,"depenendencyType":"SIMPLE"},"guid":"92c7ad1b-f402-4064-b875-5d7f9eda2ba5","status":"ACTIVE","createdBy":"hive","updatedBy":"hive","createTime":1523751231750,"updateTime":1523751231750,"version":0,"classifications":[]}}