{"referredEntities":{},"entity":{"typeName":"hive_column_lineage","attributes":{"owner":null,"outputs":[{"guid":"68bff2f8-8960-4004-b023-3aa8a423585b","typeName":"hive_column"}],"expression":null,"qualifiedName":"claim.claims_view@hdp:1523751097000:costsavings","inputs":[{"guid":"3238b1e7-62c8-4db3-b850-ad095bfdb7ae","typeName":"hive_column"}],"query":{"guid":"664c2ad5-9dfa-41d7-98ce-ad2f5a1638a6","typeName":"hive_process"},"name":"create view if not exists claim.claims_view as select * from cost_savings.claim_savings:costsavings","description":null,"depenendencyType":"SIMPLE"},"guid":"93377081-5b91-4813-895d-4c6804ae88b6","status":"ACTIVE","createdBy":"hive","updatedBy":"hive","createTime":1523751129787,"updateTime":1523751129787,"version":0,"classifications":[]}}