{"referredEntities":{},"entity":{"typeName":"hive_column_lineage","attributes":{"owner":null,"outputs":[{"guid":"7eb206d7-d4bb-4de3-be8a-547ec40e9cdb","typeName":"hive_column"}],"expression":null,"qualifiedName":"QUERY:hortoniabank.us_customers@hdp:1523751090000->:INSERT:hortoniabank.us_customers_trans@hdp:1523751182000:domain","inputs":[{"guid":"b0549f13-b5b3-4ffc-af1d-572a99554cc9","typeName":"hive_column"}],"query":{"guid":"df02def0-8c93-4811-9290-8b8900990370","typeName":"hive_process"},"name":"insert into hortoniabank.us_customers_trans select * from hortoniabank.us_customers:domain","description":null,"depenendencyType":"SIMPLE"},"guid":"93fd6082-e537-4ebd-ae73-af314629ad27","status":"ACTIVE","createdBy":"hive","updatedBy":"hive","createTime":1523751241195,"updateTime":1523751241195,"version":0,"classifications":[]}}