{"referredEntities":{},"entity":{"typeName":"hive_column_lineage","attributes":{"owner":null,"outputs":[{"guid":"5d7051ed-cb02-4476-8e6c-32c037e18fd9","typeName":"hive_column"}],"expression":null,"qualifiedName":"QUERY:hortoniabank.ww_customers@hdp:1523751089000->:INSERT:hortoniabank.ww_customers_trans@hdp:1523751175000:title","inputs":[{"guid":"a9bb4cc1-1b82-44f9-9f39-f6505bc3a8fe","typeName":"hive_column"}],"query":{"guid":"e7a3d5bd-de7d-4011-a47d-7a74a327db49","typeName":"hive_process"},"name":"insert into hortoniabank.ww_customers_trans select * from hortoniabank.ww_customers:title","description":null,"depenendencyType":"SIMPLE"},"guid":"95a5b90b-4f1b-4f74-a678-8d9b6f2dc35a","status":"ACTIVE","createdBy":"hive","updatedBy":"hive","createTime":1523751211191,"updateTime":1523751211191,"version":0,"classifications":[]}}