{"referredEntities":{},"entity":{"typeName":"hive_column_lineage","attributes":{"owner":null,"outputs":[{"guid":"fac304b0-8051-4419-8827-3e01b0f663c3","typeName":"hive_column"}],"expression":null,"qualifiedName":"QUERY:hortoniabank.us_customers@hdp:1523751090000->:INSERT:hortoniabank.us_customers_trans@hdp:1523751182000:height","inputs":[{"guid":"fecf0a14-daac-48b9-a392-2103478e0b4d","typeName":"hive_column"}],"query":{"guid":"df02def0-8c93-4811-9290-8b8900990370","typeName":"hive_process"},"name":"insert into hortoniabank.us_customers_trans select * from hortoniabank.us_customers:height","description":null,"depenendencyType":"SIMPLE"},"guid":"96b007dc-d795-4c9d-bb0b-809dc1827aed","status":"ACTIVE","createdBy":"hive","updatedBy":"hive","createTime":1523751228023,"updateTime":1523751228023,"version":0,"classifications":[]}}