{"referredEntities":{"53d0d5ba-6788-4598-b0c5-fa86c3c25731":{"typeName":"hive_column","attributes":{"owner":"hive","qualifiedName":"hortoniabank.ww_customers_trans.vehicle@hdp","name":"vehicle","description":null,"comment":null,"position":33,"type":"string","table":{"guid":"9cecf4cc-f4a3-4531-82c6-e719ca689ff2","typeName":"hive_table"}},"guid":"53d0d5ba-6788-4598-b0c5-fa86c3c25731","status":"ACTIVE","createdBy":"hive","updatedBy":"hive","createTime":1523751180194,"updateTime":1523751222853,"version":0,"classifications":[]},"a3c330f1-1239-4483-b611-8143c5ce2fbb":{"typeName":"hive_column","attributes":{"owner":"hive","qualifiedName":"hortoniabank.ww_customers_trans.bloodtype@hdp","name":"bloodtype","description":null,"comment":null,"position":35,"type":"string","table":{"guid":"9cecf4cc-f4a3-4531-82c6-e719ca689ff2","typeName":"hive_table"}},"guid":"a3c330f1-1239-4483-b611-8143c5ce2fbb","status":"ACTIVE","createdBy":"hive","updatedBy":"hive","createTime":1523751180194,"updateTime":1523751222853,"version":0,"classifications":[]},"2cdf6269-97e1-4bda-8c38-9cee2f2c38fe":{"typeName":"hive_storagedesc","attributes":{"bucketCols":["gender"],"qualifiedName":"hortoniabank.ww_customers_trans@hdp_storage","sortCols":null,"storedAsSubDirectories":false,"location":"hdfs://abajwa-dws-hortonia-ref0.field.hortonworks.com:8020/hive_data/hortoniabank/ww_customers_trans","compressed":false,"inputFormat":"org.apache.hadoop.hive.ql.io.orc.OrcInputFormat","outputFormat":"org.apache.hadoop.hive.ql.io.orc.OrcOutputFormat","parameters":null,"table":{"guid":"9cecf4cc-f4a3-4531-82c6-e719ca689ff2","typeName":"hive_table"},"serdeInfo":{"typeName":"hive_serde","attributes":{"serializationLib":"org.apache.hadoop.hive.ql.io.orc.OrcSerde","name":null,"parameters":{"serialization.format":"1"}}},"numBuckets":2},"guid":"2cdf6269-97e1-4bda-8c38-9cee2f2c38fe","status":"ACTIVE","createdBy":"hive","updatedBy":"hive","createTime":1523751180194,"updateTime":1523751222853,"version":0,"classifications":[]},"437cfebc-cf9b-4f42-a3ec-473239ca15e5":{"typeName":"hive_column","attributes":{"owner":"hive","qualifiedName":"hortoniabank.ww_customers_trans.latitude@hdp","name":"latitude","description":null,"comment":null,"position":38,"type":"double","table":{"guid":"9cecf4cc-f4a3-4531-82c6-e719ca689ff2","typeName":"hive_table"}},"guid":"437cfebc-cf9b-4f42-a3ec-473239ca15e5","status":"ACTIVE","createdBy":"hive","updatedBy":"hive","createTime":1523751180194,"updateTime":1523751222853,"version":0,"classifications":[]},"aafa0314-8442-4b6c-b3b0-cb93edb3146c":{"typeName":"hive_column","attributes":{"owner":"hive","qualifiedName":"hortoniabank.ww_customers_trans.username@hdp","name":"username","description":null,"comment":null,"position":15,"type":"string","table":{"guid":"9cecf4cc-f4a3-4531-82c6-e719ca689ff2","typeName":"hive_table"}},"guid":"aafa0314-8442-4b6c-b3b0-cb93edb3146c","status":"ACTIVE","createdBy":"hive","updatedBy":"hive","createTime":1523751180194,"updateTime":1523751222853,"version":0,"classifications":[]},"b823513c-d4cc-4239-b0b0-6b1c5121e47d":{"typeName":"hive_column","attributes":{"owner":"hive","qualifiedName":"hortoniabank.ww_customers_trans.middleinitial@hdp","name":"middleinitial","description":null,"comment":null,"position":3,"type":"string","table":{"guid":"9cecf4cc-f4a3-4531-82c6-e719ca689ff2","typeName":"hive_table"}},"guid":"b823513c-d4cc-4239-b0b0-6b1c5121e47d","status":"ACTIVE","createdBy":"hive","updatedBy":"hive","createTime":1523751180194,"updateTime":1523751222853,"version":0,"classifications":[]},"4c5042d3-b418-4a7c-8544-1ffb98c729f5":{"typeName":"hive_column","attributes":{"owner":"hive","qualifiedName":"hortoniabank.ww_customers_trans.cctype@hdp","name":"cctype","description":null,"comment":null,"position":23,"type":"string","table":{"guid":"9cecf4cc-f4a3-4531-82c6-e719ca689ff2","typeName":"hive_table"}},"guid":"4c5042d3-b418-4a7c-8544-1ffb98c729f5","status":"ACTIVE","createdBy":"hive","updatedBy":"hive","createTime":1523751180194,"updateTime":1523751222853,"version":0,"classifications":[]},"c14b64f1-426f-49f7-859e-55e12305b5a6":{"typeName":"hive_column","attributes":{"owner":"hive","qualifiedName":"hortoniabank.ww_customers_trans.weight@hdp","name":"weight","description":null,"comment":null,"position":36,"type":"double","table":{"guid":"9cecf4cc-f4a3-4531-82c6-e719ca689ff2","typeName":"hive_table"}},"guid":"c14b64f1-426f-49f7-859e-55e12305b5a6","status":"ACTIVE","createdBy":"hive","updatedBy":"hive","createTime":1523751180194,"updateTime":1523751222853,"version":0,"classifications":[]},"7c595d5d-b75a-455a-9103-ad5f225f903e":{"typeName":"hive_column","attributes":{"owner":"hive","qualifiedName":"hortoniabank.ww_customers_trans.nameset@hdp","name":"nameset","description":null,"comment":null,"position":6,"type":"string","table":{"guid":"9cecf4cc-f4a3-4531-82c6-e719ca689ff2","typeName":"hive_table"}},"guid":"7c595d5d-b75a-455a-9103-ad5f225f903e","status":"ACTIVE","createdBy":"hive","updatedBy":"hive","createTime":1523751180194,"updateTime":1523751222853,"version":0,"classifications":[]},"9bb2eafc-d38e-4267-bde3-33619f0df4cd":{"typeName":"hive_column","attributes":{"owner":"hive","qualifiedName":"hortoniabank.ww_customers_trans.ccnumber@hdp","name":"ccnumber","description":null,"comment":null,"position":24,"type":"string","table":{"guid":"9cecf4cc-f4a3-4531-82c6-e719ca689ff2","typeName":"hive_table"}},"guid":"9bb2eafc-d38e-4267-bde3-33619f0df4cd","status":"ACTIVE","createdBy":"hive","updatedBy":"hive","createTime":1523751180194,"updateTime":1523751222853,"version":0,"classifications":[{"typeName":"PII","attributes":{"type":"ccn"}}]},"deccbcab-230f-453c-bfa1-024c3e3a0764":{"typeName":"hive_column","attributes":{"owner":"hive","qualifiedName":"hortoniabank.ww_customers_trans.insuranceid@hdp","name":"insuranceid","description":null,"comment":null,"position":29,"type":"string","table":{"guid":"9cecf4cc-f4a3-4531-82c6-e719ca689ff2","typeName":"hive_table"}},"guid":"deccbcab-230f-453c-bfa1-024c3e3a0764","status":"ACTIVE","createdBy":"hive","updatedBy":"hive","createTime":1523751180194,"updateTime":1523751222853,"version":0,"classifications":[]},"e492ce73-3c10-499c-9375-3101041ae95c":{"typeName":"hive_column","attributes":{"owner":"hive","qualifiedName":"hortoniabank.ww_customers_trans.tropicalzodiac@hdp","name":"tropicalzodiac","description":null,"comment":null,"position":22,"type":"string","table":{"guid":"9cecf4cc-f4a3-4531-82c6-e719ca689ff2","typeName":"hive_table"}},"guid":"e492ce73-3c10-499c-9375-3101041ae95c","status":"ACTIVE","createdBy":"hive","updatedBy":"hive","createTime":1523751180194,"updateTime":1523751222853,"version":0,"classifications":[]},"9083f266-fe03-43b4-a1b6-f4213c55eff5":{"typeName":"hive_column","attributes":{"owner":"hive","qualifiedName":"hortoniabank.ww_customers_trans.longitude@hdp","name":"longitude","description":null,"comment":null,"position":39,"type":"double","table":{"guid":"9cecf4cc-f4a3-4531-82c6-e719ca689ff2","typeName":"hive_table"}},"guid":"9083f266-fe03-43b4-a1b6-f4213c55eff5","status":"ACTIVE","createdBy":"hive","updatedBy":"hive","createTime":1523751180194,"updateTime":1523751222853,"version":0,"classifications":[]},"ddc43c81-7023-4d7f-b6aa-cb1d74dad6bc":{"typeName":"hive_column","attributes":{"owner":"hive","qualifiedName":"hortoniabank.ww_customers_trans.occupation@hdp","name":"occupation","description":null,"comment":null,"position":31,"type":"string","table":{"guid":"9cecf4cc-f4a3-4531-82c6-e719ca689ff2","typeName":"hive_table"}},"guid":"ddc43c81-7023-4d7f-b6aa-cb1d74dad6bc","status":"ACTIVE","createdBy":"hive","updatedBy":"hive","createTime":1523751180194,"updateTime":1523751222853,"version":0,"classifications":[]},"ddf10903-6c30-4c82-993f-feb3581ca6c9":{"typeName":"hive_column","attributes":{"owner":"hive","qualifiedName":"hortoniabank.ww_customers_trans.gender@hdp","name":"gender","description":null,"comment":null,"position":0,"type":"string","table":{"guid":"9cecf4cc-f4a3-4531-82c6-e719ca689ff2","typeName":"hive_table"}},"guid":"ddf10903-6c30-4c82-993f-feb3581ca6c9","status":"ACTIVE","createdBy":"hive","updatedBy":"hive","createTime":1523751180194,"updateTime":1523751222853,"version":0,"classifications":[]},"326a2ef4-5953-4148-a944-95e32144ce44":{"typeName":"hive_column","attributes":{"owner":"hive","qualifiedName":"hortoniabank.ww_customers_trans.company@hdp","name":"company","description":null,"comment":null,"position":32,"type":"string","table":{"guid":"9cecf4cc-f4a3-4531-82c6-e719ca689ff2","typeName":"hive_table"}},"guid":"326a2ef4-5953-4148-a944-95e32144ce44","status":"ACTIVE","createdBy":"hive","updatedBy":"hive","createTime":1523751180194,"updateTime":1523751222853,"version":0,"classifications":[]},"92190ff8-78d0-4e1d-b0a3-743f227961cf":{"typeName":"hive_column","attributes":{"owner":"hive","qualifiedName":"hortoniabank.ww_customers_trans.countryfull@hdp","name":"countryfull","description":null,"comment":null,"position":13,"type":"string","table":{"guid":"9cecf4cc-f4a3-4531-82c6-e719ca689ff2","typeName":"hive_table"}},"guid":"92190ff8-78d0-4e1d-b0a3-743f227961cf","status":"ACTIVE","createdBy":"hive","updatedBy":"hive","createTime":1523751180194,"updateTime":1523751222853,"version":0,"classifications":[]},"ba3aaba8-027a-424e-9f5a-b0215130914d":{"typeName":"hive_column","attributes":{"owner":"hive","qualifiedName":"hortoniabank.ww_customers_trans.eyecolor@hdp","name":"eyecolor","description":null,"comment":null,"position":30,"type":"string","table":{"guid":"9cecf4cc-f4a3-4531-82c6-e719ca689ff2","typeName":"hive_table"}},"guid":"ba3aaba8-027a-424e-9f5a-b0215130914d","status":"ACTIVE","createdBy":"hive","updatedBy":"hive","createTime":1523751180194,"updateTime":1523751222853,"version":0,"classifications":[]},"9a77c8ed-a316-4ce0-a580-c303045d90d5":{"typeName":"hive_column","attributes":{"owner":"hive","qualifiedName":"hortoniabank.ww_customers_trans.telephonecountrycode@hdp","name":"telephonecountrycode","description":null,"comment":null,"position":18,"type":"int","table":{"guid":"9cecf4cc-f4a3-4531-82c6-e719ca689ff2","typeName":"hive_table"}},"guid":"9a77c8ed-a316-4ce0-a580-c303045d90d5","status":"ACTIVE","createdBy":"hive","updatedBy":"hive","createTime":1523751180194,"updateTime":1523751222853,"version":0,"classifications":[]},"db6a78ba-e937-4c66-9659-beeeb4f50c19":{"typeName":"hive_column","attributes":{"owner":"hive","qualifiedName":"hortoniabank.ww_customers_trans.zipcode@hdp","name":"zipcode","description":null,"comment":null,"position":11,"type":"string","table":{"guid":"9cecf4cc-f4a3-4531-82c6-e719ca689ff2","typeName":"hive_table"}},"guid":"db6a78ba-e937-4c66-9659-beeeb4f50c19","status":"ACTIVE","createdBy":"hive","updatedBy":"hive","createTime":1523751180194,"updateTime":1523751222853,"version":0,"classifications":[]},"4389b968-d292-4228-ba6e-53dbbbd629c8":{"typeName":"hive_column","attributes":{"owner":"hive","qualifiedName":"hortoniabank.ww_customers_trans.mothersmaiden@hdp","name":"mothersmaiden","description":null,"comment":null,"position":19,"type":"string","table":{"guid":"9cecf4cc-f4a3-4531-82c6-e719ca689ff2","typeName":"hive_table"}},"guid":"4389b968-d292-4228-ba6e-53dbbbd629c8","status":"ACTIVE","createdBy":"hive","updatedBy":"hive","createTime":1523751180194,"updateTime":1523751222853,"version":0,"classifications":[]},"beff1fdd-f10a-4ccf-be11-358339579a8f":{"typeName":"hive_column","attributes":{"owner":"hive","qualifiedName":"hortoniabank.ww_customers_trans.nationalid@hdp","name":"nationalid","description":null,"comment":null,"position":27,"type":"string","table":{"guid":"9cecf4cc-f4a3-4531-82c6-e719ca689ff2","typeName":"hive_table"}},"guid":"beff1fdd-f10a-4ccf-be11-358339579a8f","status":"ACTIVE","createdBy":"hive","updatedBy":"hive","createTime":1523751180194,"updateTime":1523751222853,"version":0,"classifications":[{"typeName":"PII","attributes":{"type":"ssn"}}]},"86bd3506-06d7-4cea-954e-e82376d2f94f":{"typeName":"hive_column","attributes":{"owner":"hive","qualifiedName":"hortoniabank.ww_customers_trans.password@hdp","name":"password","description":null,"comment":null,"position":16,"type":"string","table":{"guid":"9cecf4cc-f4a3-4531-82c6-e719ca689ff2","typeName":"hive_table"}},"guid":"86bd3506-06d7-4cea-954e-e82376d2f94f","status":"ACTIVE","createdBy":"hive","updatedBy":"hive","createTime":1523751180194,"updateTime":1523751222853,"version":0,"classifications":[]},"de5b74b7-a155-4c0d-8c7c-1ba76bf98ba9":{"typeName":"hive_column","attributes":{"owner":"hive","qualifiedName":"hortoniabank.ww_customers_trans.domain@hdp","name":"domain","description":null,"comment":null,"position":34,"type":"string","table":{"guid":"9cecf4cc-f4a3-4531-82c6-e719ca689ff2","typeName":"hive_table"}},"guid":"de5b74b7-a155-4c0d-8c7c-1ba76bf98ba9","status":"ACTIVE","createdBy":"hive","updatedBy":"hive","createTime":1523751180194,"updateTime":1523751222853,"version":0,"classifications":[]},"30aeba1c-67f4-4ea6-84e4-14b525c97c13":{"typeName":"hive_column","attributes":{"owner":"hive","qualifiedName":"hortoniabank.ww_customers_trans.height@hdp","name":"height","description":null,"comment":null,"position":37,"type":"int","table":{"guid":"9cecf4cc-f4a3-4531-82c6-e719ca689ff2","typeName":"hive_table"}},"guid":"30aeba1c-67f4-4ea6-84e4-14b525c97c13","status":"ACTIVE","createdBy":"hive","updatedBy":"hive","createTime":1523751180194,"updateTime":1523751222853,"version":0,"classifications":[]},"9ef09839-0400-447d-ae72-2d8ca0e3ace7":{"typeName":"hive_column","attributes":{"owner":"hive","qualifiedName":"hortoniabank.ww_customers_trans.telephonenumber@hdp","name":"telephonenumber","description":null,"comment":null,"position":17,"type":"string","table":{"guid":"9cecf4cc-f4a3-4531-82c6-e719ca689ff2","typeName":"hive_table"}},"guid":"9ef09839-0400-447d-ae72-2d8ca0e3ace7","status":"ACTIVE","createdBy":"hive","updatedBy":"hive","createTime":1523751180194,"updateTime":1523751222853,"version":0,"classifications":[]},"b6bff4d2-6a0e-4df9-a54d-00e1f24744c6":{"typeName":"hive_column","attributes":{"owner":"hive","qualifiedName":"hortoniabank.ww_customers_trans.mrn@hdp","name":"mrn","description":null,"comment":null,"position":28,"type":"string","table":{"guid":"9cecf4cc-f4a3-4531-82c6-e719ca689ff2","typeName":"hive_table"}},"guid":"b6bff4d2-6a0e-4df9-a54d-00e1f24744c6","status":"ACTIVE","createdBy":"hive","updatedBy":"hive","createTime":1523751180194,"updateTime":1523751222853,"version":0,"classifications":[]},"7dffd6b4-be9c-434c-9dce-920ff08c66a4":{"typeName":"hive_column","attributes":{"owner":"hive","qualifiedName":"hortoniabank.ww_customers_trans.emailaddress@hdp","name":"emailaddress","description":null,"comment":null,"position":14,"type":"string","table":{"guid":"9cecf4cc-f4a3-4531-82c6-e719ca689ff2","typeName":"hive_table"}},"guid":"7dffd6b4-be9c-434c-9dce-920ff08c66a4","status":"ACTIVE","createdBy":"hive","updatedBy":"hive","createTime":1523751180194,"updateTime":1523751222853,"version":0,"classifications":[{"typeName":"PII","attributes":{"type":"Email"}}]},"bdae09b3-aac8-4deb-9e2d-6e560d98b83e":{"typeName":"hive_column","attributes":{"owner":"hive","qualifiedName":"hortoniabank.ww_customers_trans.givenname@hdp","name":"givenname","description":null,"comment":null,"position":2,"type":"string","table":{"guid":"9cecf4cc-f4a3-4531-82c6-e719ca689ff2","typeName":"hive_table"}},"guid":"bdae09b3-aac8-4deb-9e2d-6e560d98b83e","status":"ACTIVE","createdBy":"hive","updatedBy":"hive","createTime":1523751180194,"updateTime":1523751222853,"version":0,"classifications":[]},"8993c56a-dedb-47f7-95df-1b3a2fed0988":{"typeName":"hive_column","attributes":{"owner":"hive","qualifiedName":"hortoniabank.ww_customers_trans.surname@hdp","name":"surname","description":null,"comment":null,"position":4,"type":"string","table":{"guid":"9cecf4cc-f4a3-4531-82c6-e719ca689ff2","typeName":"hive_table"}},"guid":"8993c56a-dedb-47f7-95df-1b3a2fed0988","status":"ACTIVE","createdBy":"hive","updatedBy":"hive","createTime":1523751180194,"updateTime":1523751222853,"version":0,"classifications":[]},"21822703-c000-42a4-848c-395bc9475fa2":{"typeName":"hive_column","attributes":{"owner":"hive","qualifiedName":"hortoniabank.ww_customers_trans.birthday@hdp","name":"birthday","description":null,"comment":null,"position":20,"type":"string","table":{"guid":"9cecf4cc-f4a3-4531-82c6-e719ca689ff2","typeName":"hive_table"}},"guid":"21822703-c000-42a4-848c-395bc9475fa2","status":"ACTIVE","createdBy":"hive","updatedBy":"hive","createTime":1523751180194,"updateTime":1523751222853,"version":0,"classifications":[]},"eec95b20-f619-418a-b032-8e381b9411e3":{"typeName":"hive_column","attributes":{"owner":"hive","qualifiedName":"hortoniabank.ww_customers_trans.city@hdp","name":"city","description":null,"comment":null,"position":8,"type":"string","table":{"guid":"9cecf4cc-f4a3-4531-82c6-e719ca689ff2","typeName":"hive_table"}},"guid":"eec95b20-f619-418a-b032-8e381b9411e3","status":"ACTIVE","createdBy":"hive","updatedBy":"hive","createTime":1523751180194,"updateTime":1523751222853,"version":0,"classifications":[]},"0bb51741-e526-43f2-900d-8b07d40d52d3":{"typeName":"hive_column","attributes":{"owner":"hive","qualifiedName":"hortoniabank.ww_customers_trans.ccexpires@hdp","name":"ccexpires","description":null,"comment":null,"position":26,"type":"string","table":{"guid":"9cecf4cc-f4a3-4531-82c6-e719ca689ff2","typeName":"hive_table"}},"guid":"0bb51741-e526-43f2-900d-8b07d40d52d3","status":"ACTIVE","createdBy":"hive","updatedBy":"hive","createTime":1523751180194,"updateTime":1523751222853,"version":0,"classifications":[]},"5d7051ed-cb02-4476-8e6c-32c037e18fd9":{"typeName":"hive_column","attributes":{"owner":"hive","qualifiedName":"hortoniabank.ww_customers_trans.title@hdp","name":"title","description":null,"comment":null,"position":1,"type":"string","table":{"guid":"9cecf4cc-f4a3-4531-82c6-e719ca689ff2","typeName":"hive_table"}},"guid":"5d7051ed-cb02-4476-8e6c-32c037e18fd9","status":"ACTIVE","createdBy":"hive","updatedBy":"hive","createTime":1523751180194,"updateTime":1523751222853,"version":0,"classifications":[]},"9fd2d5a2-f5f5-4cdb-97bf-90772e9860ae":{"typeName":"hive_column","attributes":{"owner":"hive","qualifiedName":"hortoniabank.ww_customers_trans.country@hdp","name":"country","description":null,"comment":null,"position":12,"type":"string","table":{"guid":"9cecf4cc-f4a3-4531-82c6-e719ca689ff2","typeName":"hive_table"}},"guid":"9fd2d5a2-f5f5-4cdb-97bf-90772e9860ae","status":"ACTIVE","createdBy":"hive","updatedBy":"hive","createTime":1523751180194,"updateTime":1523751222853,"version":0,"classifications":[]},"1837959b-3f84-42c6-84d2-7120244e6d90":{"typeName":"hive_column","attributes":{"owner":"hive","qualifiedName":"hortoniabank.ww_customers_trans.age@hdp","name":"age","description":null,"comment":null,"position":21,"type":"int","table":{"guid":"9cecf4cc-f4a3-4531-82c6-e719ca689ff2","typeName":"hive_table"}},"guid":"1837959b-3f84-42c6-84d2-7120244e6d90","status":"ACTIVE","createdBy":"hive","updatedBy":"hive","createTime":1523751180194,"updateTime":1523751222853,"version":0,"classifications":[]},"2794a22b-9997-4949-8073-84bbc4c98273":{"typeName":"hive_column","attributes":{"owner":"hive","qualifiedName":"hortoniabank.ww_customers_trans.number@hdp","name":"number","description":null,"comment":null,"position":5,"type":"int","table":{"guid":"9cecf4cc-f4a3-4531-82c6-e719ca689ff2","typeName":"hive_table"}},"guid":"2794a22b-9997-4949-8073-84bbc4c98273","status":"ACTIVE","createdBy":"hive","updatedBy":"hive","createTime":1523751180194,"updateTime":1523751222853,"version":0,"classifications":[]},"6d18ea31-ad6c-4883-9f98-c5be01c233cd":{"typeName":"hive_column","attributes":{"owner":"hive","qualifiedName":"hortoniabank.ww_customers_trans.statefull@hdp","name":"statefull","description":null,"comment":null,"position":10,"type":"string","table":{"guid":"9cecf4cc-f4a3-4531-82c6-e719ca689ff2","typeName":"hive_table"}},"guid":"6d18ea31-ad6c-4883-9f98-c5be01c233cd","status":"ACTIVE","createdBy":"hive","updatedBy":"hive","createTime":1523751180194,"updateTime":1523751222853,"version":0,"classifications":[]},"75f3ca8f-ba6b-47f2-8153-ff807c34702b":{"typeName":"hive_column","attributes":{"owner":"hive","qualifiedName":"hortoniabank.ww_customers_trans.state@hdp","name":"state","description":null,"comment":null,"position":9,"type":"string","table":{"guid":"9cecf4cc-f4a3-4531-82c6-e719ca689ff2","typeName":"hive_table"}},"guid":"75f3ca8f-ba6b-47f2-8153-ff807c34702b","status":"ACTIVE","createdBy":"hive","updatedBy":"hive","createTime":1523751180194,"updateTime":1523751222853,"version":0,"classifications":[]},"23fe8e42-6ccb-42f8-80c9-21197db09bc5":{"typeName":"hive_column","attributes":{"owner":"hive","qualifiedName":"hortoniabank.ww_customers_trans.cvv2@hdp","name":"cvv2","description":null,"comment":null,"position":25,"type":"string","table":{"guid":"9cecf4cc-f4a3-4531-82c6-e719ca689ff2","typeName":"hive_table"}},"guid":"23fe8e42-6ccb-42f8-80c9-21197db09bc5","status":"ACTIVE","createdBy":"hive","updatedBy":"hive","createTime":1523751180194,"updateTime":1523751222853,"version":0,"classifications":[]},"faa5c124-583a-4a60-8616-c4c11d6a828f":{"typeName":"hive_column","attributes":{"owner":"hive","qualifiedName":"hortoniabank.ww_customers_trans.streetaddress@hdp","name":"streetaddress","description":null,"comment":null,"position":7,"type":"string","table":{"guid":"9cecf4cc-f4a3-4531-82c6-e719ca689ff2","typeName":"hive_table"}},"guid":"faa5c124-583a-4a60-8616-c4c11d6a828f","status":"ACTIVE","createdBy":"hive","updatedBy":"hive","createTime":1523751180194,"updateTime":1523751222853,"version":0,"classifications":[]}},"entity":{"typeName":"hive_table","attributes":{"owner":"hive","temporary":false,"lastAccessTime":1523751175000,"aliases":null,"qualifiedName":"hortoniabank.ww_customers_trans@hdp","columns":[{"guid":"ddf10903-6c30-4c82-993f-feb3581ca6c9","typeName":"hive_column"},{"guid":"5d7051ed-cb02-4476-8e6c-32c037e18fd9","typeName":"hive_column"},{"guid":"bdae09b3-aac8-4deb-9e2d-6e560d98b83e","typeName":"hive_column"},{"guid":"b823513c-d4cc-4239-b0b0-6b1c5121e47d","typeName":"hive_column"},{"guid":"8993c56a-dedb-47f7-95df-1b3a2fed0988","typeName":"hive_column"},{"guid":"2794a22b-9997-4949-8073-84bbc4c98273","typeName":"hive_column"},{"guid":"7c595d5d-b75a-455a-9103-ad5f225f903e","typeName":"hive_column"},{"guid":"faa5c124-583a-4a60-8616-c4c11d6a828f","typeName":"hive_column"},{"guid":"eec95b20-f619-418a-b032-8e381b9411e3","typeName":"hive_column"},{"guid":"75f3ca8f-ba6b-47f2-8153-ff807c34702b","typeName":"hive_column"},{"guid":"6d18ea31-ad6c-4883-9f98-c5be01c233cd","typeName":"hive_column"},{"guid":"db6a78ba-e937-4c66-9659-beeeb4f50c19","typeName":"hive_column"},{"guid":"9fd2d5a2-f5f5-4cdb-97bf-90772e9860ae","typeName":"hive_column"},{"guid":"92190ff8-78d0-4e1d-b0a3-743f227961cf","typeName":"hive_column"},{"guid":"7dffd6b4-be9c-434c-9dce-920ff08c66a4","typeName":"hive_column"},{"guid":"aafa0314-8442-4b6c-b3b0-cb93edb3146c","typeName":"hive_column"},{"guid":"86bd3506-06d7-4cea-954e-e82376d2f94f","typeName":"hive_column"},{"guid":"9ef09839-0400-447d-ae72-2d8ca0e3ace7","typeName":"hive_column"},{"guid":"9a77c8ed-a316-4ce0-a580-c303045d90d5","typeName":"hive_column"},{"guid":"4389b968-d292-4228-ba6e-53dbbbd629c8","typeName":"hive_column"},{"guid":"21822703-c000-42a4-848c-395bc9475fa2","typeName":"hive_column"},{"guid":"1837959b-3f84-42c6-84d2-7120244e6d90","typeName":"hive_column"},{"guid":"e492ce73-3c10-499c-9375-3101041ae95c","typeName":"hive_column"},{"guid":"4c5042d3-b418-4a7c-8544-1ffb98c729f5","typeName":"hive_column"},{"guid":"9bb2eafc-d38e-4267-bde3-33619f0df4cd","typeName":"hive_column"},{"guid":"23fe8e42-6ccb-42f8-80c9-21197db09bc5","typeName":"hive_column"},{"guid":"0bb51741-e526-43f2-900d-8b07d40d52d3","typeName":"hive_column"},{"guid":"beff1fdd-f10a-4ccf-be11-358339579a8f","typeName":"hive_column"},{"guid":"b6bff4d2-6a0e-4df9-a54d-00e1f24744c6","typeName":"hive_column"},{"guid":"deccbcab-230f-453c-bfa1-024c3e3a0764","typeName":"hive_column"},{"guid":"ba3aaba8-027a-424e-9f5a-b0215130914d","typeName":"hive_column"},{"guid":"ddc43c81-7023-4d7f-b6aa-cb1d74dad6bc","typeName":"hive_column"},{"guid":"326a2ef4-5953-4148-a944-95e32144ce44","typeName":"hive_column"},{"guid":"53d0d5ba-6788-4598-b0c5-fa86c3c25731","typeName":"hive_column"},{"guid":"de5b74b7-a155-4c0d-8c7c-1ba76bf98ba9","typeName":"hive_column"},{"guid":"a3c330f1-1239-4483-b611-8143c5ce2fbb","typeName":"hive_column"},{"guid":"c14b64f1-426f-49f7-859e-55e12305b5a6","typeName":"hive_column"},{"guid":"30aeba1c-67f4-4ea6-84e4-14b525c97c13","typeName":"hive_column"},{"guid":"437cfebc-cf9b-4f42-a3ec-473239ca15e5","typeName":"hive_column"},{"guid":"9083f266-fe03-43b4-a1b6-f4213c55eff5","typeName":"hive_column"}],"description":null,"viewExpandedText":null,"sd":{"guid":"2cdf6269-97e1-4bda-8c38-9cee2f2c38fe","typeName":"hive_storagedesc"},"tableType":"MANAGED_TABLE","createTime":1523751175000,"name":"ww_customers_trans","comment":null,"partitionKeys":null,"parameters":{"transient_lastDdlTime":"1523751181","totalSize":"6903359","transactional":"true","numFiles":"2"},"db":{"guid":"3577f1a4-39a3-49a2-8785-04f1f85c7632","typeName":"hive_db"},"retention":0,"viewOriginalText":null},"guid":"9cecf4cc-f4a3-4531-82c6-e719ca689ff2","status":"ACTIVE","createdBy":"hive","updatedBy":"hive","createTime":1523751180194,"updateTime":1523751222853,"version":0,"classifications":[]}}