{"referredEntities":{},"entity":{"typeName":"hive_column_lineage","attributes":{"owner":null,"outputs":[{"guid":"6ccb442b-d81e-4a5f-96ba-e441dd706df6","typeName":"hive_column"}],"expression":null,"qualifiedName":"QUERY:consent_master.consent_data@hdp:1523751099000->:INSERT:erasure_master.data_erasure_trans@hdp:1523751194000:country","inputs":[{"guid":"8600e809-74db-4d33-b647-65384ef38369","typeName":"hive_column"}],"query":{"guid":"2d95b74e-db2b-43eb-a659-bf10ea49b849","typeName":"hive_process"},"name":"insert into erasure_master.data_erasure_trans select country, countryfull, insuranceid, marketingconsent, marketingconsentstartdate, loyaltyconsent from consent_master.consent_data limit 500:country","description":null,"depenendencyType":"SIMPLE"},"guid":"9cf48437-f423-429e-9380-5ce96a36f7dd","status":"ACTIVE","createdBy":"hive","updatedBy":"hive","createTime":1523751265586,"updateTime":1523751265586,"version":0,"classifications":[]}}