{"referredEntities":{},"entity":{"typeName":"hive_column_lineage","attributes":{"owner":null,"outputs":[{"guid":"019a2d01-0006-454a-a1a7-24250dce3f54","typeName":"hive_column"}],"expression":null,"qualifiedName":"QUERY:hortoniabank.us_customers@hdp:1523751090000->:INSERT:hortoniabank.us_customers_trans@hdp:1523751182000:givenname","inputs":[{"guid":"ade624f0-843c-4aa0-95e8-34675c714ede","typeName":"hive_column"}],"query":{"guid":"df02def0-8c93-4811-9290-8b8900990370","typeName":"hive_process"},"name":"insert into hortoniabank.us_customers_trans select * from hortoniabank.us_customers:givenname","description":null,"depenendencyType":"SIMPLE"},"guid":"a0f61ffd-cfbb-4fcf-b21f-fae6d13b3121","status":"ACTIVE","createdBy":"hive","updatedBy":"hive","createTime":1523751230297,"updateTime":1523751230297,"version":0,"classifications":[]}}