{"referredEntities":{"fccf8233-fe60-439c-a893-f6ece4dacfbf":{"typeName":"hive_column","attributes":{"owner":"hive","qualifiedName":"consent_master.eu_countries.countrycode@hdp","name":"countrycode","description":null,"comment":null,"position":0,"type":"string","table":{"guid":"a2abc83d-7246-4e8c-8aa9-dee78a4dbf22","typeName":"hive_table"}},"guid":"fccf8233-fe60-439c-a893-f6ece4dacfbf","status":"ACTIVE","createdBy":"hive","updatedBy":"hive","createTime":1523751131440,"updateTime":1523751131840,"version":0,"classifications":[]},"a180141d-3140-46cc-a47d-083f60fb3232":{"typeName":"hive_storagedesc","attributes":{"bucketCols":null,"qualifiedName":"consent_master.eu_countries@hdp_storage","sortCols":null,"storedAsSubDirectories":false,"location":"hdfs://abajwa-dws-hortonia-ref0.field.hortonworks.com:8020/hive_data/eu_countries","compressed":false,"inputFormat":"org.apache.hadoop.mapred.TextInputFormat","outputFormat":"org.apache.hadoop.hive.ql.io.HiveIgnoreKeyTextOutputFormat","parameters":null,"table":{"guid":"a2abc83d-7246-4e8c-8aa9-dee78a4dbf22","typeName":"hive_table"},"serdeInfo":{"typeName":"hive_serde","attributes":{"serializationLib":"org.apache.hadoop.hive.serde2.lazy.LazySimpleSerDe","name":null,"parameters":{"serialization.format":",","field.delim":","}}},"numBuckets":-1},"guid":"a180141d-3140-46cc-a47d-083f60fb3232","status":"ACTIVE","createdBy":"hive","updatedBy":"hive","createTime":1523751131440,"updateTime":1523751131840,"version":0,"classifications":[]},"0227ea8d-f20e-4fdd-816c-2b9290d1c291":{"typeName":"hive_column","attributes":{"owner":"hive","qualifiedName":"consent_master.eu_countries.countryfull@hdp","name":"countryfull","description":null,"comment":null,"position":1,"type":"string","table":{"guid":"a2abc83d-7246-4e8c-8aa9-dee78a4dbf22","typeName":"hive_table"}},"guid":"0227ea8d-f20e-4fdd-816c-2b9290d1c291","status":"ACTIVE","createdBy":"hive","updatedBy":"hive","createTime":1523751131440,"updateTime":1523751131840,"version":0,"classifications":[]}},"entity":{"typeName":"hive_table","attributes":{"owner":"hive","temporary":false,"lastAccessTime":1523751100000,"aliases":null,"qualifiedName":"consent_master.eu_countries@hdp","columns":[{"guid":"fccf8233-fe60-439c-a893-f6ece4dacfbf","typeName":"hive_column"},{"guid":"0227ea8d-f20e-4fdd-816c-2b9290d1c291","typeName":"hive_column"}],"description":null,"viewExpandedText":null,"sd":{"guid":"a180141d-3140-46cc-a47d-083f60fb3232","typeName":"hive_storagedesc"},"tableType":"EXTERNAL_TABLE","createTime":1523751100000,"name":"eu_countries","comment":null,"partitionKeys":null,"parameters":{"transient_lastDdlTime":"1523751100","totalSize":"407","EXTERNAL":"TRUE","numFiles":"1"},"db":{"guid":"8dce0592-fa2c-45cb-b3c2-5ca425afe3a8","typeName":"hive_db"},"retention":0,"viewOriginalText":null},"guid":"a2abc83d-7246-4e8c-8aa9-dee78a4dbf22","status":"ACTIVE","createdBy":"hive","updatedBy":"hive","createTime":1523751131440,"updateTime":1523751131840,"version":0,"classifications":[{"typeName":"REFERENCE_DATA"}]}}