{"referredEntities":{},"entity":{"typeName":"hive_column_lineage","attributes":{"owner":null,"outputs":[{"guid":"7b66ad07-45e1-4014-a655-b08df12c9523","typeName":"hive_column"}],"expression":null,"qualifiedName":"QUERY:hortoniabank.us_customers@hdp:1523751090000->:INSERT:hortoniabank.us_customers_trans@hdp:1523751182000:statefull","inputs":[{"guid":"69db7fc4-3166-4b47-b1d6-6c51f98a6daf","typeName":"hive_column"}],"query":{"guid":"df02def0-8c93-4811-9290-8b8900990370","typeName":"hive_process"},"name":"insert into hortoniabank.us_customers_trans select * from hortoniabank.us_customers:statefull","description":null,"depenendencyType":"SIMPLE"},"guid":"a2c83f7e-87de-43d7-b024-1a8ecb8a0a7b","status":"ACTIVE","createdBy":"hive","updatedBy":"hive","createTime":1523751252591,"updateTime":1523751252591,"version":0,"classifications":[]}}