{"referredEntities":{},"entity":{"typeName":"hive_column_lineage","attributes":{"owner":null,"outputs":[{"guid":"c7649ea1-2082-44c2-9918-8a77362210e2","typeName":"hive_column"}],"expression":null,"qualifiedName":"QUERY:hortoniabank.us_customers@hdp:1523751090000->:INSERT:hortoniabank.us_customers_trans@hdp:1523751182000:title","inputs":[{"guid":"daf19b04-ad5d-4990-8a32-198f96f2479d","typeName":"hive_column"}],"query":{"guid":"df02def0-8c93-4811-9290-8b8900990370","typeName":"hive_process"},"name":"insert into hortoniabank.us_customers_trans select * from hortoniabank.us_customers:title","description":null,"depenendencyType":"SIMPLE"},"guid":"a31d64e9-6a25-4b66-b58c-4b02781e9b06","status":"ACTIVE","createdBy":"hive","updatedBy":"hive","createTime":1523751245467,"updateTime":1523751245467,"version":0,"classifications":[]}}