{"referredEntities":{},"entity":{"typeName":"hive_column_lineage","attributes":{"owner":null,"outputs":[{"guid":"dcb40086-3ab0-40cf-9e7a-b5f9194ff9d0","typeName":"hive_column"}],"expression":null,"qualifiedName":"claim.claims_view@hdp:1523751097000:eligibilitycode","inputs":[{"guid":"b0b98c4d-b733-45c7-883c-6c66d05378e6","typeName":"hive_column"}],"query":{"guid":"664c2ad5-9dfa-41d7-98ce-ad2f5a1638a6","typeName":"hive_process"},"name":"create view if not exists claim.claims_view as select * from cost_savings.claim_savings:eligibilitycode","description":null,"depenendencyType":"SIMPLE"},"guid":"a395fa20-cd10-437e-bb62-ed5599bca4b1","status":"ACTIVE","createdBy":"hive","updatedBy":"hive","createTime":1523751128797,"updateTime":1523751128797,"version":0,"classifications":[]}}