{"referredEntities":{},"entity":{"typeName":"hive_db","attributes":{"owner":"hive","ownerType":"USER","qualifiedName":"cost_savings@hdp","clusterName":"hdp","name":"cost_savings","description":"Cost Savings Database","location":"hdfs://abajwa-dws-hortonia-ref0.field.hortonworks.com:8020/hive_data/cost_savings","parameters":null},"guid":"a6506bc7-c4e0-4e6d-8b8a-e9d8498eb80a","status":"ACTIVE","createdBy":"hive","updatedBy":"hive","createTime":1523751110592,"updateTime":1523751130173,"version":0,"classifications":[]}}