{"referredEntities":{},"entity":{"typeName":"hive_column_lineage","attributes":{"owner":null,"outputs":[{"guid":"f5713903-90c1-49a7-8f5a-bc8b59d0b958","typeName":"hive_column"}],"expression":null,"qualifiedName":"claim.prov_view@hdp:1523751096000:providername","inputs":[{"guid":"871fe154-e86e-406e-94f9-ebf9efb7d9d7","typeName":"hive_column"}],"query":{"guid":"6b51687d-2e08-42d8-a952-b0c4a98aa6ca","typeName":"hive_process"},"name":"create view if not exists claim.prov_view as select * from claim.provider_summary:providername","description":null,"depenendencyType":"SIMPLE"},"guid":"a91d7c58-ca81-46fb-9037-a061d4cb33f6","status":"ACTIVE","createdBy":"hive","updatedBy":"hive","createTime":1523751114341,"updateTime":1523751114341,"version":0,"classifications":[]}}