{"referredEntities":{},"entity":{"typeName":"hive_column_lineage","attributes":{"owner":null,"outputs":[{"guid":"26c6ac84-35db-4b63-adae-20a3a6988eea","typeName":"hive_column"}],"expression":null,"qualifiedName":"claim.claims_view@hdp:1523751097000:name","inputs":[{"guid":"5d3e151d-35f0-4b11-b1be-bb2d5681b070","typeName":"hive_column"}],"query":{"guid":"664c2ad5-9dfa-41d7-98ce-ad2f5a1638a6","typeName":"hive_process"},"name":"create view if not exists claim.claims_view as select * from cost_savings.claim_savings:name","description":null,"depenendencyType":"SIMPLE"},"guid":"a9b902cc-030e-4be2-b728-be359f5641af","status":"ACTIVE","createdBy":"hive","updatedBy":"hive","createTime":1523751127605,"updateTime":1523751127605,"version":0,"classifications":[]}}