{"referredEntities":{},"entity":{"typeName":"hive_column_lineage","attributes":{"owner":null,"outputs":[{"guid":"8993c56a-dedb-47f7-95df-1b3a2fed0988","typeName":"hive_column"}],"expression":null,"qualifiedName":"QUERY:hortoniabank.ww_customers@hdp:1523751089000->:INSERT:hortoniabank.ww_customers_trans@hdp:1523751175000:surname","inputs":[{"guid":"6d9dca43-a104-46a1-a29a-99ce7886a54a","typeName":"hive_column"}],"query":{"guid":"e7a3d5bd-de7d-4011-a47d-7a74a327db49","typeName":"hive_process"},"name":"insert into hortoniabank.ww_customers_trans select * from hortoniabank.ww_customers:surname","description":null,"depenendencyType":"SIMPLE"},"guid":"aae41866-533f-4cc4-a35d-e0e2e603ee7d","status":"ACTIVE","createdBy":"hive","updatedBy":"hive","createTime":1523751189397,"updateTime":1523751189397,"version":0,"classifications":[]}}