{"referredEntities":{},"entity":{"typeName":"hive_column_lineage","attributes":{"owner":null,"outputs":[{"guid":"75317f26-d685-4005-a4f0-e7738438b05f","typeName":"hive_column"}],"expression":null,"qualifiedName":"QUERY:hortoniabank.us_customers@hdp:1523751090000->:INSERT:hortoniabank.us_customers_trans@hdp:1523751182000:zipcode","inputs":[{"guid":"6a0a5dc3-fc18-43ea-a1b2-ce1772422c3c","typeName":"hive_column"}],"query":{"guid":"df02def0-8c93-4811-9290-8b8900990370","typeName":"hive_process"},"name":"insert into hortoniabank.us_customers_trans select * from hortoniabank.us_customers:zipcode","description":null,"depenendencyType":"SIMPLE"},"guid":"ab977a59-c269-4096-8814-21ac8e508abc","status":"ACTIVE","createdBy":"hive","updatedBy":"hive","createTime":1523751236478,"updateTime":1523751236478,"version":0,"classifications":[]}}