{"referredEntities":{},"entity":{"typeName":"hive_process","attributes":{"owner":null,"outputs":[{"guid":"62530552-d155-497a-9fdb-cc583eb981bf","typeName":"hive_table"}],"queryGraph":null,"recentQueries":["create external table if not exists hortoniabank.ww_customers(\n                                    gender               string\n                                  , title                string\n                                  , givenname            string\n                                  , middleinitial        string\n                                  , surname              string\n                                  , number               int\n                                  , nameset              string\n                                  , streetaddress        string\n                                  , city                 string\n                                  , state                string\n                                  , statefull            string\n                                  , zipcode              string\n                                  , country              string\n                                  , countryfull          string\n                                  , emailaddress         string\n                                  , username             string\n                                  , password             string\n                                  , telephonenumber      string\n                                  , telephonecountrycode int\n                                  , mothersmaiden        string\n                                  , birthday             string\n                                  , age                  int\n                                  , tropicalzodiac       string\n                                  , cctype               string\n                                  , ccnumber             string\n                                  , cvv2                 string\n                                  , ccexpires            string\n                                  , nationalid           string\n                                  , mrn                  string\n                                  , insuranceid          string\n                                  , eyecolor             string\n                                  , occupation           string\n                                  , company              string\n                                  , vehicle              string\n                                  , domain               string\n                                  , bloodtype            string\n                                  , weight               double\n                                  , height               int\n                                  , latitude             double\n                                  , longitude            double\n                                ) row format delimited\n                                  fields terminated by ','\n                                  stored as textfile\n                                  location '/hive_data/hortoniabank/ww_customers'\n\t\t\t\t  tblproperties(\"skip.header.line.count\"=\"1\")"],"qualifiedName":"hortoniabank.ww_customers@hdp:1523751089000","inputs":[{"guid":"80ffc7e0-6115-4344-8660-dbc787a131e2","typeName":"hdfs_path"}],"description":null,"userName":"hive","queryId":"hive_20180415001128_7334b607-a8c2-44be-857f-a382a2f57e0e","clusterName":"hdp","name":"create external table if not exists hortoniabank.ww_customers(\n                                    gender               string\n                                  , title                string\n                                  , givenname            string\n                                  , middleinitial        string\n                                  , surname              string\n                                  , number               int\n                                  , nameset              string\n                                  , streetaddress        string\n                                  , city                 string\n                                  , state                string\n                                  , statefull            string\n                                  , zipcode              string\n                                  , country              string\n                                  , countryfull          string\n                                  , emailaddress         string\n                                  , username             string\n                                  , password             string\n                                  , telephonenumber      string\n                                  , telephonecountrycode int\n                                  , mothersmaiden        string\n                                  , birthday             string\n                                  , age                  int\n                                  , tropicalzodiac       string\n                                  , cctype               string\n                                  , ccnumber             string\n                                  , cvv2                 string\n                                  , ccexpires            string\n                                  , nationalid           string\n                                  , mrn                  string\n                                  , insuranceid          string\n                                  , eyecolor             string\n                                  , occupation           string\n                                  , company              string\n                                  , vehicle              string\n                                  , domain               string\n                                  , bloodtype            string\n                                  , weight               double\n                                  , height               int\n                                  , latitude             double\n                                  , longitude            double\n                                ) row format delimited\n                                  fields terminated by ','\n                                  stored as textfile\n                                  location '/hive_data/hortoniabank/ww_customers'\n\t\t\t\t  tblproperties(\"skip.header.line.count\"=\"1\")","queryText":"create external table if not exists hortoniabank.ww_customers(\n                                    gender               string\n                                  , title                string\n                                  , givenname            string\n                                  , middleinitial        string\n                                  , surname              string\n                                  , number               int\n                                  , nameset              string\n                                  , streetaddress        string\n                                  , city                 string\n                                  , state                string\n                                  , statefull            string\n                                  , zipcode              string\n                                  , country              string\n                                  , countryfull          string\n                                  , emailaddress         string\n                                  , username             string\n                                  , password             string\n                                  , telephonenumber      string\n                                  , telephonecountrycode int\n                                  , mothersmaiden        string\n                                  , birthday             string\n                                  , age                  int\n                                  , tropicalzodiac       string\n                                  , cctype               string\n                                  , ccnumber             string\n                                  , cvv2                 string\n                                  , ccexpires            string\n                                  , nationalid           string\n                                  , mrn                  string\n                                  , insuranceid          string\n                                  , eyecolor             string\n                                  , occupation           string\n                                  , company              string\n                                  , vehicle              string\n                                  , domain               string\n                                  , bloodtype            string\n                                  , weight               double\n                                  , height               int\n                                  , latitude             double\n                                  , longitude            double\n                                ) row format delimited\n                                  fields terminated by ','\n                                  stored as textfile\n                                  location '/hive_data/hortoniabank/ww_customers'\n\t\t\t\t  tblproperties(\"skip.header.line.count\"=\"1\")","startTime":1523751088919,"operationType":"CREATETABLE","queryPlan":"Not Supported","endTime":1523751090787},"guid":"ac909c4e-8ab6-4043-b964-c6730cb6c620","status":"ACTIVE","createdBy":"hive","updatedBy":"hive","createTime":1523751102826,"updateTime":1523751102826,"version":0,"classifications":[]}}