{"referredEntities":{},"entity":{"typeName":"hive_process","attributes":{"owner":null,"outputs":[{"guid":"19ea84c2-766d-4da4-a6c9-50f58e343311","typeName":"hive_table"}],"queryGraph":null,"recentQueries":["create external table if not exists hortoniabank.us_customers(\n                                    number               string\n                                  , gender               string\n                                  , title                string\n                                  , givenname            string\n                                  , middleinitial        string\n                                  , surname              string\n                                  , streetaddress        string\n                                  , city                 string\n                                  , state                string\n                                  , statefull            string\n                                  , zipcode              string\n                                  , country              string\n                                  , countryfull          string\n                                  , emailaddress         string\n                                  , username             string\n                                  , password             string\n                                  , telephonenumber      string\n                                  , telephonecountrycode string\n                                  , mothersmaiden        string\n                                  , birthday             string\n                                  , age                  int\n                                  , tropicalzodiac       string\n                                  , cctype               string\n                                  , ccnumber             string\n                                  , cvv2                 string\n                                  , ccexpires            string\n                                  , nationalid           string\n                                  , mrn                  string\n                                  , insuranceid          string\n                                  , eyecolor             string\n                                  , occupation           string\n                                  , company              string\n                                  , vehicle              string\n                                  , domain               string\n                                  , bloodtype            string\n                                  , weight               double\n                                  , height               int\n                                  , latitude             double\n                                  , longitude            double\n                                 ) row format delimited\n                                   fields terminated by ','\n                                   stored as textfile\n                                   location '/hive_data/hortoniabank/us_customers'\n\t\t\t\t   tblproperties(\"skip.header.line.count\"=\"1\")"],"qualifiedName":"hortoniabank.us_customers@hdp:1523751090000","inputs":[{"guid":"57358509-9424-4175-a121-6baa616a495e","typeName":"hdfs_path"}],"description":null,"userName":"hive","queryId":"hive_20180415001130_ebb26054-c7f5-4693-89d6-c9bcd6d6a89c","clusterName":"hdp","name":"create external table if not exists hortoniabank.us_customers(\n                                    number               string\n                                  , gender               string\n                                  , title                string\n                                  , givenname            string\n                                  , middleinitial        string\n                                  , surname              string\n                                  , streetaddress        string\n                                  , city                 string\n                                  , state                string\n                                  , statefull            string\n                                  , zipcode              string\n                                  , country              string\n                                  , countryfull          string\n                                  , emailaddress         string\n                                  , username             string\n                                  , password             string\n                                  , telephonenumber      string\n                                  , telephonecountrycode string\n                                  , mothersmaiden        string\n                                  , birthday             string\n                                  , age                  int\n                                  , tropicalzodiac       string\n                                  , cctype               string\n                                  , ccnumber             string\n                                  , cvv2                 string\n                                  , ccexpires            string\n                                  , nationalid           string\n                                  , mrn                  string\n                                  , insuranceid          string\n                                  , eyecolor             string\n                                  , occupation           string\n                                  , company              string\n                                  , vehicle              string\n                                  , domain               string\n                                  , bloodtype            string\n                                  , weight               double\n                                  , height               int\n                                  , latitude             double\n                                  , longitude            double\n                                 ) row format delimited\n                                   fields terminated by ','\n                                   stored as textfile\n                                   location '/hive_data/hortoniabank/us_customers'\n\t\t\t\t   tblproperties(\"skip.header.line.count\"=\"1\")","queryText":"create external table if not exists hortoniabank.us_customers(\n                                    number               string\n                                  , gender               string\n                                  , title                string\n                                  , givenname            string\n                                  , middleinitial        string\n                                  , surname              string\n                                  , streetaddress        string\n                                  , city                 string\n                                  , state                string\n                                  , statefull            string\n                                  , zipcode              string\n                                  , country              string\n                                  , countryfull          string\n                                  , emailaddress         string\n                                  , username             string\n                                  , password             string\n                                  , telephonenumber      string\n                                  , telephonecountrycode string\n                                  , mothersmaiden        string\n                                  , birthday             string\n                                  , age                  int\n                                  , tropicalzodiac       string\n                                  , cctype               string\n                                  , ccnumber             string\n                                  , cvv2                 string\n                                  , ccexpires            string\n                                  , nationalid           string\n                                  , mrn                  string\n                                  , insuranceid          string\n                                  , eyecolor             string\n                                  , occupation           string\n                                  , company              string\n                                  , vehicle              string\n                                  , domain               string\n                                  , bloodtype            string\n                                  , weight               double\n                                  , height               int\n                                  , latitude             double\n                                  , longitude            double\n                                 ) row format delimited\n                                   fields terminated by ','\n                                   stored as textfile\n                                   location '/hive_data/hortoniabank/us_customers'\n\t\t\t\t   tblproperties(\"skip.header.line.count\"=\"1\")","startTime":1523751090134,"operationType":"CREATETABLE","queryPlan":"Not Supported","endTime":1523751091526},"guid":"afd92aaf-87ac-4ae4-9e70-8335c0161113","status":"ACTIVE","createdBy":"hive","updatedBy":"hive","createTime":1523751105974,"updateTime":1523751105974,"version":0,"classifications":[]}}