{"enumDefs":[{"category":"ENUM","guid":"7abfb445-1c03-4860-be7c-2c9cb2a015c2","createdBy":"atlas","updatedBy":"atlas","createTime":1523749432073,"updateTime":1523749432073,"version":1,"name":"hive_principal_type","description":"hive_principal_type","typeVersion":"1.0","elementDefs":[{"value":"USER","ordinal":1},{"value":"ROLE","ordinal":2},{"value":"GROUP","ordinal":3}]},{"category":"ENUM","guid":"164f65ed-e33d-4706-a53d-091f3355013c","createdBy":"atlas","updatedBy":"atlas","createTime":1523749430029,"updateTime":1523749430029,"version":1,"name":"file_action","description":"file_action","typeVersion":"1.0","elementDefs":[{"value":"NONE","ordinal":0},{"value":"EXECUTE","ordinal":1},{"value":"WRITE","ordinal":2},{"value":"WRITE_EXECUTE","ordinal":3},{"value":"READ","ordinal":4},{"value":"READ_EXECUTE","ordinal":5},{"value":"READ_WRITE","ordinal":6},{"value":"ALL","ordinal":7}]}],"structDefs":[{"category":"STRUCT","guid":"8c0e455a-20fa-4c51-bbb1-d09f90757075","createdBy":"atlas","updatedBy":"atlas","createTime":1523749432119,"updateTime":1523749432119,"version":1,"name":"hive_serde","description":"hive_serde","typeVersion":"1.0","attributeDefs":[{"name":"name","typeName":"string","isOptional":true,"cardinality":"SINGLE","valuesMinCount":0,"valuesMaxCount":1,"isUnique":false,"isIndexable":false},{"name":"serializationLib","typeName":"string","isOptional":true,"cardinality":"SINGLE","valuesMinCount":0,"valuesMaxCount":1,"isUnique":false,"isIndexable":false},{"name":"parameters","typeName":"map<string,string>","isOptional":true,"cardinality":"SINGLE","valuesMinCount":0,"valuesMaxCount":1,"isUnique":false,"isIndexable":false}]},{"category":"STRUCT","guid":"60aac1c4-b27d-4a00-836e-cdfd122aaba4","createdBy":"atlas","updatedBy":"atlas","createTime":1523749432098,"updateTime":1523749432098,"version":1,"name":"hive_order","description":"hive_order","typeVersion":"1.0","attributeDefs":[{"name":"order","typeName":"int","isOptional":false,"cardinality":"SINGLE","valuesMinCount":1,"valuesMaxCount":1,"isUnique":false,"isIndexable":false},{"name":"col","typeName":"string","isOptional":false,"cardinality":"SINGLE","valuesMinCount":1,"valuesMaxCount":1,"isUnique":false,"isIndexable":false}]},{"category":"STRUCT","guid":"279f68b6-14c4-4b61-a1ab-ae540c447aa1","createdBy":"atlas","updatedBy":"atlas","createTime":1523749430120,"updateTime":1523749430120,"version":1,"name":"fs_permissions","description":"fs_permissions","typeVersion":"1.0","attributeDefs":[{"name":"group","typeName":"file_action","isOptional":false,"cardinality":"SINGLE","valuesMinCount":1,"valuesMaxCount":1,"isUnique":false,"isIndexable":true},{"name":"user","typeName":"file_action","isOptional":false,"cardinality":"SINGLE","valuesMinCount":1,"valuesMaxCount":1,"isUnique":false,"isIndexable":true},{"name":"sticky","typeName":"boolean","isOptional":false,"cardinality":"SINGLE","valuesMinCount":1,"valuesMaxCount":1,"isUnique":false,"isIndexable":true},{"name":"others","typeName":"file_action","isOptional":false,"cardinality":"SINGLE","valuesMinCount":1,"valuesMaxCount":1,"isUnique":false,"isIndexable":true}]}],"classificationDefs":[{"category":"CLASSIFICATION","guid":"6580e11e-1dd7-49f0-95f8-5df519afbe58","createdBy":"admin","updatedBy":"admin","createTime":1490920322332,"updateTime":1490920322332,"version":1,"name":"PII","description":"PII","typeVersion":"1.0","attributeDefs":[{"name":"type","typeName":"string","isOptional":true,"cardinality":"SINGLE","valuesMinCount":0,"valuesMaxCount":1,"isUnique":false,"isIndexable":false}],"superTypes":[]},{"category":"CLASSIFICATION","guid":"8d0df3bf-7312-41bb-a7a2-ee3dcad6f8b9","createdBy":"admin","updatedBy":"admin","createTime":1523795617877,"updateTime":1523795617877,"version":1,"name":"SENSITIVE","description":"SENSITIVE","typeVersion":"1.0","attributeDefs":[],"superTypes":[]},{"category":"CLASSIFICATION","guid":"b9716c12-45f1-425d-9fbf-1f446a77c187","createdBy":"admin","updatedBy":"admin","createTime":1490764363302,"updateTime":1490764363302,"version":1,"name":"FINANCE_PII","description":"FINANCE_PII","typeVersion":"1.0","attributeDefs":[],"superTypes":["PII"]},{"category":"CLASSIFICATION","guid":"4cf9da58-bb06-41f1-bf88-609eecc7a20f","createdBy":"admin","updatedBy":"admin","createTime":1490764375142,"updateTime":1490764375142,"version":1,"name":"VENDOR_PII","description":"VENDOR_PII","typeVersion":"1.0","attributeDefs":[],"superTypes":["PII"]},{"category":"CLASSIFICATION","guid":"557ee7ee-cccd-483e-908d-6204651f7503","createdBy":"admin","updatedBy":"admin","createTime":1490762525929,"updateTime":1490762525929,"version":1,"name":"DATA_QUALITY","description":"DATA_QUALITY","typeVersion":"1.0","attributeDefs":[{"name":"score","typeName":"float","isOptional":true,"cardinality":"SINGLE","valuesMinCount":0,"valuesMaxCount":1,"isUnique":false,"isIndexable":false}],"superTypes":[]},{"category":"CLASSIFICATION","guid":"6f3d1277-15ad-49b9-bcee-fdddbd4a10e6","createdBy":"admin","updatedBy":"admin","createTime":1490765103995,"updateTime":1490765103995,"version":1,"name":"EXPIRES_ON","description":"EXPIRES_ON","typeVersion":"1.0","attributeDefs":[{"name":"expiry_date","typeName":"string","isOptional":true,"cardinality":"SINGLE","valuesMinCount":0,"valuesMaxCount":1,"isUnique":false,"isIndexable":false}],"superTypes":[]},{"category":"CLASSIFICATION","guid":"68333b92-c305-41df-b325-1fd63cf2007a","createdBy":"admin","updatedBy":"admin","createTime":1490762500705,"updateTime":1490762500705,"version":1,"name":"REFERENCE_DATA","description":"REFERENCE_DATA","typeVersion":"1.0","attributeDefs":[],"superTypes":[]}],"entityDefs":[{"category":"ENTITY","guid":"bb8c7ac6-c8df-4d5b-8781-514e0724df24","createdBy":"atlas","updatedBy":"atlas","createTime":1523749426583,"updateTime":1523749426583,"version":1,"name":"DataSet","description":"DataSet","typeVersion":"1.0","attributeDefs":[],"superTypes":["Referenceable","Asset"]},{"category":"ENTITY","guid":"99f42f32-9ddf-4650-91ad-a15526cfe14f","createdBy":"atlas","updatedBy":"atlas","createTime":1523749435598,"updateTime":1523749435598,"version":1,"name":"kafka_topic","description":"kafka_topic","typeVersion":"1.0","attributeDefs":[{"name":"topic","typeName":"string","isOptional":false,"cardinality":"SINGLE","valuesMinCount":1,"valuesMaxCount":1,"isUnique":true,"isIndexable":true},{"name":"uri","typeName":"string","isOptional":false,"cardinality":"SINGLE","valuesMinCount":1,"valuesMaxCount":1,"isUnique":false,"isIndexable":false}],"superTypes":["DataSet"]},{"category":"ENTITY","guid":"9e1ccb5c-94bb-4bcc-8a7e-d4d32b6c844c","createdBy":"atlas","updatedBy":"atlas","createTime":1523749427303,"updateTime":1523749427303,"version":1,"name":"Process","description":"Process","typeVersion":"1.0","attributeDefs":[{"name":"inputs","typeName":"array<DataSet>","isOptional":true,"cardinality":"SINGLE","valuesMinCount":0,"valuesMaxCount":1,"isUnique":false,"isIndexable":false},{"name":"outputs","typeName":"array<DataSet>","isOptional":true,"cardinality":"SINGLE","valuesMinCount":0,"valuesMaxCount":1,"isUnique":false,"isIndexable":false}],"superTypes":["Referenceable","Asset"]},{"category":"ENTITY","guid":"65ed2541-cd4b-4cbf-a660-0cbd5f9aba24","createdBy":"atlas","updatedBy":"atlas","createTime":1523749433188,"updateTime":1523749436877,"version":2,"name":"hive_table","description":"hive_table","typeVersion":"1.1","options":{"schemaElementsAttribute":"columns"},"attributeDefs":[{"name":"db","typeName":"hive_db","isOptional":false,"cardinality":"SINGLE","valuesMinCount":1,"valuesMaxCount":1,"isUnique":false,"isIndexable":false},{"name":"createTime","typeName":"date","isOptional":true,"cardinality":"SINGLE","valuesMinCount":0,"valuesMaxCount":1,"isUnique":false,"isIndexable":false},{"name":"lastAccessTime","typeName":"date","isOptional":true,"cardinality":"SINGLE","valuesMinCount":0,"valuesMaxCount":1,"isUnique":false,"isIndexable":false},{"name":"comment","typeName":"string","isOptional":true,"cardinality":"SINGLE","valuesMinCount":0,"valuesMaxCount":1,"isUnique":false,"isIndexable":false},{"name":"retention","typeName":"int","isOptional":true,"cardinality":"SINGLE","valuesMinCount":0,"valuesMaxCount":1,"isUnique":false,"isIndexable":false},{"name":"sd","typeName":"hive_storagedesc","isOptional":true,"cardinality":"SINGLE","valuesMinCount":0,"valuesMaxCount":1,"isUnique":false,"isIndexable":false,"constraints":[{"type":"ownedRef"}]},{"name":"partitionKeys","typeName":"array<hive_column>","isOptional":true,"cardinality":"SINGLE","valuesMinCount":0,"valuesMaxCount":1,"isUnique":false,"isIndexable":false,"constraints":[{"type":"ownedRef"}]},{"name":"aliases","typeName":"array<string>","isOptional":true,"cardinality":"SINGLE","valuesMinCount":0,"valuesMaxCount":1,"isUnique":false,"isIndexable":false},{"name":"columns","typeName":"array<hive_column>","isOptional":true,"cardinality":"SINGLE","valuesMinCount":0,"valuesMaxCount":1,"isUnique":false,"isIndexable":false,"constraints":[{"type":"ownedRef"}]},{"name":"parameters","typeName":"map<string,string>","isOptional":true,"cardinality":"SINGLE","valuesMinCount":0,"valuesMaxCount":1,"isUnique":false,"isIndexable":false},{"name":"viewOriginalText","typeName":"string","isOptional":true,"cardinality":"SINGLE","valuesMinCount":0,"valuesMaxCount":1,"isUnique":false,"isIndexable":false},{"name":"viewExpandedText","typeName":"string","isOptional":true,"cardinality":"SINGLE","valuesMinCount":0,"valuesMaxCount":1,"isUnique":false,"isIndexable":false},{"name":"tableType","typeName":"string","isOptional":true,"cardinality":"SINGLE","valuesMinCount":0,"valuesMaxCount":1,"isUnique":false,"isIndexable":false},{"name":"temporary","typeName":"boolean","isOptional":true,"cardinality":"SINGLE","valuesMinCount":0,"valuesMaxCount":1,"isUnique":false,"isIndexable":true}],"superTypes":["DataSet"]},{"category":"ENTITY","guid":"ad719920-8a1d-48a4-b0e0-3b7a96dd6842","createdBy":"atlas","updatedBy":"atlas","createTime":1523749433294,"updateTime":1523749433294,"version":1,"name":"hive_db","description":"hive_db","typeVersion":"1.0","attributeDefs":[{"name":"clusterName","typeName":"string","isOptional":false,"cardinality":"SINGLE","valuesMinCount":1,"valuesMaxCount":1,"isUnique":false,"isIndexable":true},{"name":"location","typeName":"string","isOptional":true,"cardinality":"SINGLE","valuesMinCount":0,"valuesMaxCount":1,"isUnique":false,"isIndexable":false},{"name":"parameters","typeName":"map<string,string>","isOptional":true,"cardinality":"SINGLE","valuesMinCount":0,"valuesMaxCount":1,"isUnique":false,"isIndexable":false},{"name":"ownerType","typeName":"hive_principal_type","isOptional":true,"cardinality":"SINGLE","valuesMinCount":0,"valuesMaxCount":1,"isUnique":false,"isIndexable":false}],"superTypes":["Referenceable","Asset"]},{"category":"ENTITY","guid":"00d34b1b-429e-42dd-b3d8-6e634e6f9691","createdBy":"atlas","updatedBy":"atlas","createTime":1523749433124,"updateTime":1523749433124,"version":1,"name":"hive_process","description":"hive_process","typeVersion":"1.0","attributeDefs":[{"name":"startTime","typeName":"date","isOptional":false,"cardinality":"SINGLE","valuesMinCount":1,"valuesMaxCount":1,"isUnique":false,"isIndexable":false},{"name":"endTime","typeName":"date","isOptional":false,"cardinality":"SINGLE","valuesMinCount":1,"valuesMaxCount":1,"isUnique":false,"isIndexable":false},{"name":"userName","typeName":"string","isOptional":false,"cardinality":"SINGLE","valuesMinCount":1,"valuesMaxCount":1,"isUnique":false,"isIndexable":true},{"name":"operationType","typeName":"string","isOptional":false,"cardinality":"SINGLE","valuesMinCount":1,"valuesMaxCount":1,"isUnique":false,"isIndexable":true},{"name":"queryText","typeName":"string","isOptional":false,"cardinality":"SINGLE","valuesMinCount":1,"valuesMaxCount":1,"isUnique":false,"isIndexable":false},{"name":"queryPlan","typeName":"string","isOptional":false,"cardinality":"SINGLE","valuesMinCount":1,"valuesMaxCount":1,"isUnique":false,"isIndexable":false},{"name":"queryId","typeName":"string","isOptional":false,"cardinality":"SINGLE","valuesMinCount":1,"valuesMaxCount":1,"isUnique":false,"isIndexable":false},{"name":"recentQueries","typeName":"array<string>","isOptional":true,"cardinality":"SINGLE","valuesMinCount":0,"valuesMaxCount":1,"isUnique":false,"isIndexable":false},{"name":"clusterName","typeName":"string","isOptional":true,"cardinality":"SINGLE","valuesMinCount":0,"valuesMaxCount":1,"isUnique":false,"isIndexable":false},{"name":"queryGraph","typeName":"string","isOptional":true,"cardinality":"SINGLE","valuesMinCount":0,"valuesMaxCount":1,"isUnique":false,"isIndexable":false}],"superTypes":["Process"]},{"category":"ENTITY","guid":"142eaea9-fef9-4ae5-aeb9-a850d7a6b9a8","createdBy":"atlas","updatedBy":"atlas","createTime":1523749433250,"updateTime":1523749433250,"version":1,"name":"hive_storagedesc","description":"hive_storagedesc","typeVersion":"1.0","attributeDefs":[{"name":"table","typeName":"hive_table","isOptional":true,"cardinality":"SINGLE","valuesMinCount":0,"valuesMaxCount":1,"isUnique":false,"isIndexable":false,"constraints":[{"type":"inverseRef","params":{"attribute":"sd"}}]},{"name":"location","typeName":"string","isOptional":true,"cardinality":"SINGLE","valuesMinCount":0,"valuesMaxCount":1,"isUnique":false,"isIndexable":false},{"name":"inputFormat","typeName":"string","isOptional":true,"cardinality":"SINGLE","valuesMinCount":0,"valuesMaxCount":1,"isUnique":false,"isIndexable":false},{"name":"outputFormat","typeName":"string","isOptional":true,"cardinality":"SINGLE","valuesMinCount":0,"valuesMaxCount":1,"isUnique":false,"isIndexable":false},{"name":"compressed","typeName":"boolean","isOptional":false,"cardinality":"SINGLE","valuesMinCount":1,"valuesMaxCount":1,"isUnique":false,"isIndexable":false},{"name":"numBuckets","typeName":"int","isOptional":true,"cardinality":"SINGLE","valuesMinCount":0,"valuesMaxCount":1,"isUnique":false,"isIndexable":false},{"name":"serdeInfo","typeName":"hive_serde","isOptional":true,"cardinality":"SINGLE","valuesMinCount":0,"valuesMaxCount":1,"isUnique":false,"isIndexable":false},{"name":"bucketCols","typeName":"array<string>","isOptional":true,"cardinality":"SINGLE","valuesMinCount":0,"valuesMaxCount":1,"isUnique":false,"isIndexable":false},{"name":"sortCols","typeName":"array<hive_order>","isOptional":true,"cardinality":"SINGLE","valuesMinCount":0,"valuesMaxCount":1,"isUnique":false,"isIndexable":false},{"name":"parameters","typeName":"map<string,string>","isOptional":true,"cardinality":"SINGLE","valuesMinCount":0,"valuesMaxCount":1,"isUnique":false,"isIndexable":false},{"name":"storedAsSubDirectories","typeName":"boolean","isOptional":true,"cardinality":"SINGLE","valuesMinCount":0,"valuesMaxCount":1,"isUnique":false,"isIndexable":false}],"superTypes":["Referenceable"]},{"category":"ENTITY","guid":"d39bb2a8-6d1c-4b87-b961-93f9ef04b94c","createdBy":"atlas","updatedBy":"atlas","createTime":1523749431236,"updateTime":1523749431236,"version":1,"name":"hdfs_path","description":"hdfs_path","typeVersion":"1.0","attributeDefs":[{"name":"clusterName","typeName":"string","isOptional":true,"cardinality":"SINGLE","valuesMinCount":0,"valuesMaxCount":1,"isUnique":false,"isIndexable":true},{"name":"numberOfReplicas","typeName":"int","isOptional":true,"cardinality":"SINGLE","valuesMinCount":0,"valuesMaxCount":1,"isUnique":false,"isIndexable":true},{"name":"extendedAttributes","typeName":"map<string,string>","isOptional":true,"cardinality":"SINGLE","valuesMinCount":0,"valuesMaxCount":1,"isUnique":false,"isIndexable":false}],"superTypes":["fs_path"]},{"category":"ENTITY","guid":"bb395b86-d4c8-4418-bde2-8fbe9a39d6b6","createdBy":"atlas","updatedBy":"atlas","createTime":1523749435330,"updateTime":1523749435330,"version":1,"name":"hbase_column","description":"hbase_column","typeVersion":"1.0","attributeDefs":[{"name":"column_family","typeName":"hbase_column_family","isOptional":false,"cardinality":"SINGLE","valuesMinCount":1,"valuesMaxCount":1,"isUnique":false,"isIndexable":false,"constraints":[{"type":"inverseRef","params":{"attribute":"columns"}}]}],"superTypes":["DataSet"]},{"category":"ENTITY","guid":"e2003b12-7a35-4620-b82c-0d33042865d7","createdBy":"atlas","updatedBy":"atlas","createTime":1523749424437,"updateTime":1523749424437,"version":1,"name":"Referenceable","description":"Referenceable","typeVersion":"1.0","attributeDefs":[{"name":"qualifiedName","typeName":"string","isOptional":false,"cardinality":"SINGLE","valuesMinCount":1,"valuesMaxCount":1,"isUnique":true,"isIndexable":true}],"superTypes":[]},{"category":"ENTITY","guid":"537bd3d4-10f9-4281-9d6a-955cec125297","createdBy":"atlas","updatedBy":"atlas","createTime":1523749435304,"updateTime":1523749435304,"version":1,"name":"hbase_table","description":"hbase_table","typeVersion":"1.1","attributeDefs":[{"name":"uri","typeName":"string","isOptional":false,"cardinality":"SINGLE","valuesMinCount":1,"valuesMaxCount":1,"isUnique":false,"isIndexable":false},{"name":"column_families","typeName":"array<hbase_column_family>","isOptional":true,"cardinality":"SINGLE","valuesMinCount":0,"valuesMaxCount":1,"isUnique":false,"isIndexable":false,"constraints":[{"type":"ownedRef"}]}],"superTypes":["DataSet"]},{"category":"ENTITY","guid":"2217521f-2675-4b0c-87f1-55bc46cac829","createdBy":"atlas","updatedBy":"atlas","createTime":1523749433332,"updateTime":1523749433332,"version":1,"name":"hive_column_lineage","description":"hive_column_lineage","typeVersion":"1.0","attributeDefs":[{"name":"query","typeName":"hive_process","isOptional":false,"cardinality":"SINGLE","valuesMinCount":1,"valuesMaxCount":1,"isUnique":false,"isIndexable":false},{"name":"depenendencyType","typeName":"string","isOptional":false,"cardinality":"SINGLE","valuesMinCount":1,"valuesMaxCount":1,"isUnique":false,"isIndexable":false},{"name":"expression","typeName":"string","isOptional":true,"cardinality":"SINGLE","valuesMinCount":0,"valuesMaxCount":1,"isUnique":false,"isIndexable":false}],"superTypes":["Process"]},{"category":"ENTITY","guid":"0ba42561-729c-46b6-9ed5-ac85d29de6eb","createdBy":"atlas","updatedBy":"atlas","createTime":1523749425851,"updateTime":1523749425851,"version":1,"name":"Asset","description":"Asset","typeVersion":"1.0","attributeDefs":[{"name":"name","typeName":"string","isOptional":false,"cardinality":"SINGLE","valuesMinCount":1,"valuesMaxCount":1,"isUnique":false,"isIndexable":true},{"name":"description","typeName":"string","isOptional":true,"cardinality":"SINGLE","valuesMinCount":0,"valuesMaxCount":1,"isUnique":false,"isIndexable":false},{"name":"owner","typeName":"string","isOptional":true,"cardinality":"SINGLE","valuesMinCount":0,"valuesMaxCount":1,"isUnique":false,"isIndexable":true}],"superTypes":[]},{"category":"ENTITY","guid":"ff34225b-9bab-4c34-8614-ce038a10b9b0","createdBy":"atlas","updatedBy":"atlas","createTime":1523749435318,"updateTime":1523749435318,"version":1,"name":"hbase_column_family","description":"hbase_column_family","typeVersion":"1.0","attributeDefs":[{"name":"table","typeName":"hbase_table","isOptional":false,"cardinality":"SINGLE","valuesMinCount":1,"valuesMaxCount":1,"isUnique":false,"isIndexable":false,"constraints":[{"type":"inverseRef","params":{"attribute":"column_families"}}]},{"name":"columns","typeName":"array<hbase_column>","isOptional":true,"cardinality":"SINGLE","valuesMinCount":0,"valuesMaxCount":1,"isUnique":false,"isIndexable":false,"constraints":[{"type":"ownedRef"}]}],"superTypes":["DataSet"]},{"category":"ENTITY","guid":"84e04c07-f536-4bf7-8d21-8267fd546769","createdBy":"atlas","updatedBy":"atlas","createTime":1523749433314,"updateTime":1523749437088,"version":4,"name":"hive_column","description":"hive_column","typeVersion":"1.3","options":{"schemaAttributes":"[\"name\", \"description\", \"owner\", \"type\", \"comment\", \"position\"]"},"attributeDefs":[{"name":"type","typeName":"string","isOptional":false,"cardinality":"SINGLE","valuesMinCount":1,"valuesMaxCount":1,"isUnique":false,"isIndexable":true},{"name":"comment","typeName":"string","isOptional":true,"cardinality":"SINGLE","valuesMinCount":0,"valuesMaxCount":1,"isUnique":false,"isIndexable":false},{"name":"position","typeName":"int","isOptional":true,"cardinality":"SINGLE","valuesMinCount":0,"valuesMaxCount":1,"isUnique":false,"isIndexable":false},{"name":"table","typeName":"hive_table","isOptional":true,"cardinality":"SINGLE","valuesMinCount":0,"valuesMaxCount":1,"isUnique":false,"isIndexable":false}],"superTypes":["DataSet"]},{"category":"ENTITY","guid":"f4ba5e79-b6e3-42cc-9769-6df101c3643c","createdBy":"atlas","updatedBy":"atlas","createTime":1523749430162,"updateTime":1523749430162,"version":1,"name":"fs_path","description":"fs_path","typeVersion":"1.0","attributeDefs":[{"name":"path","typeName":"string","isOptional":false,"cardinality":"SINGLE","valuesMinCount":1,"valuesMaxCount":1,"isUnique":false,"isIndexable":true},{"name":"createTime","typeName":"date","isOptional":true,"cardinality":"SINGLE","valuesMinCount":0,"valuesMaxCount":1,"isUnique":false,"isIndexable":true},{"name":"modifiedTime","typeName":"date","isOptional":true,"cardinality":"SINGLE","valuesMinCount":0,"valuesMaxCount":1,"isUnique":false,"isIndexable":true},{"name":"isFile","typeName":"boolean","isOptional":true,"cardinality":"SINGLE","valuesMinCount":0,"valuesMaxCount":1,"isUnique":false,"isIndexable":true},{"name":"isSymlink","typeName":"boolean","isOptional":true,"cardinality":"SINGLE","valuesMinCount":0,"valuesMaxCount":1,"isUnique":false,"isIndexable":false},{"name":"fileSize","typeName":"long","isOptional":true,"cardinality":"SINGLE","valuesMinCount":0,"valuesMaxCount":1,"isUnique":false,"isIndexable":false},{"name":"group","typeName":"string","isOptional":true,"cardinality":"SINGLE","valuesMinCount":0,"valuesMaxCount":1,"isUnique":false,"isIndexable":true},{"name":"posixPermissions","typeName":"fs_permissions","isOptional":true,"cardinality":"SINGLE","valuesMinCount":0,"valuesMaxCount":1,"isUnique":false,"isIndexable":true}],"superTypes":["DataSet"]}]}