{"request":{"itemsToExport":[{"typeName":"kafka_topic","uniqueAttributes":{"name":"FOREX"}},{"typeName":"kafka_topic","uniqueAttributes":{"name":"PRIVATE"}},{"typeName":"hbase_table","uniqueAttributes":{"name":"T_FOREX"}},{"typeName":"hbase_table","uniqueAttributes":{"name":"T_PRIVATE"}},{"typeName":"hive_db","uniqueAttributes":{"name":"finance"}},{"typeName":"hive_db","uniqueAttributes":{"name":"hortoniabank"}},{"typeName":"hive_db","uniqueAttributes":{"name":"cost_savings"}},{"typeName":"hive_db","uniqueAttributes":{"name":"consent_master"}},{"typeName":"hive_db","uniqueAttributes":{"name":"erasure_master"}},{"typeName":"hive_db","uniqueAttributes":{"name":"claim"}}]},"userName":"admin","clientIpAddress":"127.0.0.1","hostName":"127.0.0.1","timeStamp":1523831579259,"metrics":{"duration":3919,"entity:withExtInfo":165,"entity:hdfs_path":10,"entity:kafka_topic":2,"entity:hive_process":16,"entity:hive_db":6,"entity:hive_table":16,"entity:hive_column":237,"entity:hive_column_lineage":113,"entity:hbase_table":2,"entity:hive_storagedesc":16},"operationStatus":"SUCCESS"}