{"referredEntities":{},"entity":{"typeName":"hive_column_lineage","attributes":{"owner":null,"outputs":[{"guid":"7626dbf5-681f-4258-804a-eb5984da6d30","typeName":"hive_column"}],"expression":null,"qualifiedName":"claim.claims_view@hdp:1523751097000:sequenceid","inputs":[{"guid":"048e8598-623c-42e4-93a4-914cbcd0abb2","typeName":"hive_column"}],"query":{"guid":"664c2ad5-9dfa-41d7-98ce-ad2f5a1638a6","typeName":"hive_process"},"name":"create view if not exists claim.claims_view as select * from cost_savings.claim_savings:sequenceid","description":null,"depenendencyType":"SIMPLE"},"guid":"b327b348-cd1a-46b0-8368-1b4eeb320d5c","status":"ACTIVE","createdBy":"hive","updatedBy":"hive","createTime":1523751128013,"updateTime":1523751128013,"version":0,"classifications":[]}}