{"referredEntities":{},"entity":{"typeName":"hive_column_lineage","attributes":{"owner":null,"outputs":[{"guid":"f44cff69-5f69-42a1-8b6f-0a13a468887b","typeName":"hive_column"}],"expression":null,"qualifiedName":"QUERY:hortoniabank.us_customers@hdp:1523751090000->:INSERT:hortoniabank.us_customers_trans@hdp:1523751182000:countryfull","inputs":[{"guid":"2c7cbb61-07b6-4bb7-89de-4795e7c658af","typeName":"hive_column"}],"query":{"guid":"df02def0-8c93-4811-9290-8b8900990370","typeName":"hive_process"},"name":"insert into hortoniabank.us_customers_trans select * from hortoniabank.us_customers:countryfull","description":null,"depenendencyType":"SIMPLE"},"guid":"b43e2726-11a8-406a-8dc8-3c283689834a","status":"ACTIVE","createdBy":"hive","updatedBy":"hive","createTime":1523751246206,"updateTime":1523751246206,"version":0,"classifications":[]}}