{"referredEntities":{},"entity":{"typeName":"hive_column_lineage","attributes":{"owner":null,"outputs":[{"guid":"b72ff473-9c36-4c04-9c06-42ca286f9a7b","typeName":"hive_column"}],"expression":null,"qualifiedName":"QUERY:hortoniabank.us_customers@hdp:1523751090000->:INSERT:hortoniabank.us_customers_trans@hdp:1523751182000:country","inputs":[{"guid":"3750c38f-bb43-41e4-8040-8d0b01341038","typeName":"hive_column"}],"query":{"guid":"df02def0-8c93-4811-9290-8b8900990370","typeName":"hive_process"},"name":"insert into hortoniabank.us_customers_trans select * from hortoniabank.us_customers:country","description":null,"depenendencyType":"SIMPLE"},"guid":"b5473539-c9bb-4ff3-94d4-47f1d1db814f","status":"ACTIVE","createdBy":"hive","updatedBy":"hive","createTime":1523751253370,"updateTime":1523751253370,"version":0,"classifications":[]}}