{"referredEntities":{},"entity":{"typeName":"hive_column_lineage","attributes":{"owner":null,"outputs":[{"guid":"b6bff4d2-6a0e-4df9-a54d-00e1f24744c6","typeName":"hive_column"}],"expression":null,"qualifiedName":"QUERY:hortoniabank.ww_customers@hdp:1523751089000->:INSERT:hortoniabank.ww_customers_trans@hdp:1523751175000:mrn","inputs":[{"guid":"2877631a-0349-468e-bf17-a834f7b32706","typeName":"hive_column"}],"query":{"guid":"e7a3d5bd-de7d-4011-a47d-7a74a327db49","typeName":"hive_process"},"name":"insert into hortoniabank.ww_customers_trans select * from hortoniabank.ww_customers:mrn","description":null,"depenendencyType":"SIMPLE"},"guid":"b7a82271-d0a7-4a71-ab12-a8e1314d4f06","status":"ACTIVE","createdBy":"hive","updatedBy":"hive","createTime":1523751204498,"updateTime":1523751204498,"version":0,"classifications":[]}}