{"referredEntities":{},"entity":{"typeName":"hive_column_lineage","attributes":{"owner":null,"outputs":[{"guid":"711b453e-127c-4920-a30e-ff02ddd300fb","typeName":"hive_column"}],"expression":null,"qualifiedName":"QUERY:hortoniabank.us_customers@hdp:1523751090000->:INSERT:hortoniabank.us_customers_trans@hdp:1523751182000:city","inputs":[{"guid":"c1c959a9-f3b8-4c82-8729-c80b9f2ce700","typeName":"hive_column"}],"query":{"guid":"df02def0-8c93-4811-9290-8b8900990370","typeName":"hive_process"},"name":"insert into hortoniabank.us_customers_trans select * from hortoniabank.us_customers:city","description":null,"depenendencyType":"SIMPLE"},"guid":"b8f11fe0-baa8-4ef9-bfd7-1518ae4d9019","status":"ACTIVE","createdBy":"hive","updatedBy":"hive","createTime":1523751239708,"updateTime":1523751239708,"version":0,"classifications":[]}}