{"referredEntities":{},"entity":{"typeName":"hive_column_lineage","attributes":{"owner":null,"outputs":[{"guid":"4a7cd905-ae8a-4eaf-b5b3-895565df0d4e","typeName":"hive_column"}],"expression":null,"qualifiedName":"QUERY:hortoniabank.us_customers@hdp:1523751090000->:INSERT:hortoniabank.us_customers_trans@hdp:1523751182000:password","inputs":[{"guid":"bec5d9b1-d2b2-4807-ab2f-c4cbba9e1ad5","typeName":"hive_column"}],"query":{"guid":"df02def0-8c93-4811-9290-8b8900990370","typeName":"hive_process"},"name":"insert into hortoniabank.us_customers_trans select * from hortoniabank.us_customers:password","description":null,"depenendencyType":"SIMPLE"},"guid":"b9fe64fd-8da6-4822-b8d8-a2d0def2b822","status":"ACTIVE","createdBy":"hive","updatedBy":"hive","createTime":1523751250099,"updateTime":1523751250099,"version":0,"classifications":[]}}