{"referredEntities":{},"entity":{"typeName":"hive_column_lineage","attributes":{"owner":null,"outputs":[{"guid":"8735e338-5296-419c-b836-8d207ae759b6","typeName":"hive_column"}],"expression":null,"qualifiedName":"QUERY:consent_master.consent_data@hdp:1523751099000->:INSERT:erasure_master.data_erasure_trans@hdp:1523751194000:rtbfrequested","inputs":[{"guid":"b1c1dc6d-c04a-4129-b021-3a84c57003cc","typeName":"hive_column"}],"query":{"guid":"2d95b74e-db2b-43eb-a659-bf10ea49b849","typeName":"hive_process"},"name":"insert into erasure_master.data_erasure_trans select country, countryfull, insuranceid, marketingconsent, marketingconsentstartdate, loyaltyconsent from consent_master.consent_data limit 500:rtbfrequested","description":null,"depenendencyType":"SIMPLE"},"guid":"bc682774-2496-43ae-a11b-3cbc1b7a3fab","status":"ACTIVE","createdBy":"hive","updatedBy":"hive","createTime":1523751266640,"updateTime":1523751266640,"version":0,"classifications":[]}}