{"referredEntities":{},"entity":{"typeName":"hdfs_path","attributes":{"owner":null,"modifiedTime":0,"isFile":false,"numberOfReplicas":0,"qualifiedName":"hdfs://abajwa-dws-hortonia-ref0.field.hortonworks.com:8020/hive_data/claim","description":null,"extendedAttributes":null,"path":"hdfs://abajwa-dws-hortonia-ref0.field.hortonworks.com:8020/hive_data/claim","posixPermissions":null,"createTime":0,"fileSize":0,"clusterName":"hdp","name":"/hive_data/claim","isSymlink":false,"group":null},"guid":"c785d4ba-11ef-4081-b428-42ecc076c256","status":"ACTIVE","createdBy":"hive","updatedBy":"hive","createTime":1523751112279,"updateTime":1523751112279,"version":0,"classifications":[]}}