{"referredEntities":{},"entity":{"typeName":"hive_column_lineage","attributes":{"owner":null,"outputs":[{"guid":"9bc9b9b2-0bca-4274-974f-ca1374e7a417","typeName":"hive_column"}],"expression":null,"qualifiedName":"QUERY:hortoniabank.us_customers@hdp:1523751090000->:INSERT:hortoniabank.us_customers_trans@hdp:1523751182000:bloodtype","inputs":[{"guid":"810844a2-6e86-47ce-b7f1-5e1b67afaae4","typeName":"hive_column"}],"query":{"guid":"df02def0-8c93-4811-9290-8b8900990370","typeName":"hive_process"},"name":"insert into hortoniabank.us_customers_trans select * from hortoniabank.us_customers:bloodtype","description":null,"depenendencyType":"SIMPLE"},"guid":"c98b9046-df95-4ad9-bebc-07e220c33d97","status":"ACTIVE","createdBy":"hive","updatedBy":"hive","createTime":1523751262698,"updateTime":1523751262698,"version":0,"classifications":[]}}