{"referredEntities":{},"entity":{"typeName":"hive_column_lineage","attributes":{"owner":null,"outputs":[{"guid":"caef1648-ddd1-413c-bae9-231b51dd65ee","typeName":"hive_column"}],"expression":null,"qualifiedName":"claim.prov_view@hdp:1523751096000:averagetotalpayments","inputs":[{"guid":"94a92130-82cb-4cfd-91f4-d5d451f36330","typeName":"hive_column"}],"query":{"guid":"6b51687d-2e08-42d8-a952-b0c4a98aa6ca","typeName":"hive_process"},"name":"create view if not exists claim.prov_view as select * from claim.provider_summary:averagetotalpayments","description":null,"depenendencyType":"SIMPLE"},"guid":"c9d8ac18-32cb-453b-ad5c-cdf37a71868e","status":"ACTIVE","createdBy":"hive","updatedBy":"hive","createTime":1523751123094,"updateTime":1523751123094,"version":0,"classifications":[]}}