{"referredEntities":{},"entity":{"typeName":"hive_column_lineage","attributes":{"owner":null,"outputs":[{"guid":"1523e397-fe75-4ec6-8700-3c4bdae064e5","typeName":"hive_column"}],"expression":null,"qualifiedName":"QUERY:hortoniabank.us_customers@hdp:1523751090000->:INSERT:hortoniabank.us_customers_trans@hdp:1523751182000:state","inputs":[{"guid":"7c45b494-fce3-41dc-aa82-5717bb646c92","typeName":"hive_column"}],"query":{"guid":"df02def0-8c93-4811-9290-8b8900990370","typeName":"hive_process"},"name":"insert into hortoniabank.us_customers_trans select * from hortoniabank.us_customers:state","description":null,"depenendencyType":"SIMPLE"},"guid":"ca29ef0b-e3a5-4a4c-bc27-8cfe91844546","status":"ACTIVE","createdBy":"hive","updatedBy":"hive","createTime":1523751254732,"updateTime":1523751254732,"version":0,"classifications":[]}}