{"referredEntities":{},"entity":{"typeName":"hive_process","attributes":{"owner":null,"outputs":[{"guid":"2c8ed304-fc9b-454e-a3eb-7138be601a18","typeName":"hive_table"}],"queryGraph":null,"recentQueries":["create external table if not exists consent_master.consent_data(\n                                    country              \t\tstring\n                                  , countryfull          \t\tstring\n                                  , insuranceid          \t\tint\n                                  , marketingconsent     \t\tstring\n                                  , marketingconsentstartdate   date\n                                  , loyaltyconsent     \t\t\tstring\n                                  , loyaltyconsentstartdate   \tdate\n                                  , thirdpartyconsent     \t\tstring\n                                  , thirdpartyconsentstartdate  date\n                                ) row format delimited\n                                  fields terminated by ','\n                                  stored as textfile\n                                  location '/hive_data/consent'\n\t\t\t\t  tblproperties(\"skip.header.line.count\"=\"1\")"],"qualifiedName":"consent_master.consent_data@hdp:1523751099000","inputs":[{"guid":"65f33091-0c11-4b30-b0d6-aaaac5c2a4d8","typeName":"hdfs_path"}],"description":null,"userName":"hive","queryId":"hive_20180415001138_e30d91c2-b7ae-4a22-b854-5247fddab764","clusterName":"hdp","name":"create external table if not exists consent_master.consent_data(\n                                    country              \t\tstring\n                                  , countryfull          \t\tstring\n                                  , insuranceid          \t\tint\n                                  , marketingconsent     \t\tstring\n                                  , marketingconsentstartdate   date\n                                  , loyaltyconsent     \t\t\tstring\n                                  , loyaltyconsentstartdate   \tdate\n                                  , thirdpartyconsent     \t\tstring\n                                  , thirdpartyconsentstartdate  date\n                                ) row format delimited\n                                  fields terminated by ','\n                                  stored as textfile\n                                  location '/hive_data/consent'\n\t\t\t\t  tblproperties(\"skip.header.line.count\"=\"1\")","queryText":"create external table if not exists consent_master.consent_data(\n                                    country              \t\tstring\n                                  , countryfull          \t\tstring\n                                  , insuranceid          \t\tint\n                                  , marketingconsent     \t\tstring\n                                  , marketingconsentstartdate   date\n                                  , loyaltyconsent     \t\t\tstring\n                                  , loyaltyconsentstartdate   \tdate\n                                  , thirdpartyconsent     \t\tstring\n                                  , thirdpartyconsentstartdate  date\n                                ) row format delimited\n                                  fields terminated by ','\n                                  stored as textfile\n                                  location '/hive_data/consent'\n\t\t\t\t  tblproperties(\"skip.header.line.count\"=\"1\")","startTime":1523751098774,"operationType":"CREATETABLE","queryPlan":"Not Supported","endTime":1523751099815},"guid":"ca9c5832-84b9-4c59-b19d-67e6783c922e","status":"ACTIVE","createdBy":"hive","updatedBy":"hive","createTime":1523751131177,"updateTime":1523751131177,"version":0,"classifications":[]}}