{"referredEntities":{"6ae35ed2-1e64-4c65-a6bc-1674f387d299":{"typeName":"hive_column","attributes":{"owner":"hive","qualifiedName":"consent_master.consent_data_trans.marketingconsentstartdate@hdp","name":"marketingconsentstartdate","description":null,"comment":null,"position":4,"type":"date","table":{"guid":"cb3b9fb5-a0dd-4bea-8c3a-195ac9926e63","typeName":"hive_table"}},"guid":"6ae35ed2-1e64-4c65-a6bc-1674f387d299","status":"ACTIVE","createdBy":"hive","updatedBy":"hive","createTime":1523751154132,"updateTime":1523751179802,"version":0,"classifications":[]},"b52386d9-9ea0-4409-90bc-6be22a1f9b81":{"typeName":"hive_column","attributes":{"owner":"hive","qualifiedName":"consent_master.consent_data_trans.loyaltyconsentstartdate@hdp","name":"loyaltyconsentstartdate","description":null,"comment":null,"position":6,"type":"date","table":{"guid":"cb3b9fb5-a0dd-4bea-8c3a-195ac9926e63","typeName":"hive_table"}},"guid":"b52386d9-9ea0-4409-90bc-6be22a1f9b81","status":"ACTIVE","createdBy":"hive","updatedBy":"hive","createTime":1523751154132,"updateTime":1523751179802,"version":0,"classifications":[]},"b284534e-725e-469d-ad43-7f31c33f3ac3":{"typeName":"hive_storagedesc","attributes":{"bucketCols":["country"],"qualifiedName":"consent_master.consent_data_trans@hdp_storage","sortCols":null,"storedAsSubDirectories":false,"location":"hdfs://abajwa-dws-hortonia-ref0.field.hortonworks.com:8020/hive_data/consent-trans","compressed":false,"inputFormat":"org.apache.hadoop.hive.ql.io.orc.OrcInputFormat","outputFormat":"org.apache.hadoop.hive.ql.io.orc.OrcOutputFormat","parameters":null,"table":{"guid":"cb3b9fb5-a0dd-4bea-8c3a-195ac9926e63","typeName":"hive_table"},"serdeInfo":{"typeName":"hive_serde","attributes":{"serializationLib":"org.apache.hadoop.hive.ql.io.orc.OrcSerde","name":null,"parameters":{"serialization.format":"1"}}},"numBuckets":3},"guid":"b284534e-725e-469d-ad43-7f31c33f3ac3","status":"ACTIVE","createdBy":"hive","updatedBy":"hive","createTime":1523751154132,"updateTime":1523751179802,"version":0,"classifications":[]},"5ff93dd8-545e-4729-b382-80bae5fc88b8":{"typeName":"hive_column","attributes":{"owner":"hive","qualifiedName":"consent_master.consent_data_trans.insuranceid@hdp","name":"insuranceid","description":null,"comment":null,"position":2,"type":"int","table":{"guid":"cb3b9fb5-a0dd-4bea-8c3a-195ac9926e63","typeName":"hive_table"}},"guid":"5ff93dd8-545e-4729-b382-80bae5fc88b8","status":"ACTIVE","createdBy":"hive","updatedBy":"hive","createTime":1523751154132,"updateTime":1523751179802,"version":0,"classifications":[]},"74bbebf7-554b-4ce6-a025-ff0904fc79d9":{"typeName":"hive_column","attributes":{"owner":"hive","qualifiedName":"consent_master.consent_data_trans.marketingconsent@hdp","name":"marketingconsent","description":null,"comment":null,"position":3,"type":"string","table":{"guid":"cb3b9fb5-a0dd-4bea-8c3a-195ac9926e63","typeName":"hive_table"}},"guid":"74bbebf7-554b-4ce6-a025-ff0904fc79d9","status":"ACTIVE","createdBy":"hive","updatedBy":"hive","createTime":1523751154132,"updateTime":1523751179802,"version":0,"classifications":[]},"94a67477-0ed8-4443-bcee-39749927a5c2":{"typeName":"hive_column","attributes":{"owner":"hive","qualifiedName":"consent_master.consent_data_trans.thirdpartyconsentstartdate@hdp","name":"thirdpartyconsentstartdate","description":null,"comment":null,"position":8,"type":"date","table":{"guid":"cb3b9fb5-a0dd-4bea-8c3a-195ac9926e63","typeName":"hive_table"}},"guid":"94a67477-0ed8-4443-bcee-39749927a5c2","status":"ACTIVE","createdBy":"hive","updatedBy":"hive","createTime":1523751154132,"updateTime":1523751179802,"version":0,"classifications":[]},"c96a2438-b006-4096-9e0d-4f2daca1cf4c":{"typeName":"hive_column","attributes":{"owner":"hive","qualifiedName":"consent_master.consent_data_trans.country@hdp","name":"country","description":null,"comment":null,"position":0,"type":"string","table":{"guid":"cb3b9fb5-a0dd-4bea-8c3a-195ac9926e63","typeName":"hive_table"}},"guid":"c96a2438-b006-4096-9e0d-4f2daca1cf4c","status":"ACTIVE","createdBy":"hive","updatedBy":"hive","createTime":1523751154132,"updateTime":1523751179802,"version":0,"classifications":[]},"7140ac54-9891-4468-9cea-e514b53840a4":{"typeName":"hive_column","attributes":{"owner":"hive","qualifiedName":"consent_master.consent_data_trans.countryfull@hdp","name":"countryfull","description":null,"comment":null,"position":1,"type":"string","table":{"guid":"cb3b9fb5-a0dd-4bea-8c3a-195ac9926e63","typeName":"hive_table"}},"guid":"7140ac54-9891-4468-9cea-e514b53840a4","status":"ACTIVE","createdBy":"hive","updatedBy":"hive","createTime":1523751154132,"updateTime":1523751179802,"version":0,"classifications":[]},"a05b268e-1a59-4a67-a905-3482ae70a413":{"typeName":"hive_column","attributes":{"owner":"hive","qualifiedName":"consent_master.consent_data_trans.loyaltyconsent@hdp","name":"loyaltyconsent","description":null,"comment":null,"position":5,"type":"string","table":{"guid":"cb3b9fb5-a0dd-4bea-8c3a-195ac9926e63","typeName":"hive_table"}},"guid":"a05b268e-1a59-4a67-a905-3482ae70a413","status":"ACTIVE","createdBy":"hive","updatedBy":"hive","createTime":1523751154132,"updateTime":1523751179802,"version":0,"classifications":[]},"c7babd98-febf-4b57-9537-708f962bbea0":{"typeName":"hive_column","attributes":{"owner":"hive","qualifiedName":"consent_master.consent_data_trans.thirdpartyconsent@hdp","name":"thirdpartyconsent","description":null,"comment":null,"position":7,"type":"string","table":{"guid":"cb3b9fb5-a0dd-4bea-8c3a-195ac9926e63","typeName":"hive_table"}},"guid":"c7babd98-febf-4b57-9537-708f962bbea0","status":"ACTIVE","createdBy":"hive","updatedBy":"hive","createTime":1523751154132,"updateTime":1523751179802,"version":0,"classifications":[]}},"entity":{"typeName":"hive_table","attributes":{"owner":"hive","temporary":false,"lastAccessTime":1523751153000,"aliases":null,"qualifiedName":"consent_master.consent_data_trans@hdp","columns":[{"guid":"c96a2438-b006-4096-9e0d-4f2daca1cf4c","typeName":"hive_column"},{"guid":"7140ac54-9891-4468-9cea-e514b53840a4","typeName":"hive_column"},{"guid":"5ff93dd8-545e-4729-b382-80bae5fc88b8","typeName":"hive_column"},{"guid":"74bbebf7-554b-4ce6-a025-ff0904fc79d9","typeName":"hive_column"},{"guid":"6ae35ed2-1e64-4c65-a6bc-1674f387d299","typeName":"hive_column"},{"guid":"a05b268e-1a59-4a67-a905-3482ae70a413","typeName":"hive_column"},{"guid":"b52386d9-9ea0-4409-90bc-6be22a1f9b81","typeName":"hive_column"},{"guid":"c7babd98-febf-4b57-9537-708f962bbea0","typeName":"hive_column"},{"guid":"94a67477-0ed8-4443-bcee-39749927a5c2","typeName":"hive_column"}],"description":null,"viewExpandedText":null,"sd":{"guid":"b284534e-725e-469d-ad43-7f31c33f3ac3","typeName":"hive_storagedesc"},"tableType":"MANAGED_TABLE","createTime":1523751153000,"name":"consent_data_trans","comment":null,"partitionKeys":null,"parameters":{"transient_lastDdlTime":"1523751174","totalSize":"446339","transactional":"true","numFiles":"3"},"db":{"guid":"8dce0592-fa2c-45cb-b3c2-5ca425afe3a8","typeName":"hive_db"},"retention":0,"viewOriginalText":null},"guid":"cb3b9fb5-a0dd-4bea-8c3a-195ac9926e63","status":"ACTIVE","createdBy":"hive","updatedBy":"hive","createTime":1523751154132,"updateTime":1523751179802,"version":0,"classifications":[{"typeName":"REFERENCE_DATA"}]}}