{"referredEntities":{},"entity":{"typeName":"hive_column_lineage","attributes":{"owner":null,"outputs":[{"guid":"6d18ea31-ad6c-4883-9f98-c5be01c233cd","typeName":"hive_column"}],"expression":null,"qualifiedName":"QUERY:hortoniabank.ww_customers@hdp:1523751089000->:INSERT:hortoniabank.ww_customers_trans@hdp:1523751175000:statefull","inputs":[{"guid":"0245a7d5-c8b1-4055-82ff-94388855dc85","typeName":"hive_column"}],"query":{"guid":"e7a3d5bd-de7d-4011-a47d-7a74a327db49","typeName":"hive_process"},"name":"insert into hortoniabank.ww_customers_trans select * from hortoniabank.ww_customers:statefull","description":null,"depenendencyType":"SIMPLE"},"guid":"cdb46ea4-4023-4d1a-9022-53201f743773","status":"ACTIVE","createdBy":"hive","updatedBy":"hive","createTime":1523751209088,"updateTime":1523751209088,"version":0,"classifications":[]}}