{"referredEntities":{},"entity":{"typeName":"hive_column_lineage","attributes":{"owner":null,"outputs":[{"guid":"0bb51741-e526-43f2-900d-8b07d40d52d3","typeName":"hive_column"}],"expression":null,"qualifiedName":"QUERY:hortoniabank.ww_customers@hdp:1523751089000->:INSERT:hortoniabank.ww_customers_trans@hdp:1523751175000:ccexpires","inputs":[{"guid":"813e4f9a-bb4e-45d1-b3ef-b3a458bba6c3","typeName":"hive_column"}],"query":{"guid":"e7a3d5bd-de7d-4011-a47d-7a74a327db49","typeName":"hive_process"},"name":"insert into hortoniabank.ww_customers_trans select * from hortoniabank.ww_customers:ccexpires","description":null,"depenendencyType":"SIMPLE"},"guid":"cf7a0514-9f53-46c7-b268-3a8a28e4d7ad","status":"ACTIVE","createdBy":"hive","updatedBy":"hive","createTime":1523751207601,"updateTime":1523751207601,"version":0,"classifications":[]}}