{"referredEntities":{},"entity":{"typeName":"hive_column_lineage","attributes":{"owner":null,"outputs":[{"guid":"a3afc29a-32fe-4736-8a1d-583546199721","typeName":"hive_column"}],"expression":null,"qualifiedName":"QUERY:hortoniabank.us_customers@hdp:1523751090000->:INSERT:hortoniabank.us_customers_trans@hdp:1523751182000:surname","inputs":[{"guid":"dba78c7c-a28d-4933-aeab-3c8543dc05de","typeName":"hive_column"}],"query":{"guid":"df02def0-8c93-4811-9290-8b8900990370","typeName":"hive_process"},"name":"insert into hortoniabank.us_customers_trans select * from hortoniabank.us_customers:surname","description":null,"depenendencyType":"SIMPLE"},"guid":"d1750f1b-852a-4380-a823-8a679a3f7f86","status":"ACTIVE","createdBy":"hive","updatedBy":"hive","createTime":1523751251764,"updateTime":1523751251764,"version":0,"classifications":[]}}