{"referredEntities":{},"entity":{"typeName":"hdfs_path","attributes":{"owner":null,"modifiedTime":0,"isFile":false,"numberOfReplicas":0,"qualifiedName":"hdfs://abajwa-dws-hortonia-ref0.field.hortonworks.com:8020/hive_data/hortoniabank/eu_countries","description":null,"extendedAttributes":null,"path":"hdfs://abajwa-dws-hortonia-ref0.field.hortonworks.com:8020/hive_data/hortoniabank/eu_countries","posixPermissions":null,"createTime":0,"fileSize":0,"clusterName":"hdp","name":"/hive_data/hortoniabank/eu_countries","isSymlink":false,"group":null},"guid":"d46a8774-e215-4053-8529-c7e90e42f3cd","status":"ACTIVE","createdBy":"hive","updatedBy":"hive","createTime":1523751107203,"updateTime":1523751107203,"version":0,"classifications":[]}}