{"referredEntities":{},"entity":{"typeName":"hdfs_path","attributes":{"owner":null,"modifiedTime":0,"isFile":false,"numberOfReplicas":0,"qualifiedName":"hdfs://abajwa-dws-hortonia-ref0.field.hortonworks.com:8020/hive_data/cost_savings","description":null,"extendedAttributes":null,"path":"hdfs://abajwa-dws-hortonia-ref0.field.hortonworks.com:8020/hive_data/cost_savings","posixPermissions":null,"createTime":0,"fileSize":0,"clusterName":"hdp","name":"/hive_data/cost_savings","isSymlink":false,"group":null},"guid":"d4bade35-50a5-49f1-8590-114dad1f3d39","status":"ACTIVE","createdBy":"hive","updatedBy":"hive","createTime":1523751111273,"updateTime":1523751111273,"version":0,"classifications":[]}}