{"referredEntities":{},"entity":{"typeName":"hive_column_lineage","attributes":{"owner":null,"outputs":[{"guid":"e492ce73-3c10-499c-9375-3101041ae95c","typeName":"hive_column"}],"expression":null,"qualifiedName":"QUERY:hortoniabank.ww_customers@hdp:1523751089000->:INSERT:hortoniabank.ww_customers_trans@hdp:1523751175000:tropicalzodiac","inputs":[{"guid":"685bba3e-8e7f-470c-9a7e-84ad01ca0e28","typeName":"hive_column"}],"query":{"guid":"e7a3d5bd-de7d-4011-a47d-7a74a327db49","typeName":"hive_process"},"name":"insert into hortoniabank.ww_customers_trans select * from hortoniabank.ww_customers:tropicalzodiac","description":null,"depenendencyType":"SIMPLE"},"guid":"d5475248-18b9-4c08-8251-1b408ca40ad3","status":"ACTIVE","createdBy":"hive","updatedBy":"hive","createTime":1523751199731,"updateTime":1523751199731,"version":0,"classifications":[]}}