{"referredEntities":{},"entity":{"typeName":"hive_column_lineage","attributes":{"owner":null,"outputs":[{"guid":"6ae35ed2-1e64-4c65-a6bc-1674f387d299","typeName":"hive_column"}],"expression":null,"qualifiedName":"QUERY:consent_master.consent_data@hdp:1523751099000->:INSERT:consent_master.consent_data_trans@hdp:1523751153000:marketingconsentstartdate","inputs":[{"guid":"b4001961-2358-4476-b00a-b6d8d1cdf566","typeName":"hive_column"}],"query":{"guid":"0e9bc062-ff2d-45f6-9f1b-fdce372dfe41","typeName":"hive_process"},"name":"insert into consent_master.consent_data_trans select * from consent_master.consent_data:marketingconsentstartdate","description":null,"depenendencyType":"SIMPLE"},"guid":"d5604b7d-d558-4342-9bdc-d134f3e48eee","status":"ACTIVE","createdBy":"hive","updatedBy":"hive","createTime":1523751177873,"updateTime":1523751177873,"version":0,"classifications":[]}}