{"referredEntities":{},"entity":{"typeName":"hive_column_lineage","attributes":{"owner":null,"outputs":[{"guid":"f5bfb30e-5bc3-45a6-82db-2a91f3228a6d","typeName":"hive_column"}],"expression":null,"qualifiedName":"QUERY:hortoniabank.us_customers@hdp:1523751090000->:INSERT:hortoniabank.us_customers_trans@hdp:1523751182000:username","inputs":[{"guid":"2e432b03-3bb1-4212-a1da-5085fd6b7a26","typeName":"hive_column"}],"query":{"guid":"df02def0-8c93-4811-9290-8b8900990370","typeName":"hive_process"},"name":"insert into hortoniabank.us_customers_trans select * from hortoniabank.us_customers:username","description":null,"depenendencyType":"SIMPLE"},"guid":"d6d32ef8-84a9-4849-afbd-5587c1ae681e","status":"ACTIVE","createdBy":"hive","updatedBy":"hive","createTime":1523751235756,"updateTime":1523751235756,"version":0,"classifications":[]}}