{"referredEntities":{},"entity":{"typeName":"hive_column_lineage","attributes":{"owner":null,"outputs":[{"guid":"5161b7a4-82dc-4db9-9ffe-368789fbe995","typeName":"hive_column"}],"expression":null,"qualifiedName":"QUERY:hortoniabank.us_customers@hdp:1523751090000->:INSERT:hortoniabank.us_customers_trans@hdp:1523751182000:emailaddress","inputs":[{"guid":"6cd7bf39-417e-455a-a3cf-8041bcf419d3","typeName":"hive_column"}],"query":{"guid":"df02def0-8c93-4811-9290-8b8900990370","typeName":"hive_process"},"name":"insert into hortoniabank.us_customers_trans select * from hortoniabank.us_customers:emailaddress","description":null,"depenendencyType":"SIMPLE"},"guid":"d934731a-ceae-48c3-94e1-c44b67f287bc","status":"ACTIVE","createdBy":"hive","updatedBy":"hive","createTime":1523751234268,"updateTime":1523751234268,"version":0,"classifications":[]}}