{"referredEntities":{},"entity":{"typeName":"hdfs_path","attributes":{"owner":null,"modifiedTime":0,"isFile":false,"numberOfReplicas":0,"qualifiedName":"hdfs://abajwa-dws-hortonia-ref0.field.hortonworks.com:8020/hive_data/finance/tax_2009","description":null,"extendedAttributes":null,"path":"hdfs://abajwa-dws-hortonia-ref0.field.hortonworks.com:8020/hive_data/finance/tax_2009","posixPermissions":null,"createTime":0,"fileSize":0,"clusterName":"hdp","name":"/hive_data/finance/tax_2009","isSymlink":false,"group":null},"guid":"db1a46c2-8625-44ab-979f-0c8c3640bd06","status":"ACTIVE","createdBy":"hive","updatedBy":"hive","createTime":1523751108112,"updateTime":1523751108112,"version":0,"classifications":[]}}