{"referredEntities":{},"entity":{"typeName":"hive_column_lineage","attributes":{"owner":null,"outputs":[{"guid":"8a202185-339b-4f61-b9e8-57e4c21eb5fa","typeName":"hive_column"}],"expression":null,"qualifiedName":"QUERY:hortoniabank.us_customers@hdp:1523751090000->:INSERT:hortoniabank.us_customers_trans@hdp:1523751182000:streetaddress","inputs":[{"guid":"358ac2a5-fca9-42b8-8f6e-5f594b2ff1aa","typeName":"hive_column"}],"query":{"guid":"df02def0-8c93-4811-9290-8b8900990370","typeName":"hive_process"},"name":"insert into hortoniabank.us_customers_trans select * from hortoniabank.us_customers:streetaddress","description":null,"depenendencyType":"SIMPLE"},"guid":"dc51cc15-a99e-40a1-b73e-202c1377c1e9","status":"ACTIVE","createdBy":"hive","updatedBy":"hive","createTime":1523751233541,"updateTime":1523751233541,"version":0,"classifications":[]}}