{"referredEntities":{},"entity":{"typeName":"hdfs_path","attributes":{"owner":null,"modifiedTime":0,"isFile":false,"numberOfReplicas":0,"qualifiedName":"hdfs://abajwa-dws-hortonia-ref0.field.hortonworks.com:8020/hive_data/eu_countries","description":null,"extendedAttributes":null,"path":"hdfs://abajwa-dws-hortonia-ref0.field.hortonworks.com:8020/hive_data/eu_countries","posixPermissions":null,"createTime":0,"fileSize":0,"clusterName":"hdp","name":"/hive_data/eu_countries","isSymlink":false,"group":null},"guid":"dd996bfa-658c-4551-8da7-c3b1fc1d74b0","status":"ACTIVE","createdBy":"hive","updatedBy":"hive","createTime":1523751131840,"updateTime":1523751131840,"version":0,"classifications":[]}}