{"referredEntities":{},"entity":{"typeName":"hive_process","attributes":{"owner":null,"outputs":[{"guid":"ff2ac484-e8f0-4b95-82f8-b6bbf72c8519","typeName":"hive_table"}],"queryGraph":null,"recentQueries":["insert into hortoniabank.us_customers_trans select * from hortoniabank.us_customers"],"qualifiedName":"QUERY:hortoniabank.us_customers@hdp:1523751090000->:INSERT:hortoniabank.us_customers_trans@hdp:1523751182000","inputs":[{"guid":"19ea84c2-766d-4da4-a6c9-50f58e343311","typeName":"hive_table"}],"description":null,"userName":"hive","queryId":"hive_20180415001302_81f5638e-ca71-4d27-8721-bbc9a3904609","clusterName":"hdp","name":"insert into hortoniabank.us_customers_trans select * from hortoniabank.us_customers","queryText":"insert into hortoniabank.us_customers_trans select * from hortoniabank.us_customers","startTime":1523751182098,"operationType":"QUERY","queryPlan":"Not Supported","endTime":1523751193870},"guid":"df02def0-8c93-4811-9290-8b8900990370","status":"ACTIVE","createdBy":"hive","updatedBy":"hive","createTime":1523751225880,"updateTime":1523751262698,"version":0,"classifications":[]}}