{"referredEntities":{},"entity":{"typeName":"hive_column_lineage","attributes":{"owner":null,"outputs":[{"guid":"11f4a63a-7367-4db3-ac5f-53409e890a44","typeName":"hive_column"}],"expression":null,"qualifiedName":"QUERY:hortoniabank.us_customers@hdp:1523751090000->:INSERT:hortoniabank.us_customers_trans@hdp:1523751182000:eyecolor","inputs":[{"guid":"5e70075a-6060-4491-8f92-e7dc74b130a0","typeName":"hive_column"}],"query":{"guid":"df02def0-8c93-4811-9290-8b8900990370","typeName":"hive_process"},"name":"insert into hortoniabank.us_customers_trans select * from hortoniabank.us_customers:eyecolor","description":null,"depenendencyType":"SIMPLE"},"guid":"e18041d8-b8da-424c-9ea8-e9cc1236fa3a","status":"ACTIVE","createdBy":"hive","updatedBy":"hive","createTime":1523751238074,"updateTime":1523751238074,"version":0,"classifications":[]}}