{"referredEntities":{},"entity":{"typeName":"hive_column_lineage","attributes":{"owner":null,"outputs":[{"guid":"1cbe0a41-cb2b-4c85-83b5-99dea9a17581","typeName":"hive_column"}],"expression":null,"qualifiedName":"QUERY:hortoniabank.us_customers@hdp:1523751090000->:INSERT:hortoniabank.us_customers_trans@hdp:1523751182000:cctype","inputs":[{"guid":"9dd3f4a6-b6cb-4bfd-99ba-14bdc4f18ec0","typeName":"hive_column"}],"query":{"guid":"df02def0-8c93-4811-9290-8b8900990370","typeName":"hive_process"},"name":"insert into hortoniabank.us_customers_trans select * from hortoniabank.us_customers:cctype","description":null,"depenendencyType":"SIMPLE"},"guid":"e2d2f059-b33d-4427-b58f-1604e5e9d948","status":"ACTIVE","createdBy":"hive","updatedBy":"hive","createTime":1523751238960,"updateTime":1523751238960,"version":0,"classifications":[]}}