{"referredEntities":{"004b869e-5473-4df7-8be9-95d4d67d3dbf":{"typeName":"hive_column","attributes":{"owner":"hive","qualifiedName":"claim.claims_view.latitude@hdp","name":"latitude","description":null,"comment":null,"position":6,"type":"decimal(10,0)","table":{"guid":"e41bffb1-9743-4126-9164-146d175860f5","typeName":"hive_table"}},"guid":"004b869e-5473-4df7-8be9-95d4d67d3dbf","status":"ACTIVE","createdBy":"hive","updatedBy":"hive","createTime":1523751126430,"updateTime":1523751130173,"version":0,"classifications":[]},"68bff2f8-8960-4004-b023-3aa8a423585b":{"typeName":"hive_column","attributes":{"owner":"hive","qualifiedName":"claim.claims_view.costsavings@hdp","name":"costsavings","description":null,"comment":null,"position":4,"type":"int","table":{"guid":"e41bffb1-9743-4126-9164-146d175860f5","typeName":"hive_table"}},"guid":"68bff2f8-8960-4004-b023-3aa8a423585b","status":"ACTIVE","createdBy":"hive","updatedBy":"hive","createTime":1523751126430,"updateTime":1523751130173,"version":0,"classifications":[]},"84aeeb90-5794-4390-bb03-b078632a0065":{"typeName":"hive_column","attributes":{"owner":"hive","qualifiedName":"claim.claims_view.claimid@hdp","name":"claimid","description":null,"comment":null,"position":3,"type":"int","table":{"guid":"e41bffb1-9743-4126-9164-146d175860f5","typeName":"hive_table"}},"guid":"84aeeb90-5794-4390-bb03-b078632a0065","status":"ACTIVE","createdBy":"hive","updatedBy":"hive","createTime":1523751126430,"updateTime":1523751130173,"version":0,"classifications":[]},"26c6ac84-35db-4b63-adae-20a3a6988eea":{"typeName":"hive_column","attributes":{"owner":"hive","qualifiedName":"claim.claims_view.name@hdp","name":"name","description":null,"comment":null,"position":1,"type":"string","table":{"guid":"e41bffb1-9743-4126-9164-146d175860f5","typeName":"hive_table"}},"guid":"26c6ac84-35db-4b63-adae-20a3a6988eea","status":"ACTIVE","createdBy":"hive","updatedBy":"hive","createTime":1523751126430,"updateTime":1523751130173,"version":0,"classifications":[]},"1bd3ae2e-e4b5-486a-8510-fdfd005646d7":{"typeName":"hive_storagedesc","attributes":{"bucketCols":null,"qualifiedName":"claim.claims_view@hdp_storage","sortCols":null,"storedAsSubDirectories":false,"location":null,"compressed":false,"inputFormat":"org.apache.hadoop.mapred.SequenceFileInputFormat","outputFormat":"org.apache.hadoop.hive.ql.io.HiveSequenceFileOutputFormat","parameters":null,"table":{"guid":"e41bffb1-9743-4126-9164-146d175860f5","typeName":"hive_table"},"serdeInfo":{"typeName":"hive_serde","attributes":{"serializationLib":null,"name":null,"parameters":null}},"numBuckets":-1},"guid":"1bd3ae2e-e4b5-486a-8510-fdfd005646d7","status":"ACTIVE","createdBy":"hive","updatedBy":"hive","createTime":1523751126430,"updateTime":1523751130173,"version":0,"classifications":[]},"04215f07-ef7e-43cc-91d0-d64d215057f4":{"typeName":"hive_column","attributes":{"owner":"hive","qualifiedName":"claim.claims_view.reportdate@hdp","name":"reportdate","description":null,"comment":null,"position":0,"type":"date","table":{"guid":"e41bffb1-9743-4126-9164-146d175860f5","typeName":"hive_table"}},"guid":"04215f07-ef7e-43cc-91d0-d64d215057f4","status":"ACTIVE","createdBy":"hive","updatedBy":"hive","createTime":1523751126430,"updateTime":1523751130173,"version":0,"classifications":[]},"5c4709e0-45b6-4d19-875e-74d7484f17e0":{"typeName":"hive_column","attributes":{"owner":"hive","qualifiedName":"claim.claims_view.longitude@hdp","name":"longitude","description":null,"comment":null,"position":7,"type":"decimal(10,0)","table":{"guid":"e41bffb1-9743-4126-9164-146d175860f5","typeName":"hive_table"}},"guid":"5c4709e0-45b6-4d19-875e-74d7484f17e0","status":"ACTIVE","createdBy":"hive","updatedBy":"hive","createTime":1523751126430,"updateTime":1523751130173,"version":0,"classifications":[]},"7626dbf5-681f-4258-804a-eb5984da6d30":{"typeName":"hive_column","attributes":{"owner":"hive","qualifiedName":"claim.claims_view.sequenceid@hdp","name":"sequenceid","description":null,"comment":null,"position":2,"type":"int","table":{"guid":"e41bffb1-9743-4126-9164-146d175860f5","typeName":"hive_table"}},"guid":"7626dbf5-681f-4258-804a-eb5984da6d30","status":"ACTIVE","createdBy":"hive","updatedBy":"hive","createTime":1523751126430,"updateTime":1523751130173,"version":0,"classifications":[]},"dcb40086-3ab0-40cf-9e7a-b5f9194ff9d0":{"typeName":"hive_column","attributes":{"owner":"hive","qualifiedName":"claim.claims_view.eligibilitycode@hdp","name":"eligibilitycode","description":null,"comment":null,"position":5,"type":"int","table":{"guid":"e41bffb1-9743-4126-9164-146d175860f5","typeName":"hive_table"}},"guid":"dcb40086-3ab0-40cf-9e7a-b5f9194ff9d0","status":"ACTIVE","createdBy":"hive","updatedBy":"hive","createTime":1523751126430,"updateTime":1523751130173,"version":0,"classifications":[]}},"entity":{"typeName":"hive_table","attributes":{"owner":"hive","temporary":false,"lastAccessTime":1523751097000,"aliases":null,"qualifiedName":"claim.claims_view@hdp","columns":[{"guid":"04215f07-ef7e-43cc-91d0-d64d215057f4","typeName":"hive_column"},{"guid":"26c6ac84-35db-4b63-adae-20a3a6988eea","typeName":"hive_column"},{"guid":"7626dbf5-681f-4258-804a-eb5984da6d30","typeName":"hive_column"},{"guid":"84aeeb90-5794-4390-bb03-b078632a0065","typeName":"hive_column"},{"guid":"68bff2f8-8960-4004-b023-3aa8a423585b","typeName":"hive_column"},{"guid":"dcb40086-3ab0-40cf-9e7a-b5f9194ff9d0","typeName":"hive_column"},{"guid":"004b869e-5473-4df7-8be9-95d4d67d3dbf","typeName":"hive_column"},{"guid":"5c4709e0-45b6-4d19-875e-74d7484f17e0","typeName":"hive_column"}],"description":null,"viewExpandedText":"SELECT `claim_savings`.`reportdate`, `claim_savings`.`name`, `claim_savings`.`sequenceid`, `claim_savings`.`claimid`, `claim_savings`.`costsavings`, `claim_savings`.`eligibilitycode`, `claim_savings`.`latitude`, `claim_savings`.`longitude` FROM `cost_savings`.`claim_savings`","sd":{"guid":"1bd3ae2e-e4b5-486a-8510-fdfd005646d7","typeName":"hive_storagedesc"},"tableType":"VIRTUAL_VIEW","createTime":1523751097000,"name":"claims_view","comment":null,"partitionKeys":null,"parameters":{"transient_lastDdlTime":"1523751097"},"db":{"guid":"9c6d1969-bb46-4d3e-94c5-2ec00cb6fba3","typeName":"hive_db"},"retention":0,"viewOriginalText":"SELECT * FROM cost_savings.claim_savings"},"guid":"e41bffb1-9743-4126-9164-146d175860f5","status":"ACTIVE","createdBy":"hive","updatedBy":"hive","createTime":1523751126430,"updateTime":1523751130173,"version":0,"classifications":[]}}