{"referredEntities":{"f0d04475-2d6a-4a83-852b-8925b1b4051b":{"typeName":"hive_column","attributes":{"owner":"hive","qualifiedName":"hortoniabank.eu_countries.countryname@hdp","name":"countryname","description":null,"comment":null,"position":0,"type":"string","table":{"guid":"e5e5ff5a-286f-4d25-8531-3606c624b9b5","typeName":"hive_table"}},"guid":"f0d04475-2d6a-4a83-852b-8925b1b4051b","status":"ACTIVE","createdBy":"hive","updatedBy":"hive","createTime":1523751106699,"updateTime":1523751107203,"version":0,"classifications":[]},"fe7eca9a-9bd6-4ba6-aa48-84875485cdf1":{"typeName":"hive_column","attributes":{"owner":"hive","qualifiedName":"hortoniabank.eu_countries.countrycode@hdp","name":"countrycode","description":null,"comment":null,"position":1,"type":"string","table":{"guid":"e5e5ff5a-286f-4d25-8531-3606c624b9b5","typeName":"hive_table"}},"guid":"fe7eca9a-9bd6-4ba6-aa48-84875485cdf1","status":"ACTIVE","createdBy":"hive","updatedBy":"hive","createTime":1523751106699,"updateTime":1523751107203,"version":0,"classifications":[]},"08497892-e4e9-4a3d-a397-10ab1c38fdeb":{"typeName":"hive_column","attributes":{"owner":"hive","qualifiedName":"hortoniabank.eu_countries.region@hdp","name":"region","description":null,"comment":null,"position":2,"type":"string","table":{"guid":"e5e5ff5a-286f-4d25-8531-3606c624b9b5","typeName":"hive_table"}},"guid":"08497892-e4e9-4a3d-a397-10ab1c38fdeb","status":"ACTIVE","createdBy":"hive","updatedBy":"hive","createTime":1523751106699,"updateTime":1523751107203,"version":0,"classifications":[]},"5ecf8732-785a-415b-8d8a-f419c873ca51":{"typeName":"hive_storagedesc","attributes":{"bucketCols":null,"qualifiedName":"hortoniabank.eu_countries@hdp_storage","sortCols":null,"storedAsSubDirectories":false,"location":"hdfs://abajwa-dws-hortonia-ref0.field.hortonworks.com:8020/hive_data/hortoniabank/eu_countries","compressed":false,"inputFormat":"org.apache.hadoop.mapred.TextInputFormat","outputFormat":"org.apache.hadoop.hive.ql.io.HiveIgnoreKeyTextOutputFormat","parameters":null,"table":{"guid":"e5e5ff5a-286f-4d25-8531-3606c624b9b5","typeName":"hive_table"},"serdeInfo":{"typeName":"hive_serde","attributes":{"serializationLib":"org.apache.hadoop.hive.serde2.lazy.LazySimpleSerDe","name":null,"parameters":{"serialization.format":",","field.delim":","}}},"numBuckets":-1},"guid":"5ecf8732-785a-415b-8d8a-f419c873ca51","status":"ACTIVE","createdBy":"hive","updatedBy":"hive","createTime":1523751106699,"updateTime":1523751107203,"version":0,"classifications":[]}},"entity":{"typeName":"hive_table","attributes":{"owner":"hive","temporary":false,"lastAccessTime":1523751091000,"aliases":null,"qualifiedName":"hortoniabank.eu_countries@hdp","columns":[{"guid":"f0d04475-2d6a-4a83-852b-8925b1b4051b","typeName":"hive_column"},{"guid":"fe7eca9a-9bd6-4ba6-aa48-84875485cdf1","typeName":"hive_column"},{"guid":"08497892-e4e9-4a3d-a397-10ab1c38fdeb","typeName":"hive_column"}],"description":null,"viewExpandedText":null,"sd":{"guid":"5ecf8732-785a-415b-8d8a-f419c873ca51","typeName":"hive_storagedesc"},"tableType":"EXTERNAL_TABLE","createTime":1523751091000,"name":"eu_countries","comment":null,"partitionKeys":null,"parameters":{"transient_lastDdlTime":"1523751091","totalSize":"407","EXTERNAL":"TRUE","numFiles":"1"},"db":{"guid":"3577f1a4-39a3-49a2-8785-04f1f85c7632","typeName":"hive_db"},"retention":0,"viewOriginalText":null},"guid":"e5e5ff5a-286f-4d25-8531-3606c624b9b5","status":"ACTIVE","createdBy":"hive","updatedBy":"hive","createTime":1523751106699,"updateTime":1523751107203,"version":0,"classifications":[{"typeName":"REFERENCE_DATA"}]}}