{"referredEntities":{},"entity":{"typeName":"hive_process","attributes":{"owner":null,"outputs":[{"guid":"9cecf4cc-f4a3-4531-82c6-e719ca689ff2","typeName":"hive_table"}],"queryGraph":null,"recentQueries":["insert into hortoniabank.ww_customers_trans select * from hortoniabank.ww_customers"],"qualifiedName":"QUERY:hortoniabank.ww_customers@hdp:1523751089000->:INSERT:hortoniabank.ww_customers_trans@hdp:1523751175000","inputs":[{"guid":"62530552-d155-497a-9fdb-cc583eb981bf","typeName":"hive_table"}],"description":null,"userName":"hive","queryId":"hive_20180415001255_a094abb9-aa90-4477-82a4-1562e5320403","clusterName":"hdp","name":"insert into hortoniabank.ww_customers_trans select * from hortoniabank.ww_customers","queryText":"insert into hortoniabank.ww_customers_trans select * from hortoniabank.ww_customers","startTime":1523751175681,"operationType":"QUERY","queryPlan":"Not Supported","endTime":1523751181798},"guid":"e7a3d5bd-de7d-4011-a47d-7a74a327db49","status":"ACTIVE","createdBy":"hive","updatedBy":"hive","createTime":1523751184073,"updateTime":1523751222853,"version":0,"classifications":[]}}