{"referredEntities":{},"entity":{"typeName":"hive_column_lineage","attributes":{"owner":null,"outputs":[{"guid":"437cfebc-cf9b-4f42-a3ec-473239ca15e5","typeName":"hive_column"}],"expression":null,"qualifiedName":"QUERY:hortoniabank.ww_customers@hdp:1523751089000->:INSERT:hortoniabank.ww_customers_trans@hdp:1523751175000:latitude","inputs":[{"guid":"20c3c3af-0f36-4524-866a-8006fe5e9586","typeName":"hive_column"}],"query":{"guid":"e7a3d5bd-de7d-4011-a47d-7a74a327db49","typeName":"hive_process"},"name":"insert into hortoniabank.ww_customers_trans select * from hortoniabank.ww_customers:latitude","description":null,"depenendencyType":"SIMPLE"},"guid":"ec26be15-6b75-448a-a511-36628b699f83","status":"ACTIVE","createdBy":"hive","updatedBy":"hive","createTime":1523751222853,"updateTime":1523751222853,"version":0,"classifications":[]}}