{"referredEntities":{},"entity":{"typeName":"hive_column_lineage","attributes":{"owner":null,"outputs":[{"guid":"9bb2eafc-d38e-4267-bde3-33619f0df4cd","typeName":"hive_column"}],"expression":null,"qualifiedName":"QUERY:hortoniabank.ww_customers@hdp:1523751089000->:INSERT:hortoniabank.ww_customers_trans@hdp:1523751175000:ccnumber","inputs":[{"guid":"4eab6082-3ed3-492f-8256-916df46c0a7e","typeName":"hive_column"}],"query":{"guid":"e7a3d5bd-de7d-4011-a47d-7a74a327db49","typeName":"hive_process"},"name":"insert into hortoniabank.ww_customers_trans select * from hortoniabank.ww_customers:ccnumber","description":null,"depenendencyType":"SIMPLE"},"guid":"ec409320-79cf-4b73-85c4-6c6cbd198845","status":"ACTIVE","createdBy":"hive","updatedBy":"hive","createTime":1523751193579,"updateTime":1523751193579,"version":0,"classifications":[]}}