{"referredEntities":{},"entity":{"typeName":"hive_column_lineage","attributes":{"owner":null,"outputs":[{"guid":"75f3ca8f-ba6b-47f2-8153-ff807c34702b","typeName":"hive_column"}],"expression":null,"qualifiedName":"QUERY:hortoniabank.ww_customers@hdp:1523751089000->:INSERT:hortoniabank.ww_customers_trans@hdp:1523751175000:state","inputs":[{"guid":"bcac2dad-01f0-4d47-8a16-a32767e16457","typeName":"hive_column"}],"query":{"guid":"e7a3d5bd-de7d-4011-a47d-7a74a327db49","typeName":"hive_process"},"name":"insert into hortoniabank.ww_customers_trans select * from hortoniabank.ww_customers:state","description":null,"depenendencyType":"SIMPLE"},"guid":"ee1afbda-3660-439e-ba03-35ecf7a59e67","status":"ACTIVE","createdBy":"hive","updatedBy":"hive","createTime":1523751209838,"updateTime":1523751209838,"version":0,"classifications":[]}}