{"referredEntities":{},"entity":{"typeName":"hive_column_lineage","attributes":{"owner":null,"outputs":[{"guid":"5ff93dd8-545e-4729-b382-80bae5fc88b8","typeName":"hive_column"}],"expression":null,"qualifiedName":"QUERY:consent_master.consent_data@hdp:1523751099000->:INSERT:consent_master.consent_data_trans@hdp:1523751153000:insuranceid","inputs":[{"guid":"47272ea7-6169-4450-8252-08cee5dc8ffd","typeName":"hive_column"}],"query":{"guid":"0e9bc062-ff2d-45f6-9f1b-fdce372dfe41","typeName":"hive_process"},"name":"insert into consent_master.consent_data_trans select * from consent_master.consent_data:insuranceid","description":null,"depenendencyType":"SIMPLE"},"guid":"ee4f962f-4293-41ec-bddd-13bab92ffad6","status":"ACTIVE","createdBy":"hive","updatedBy":"hive","createTime":1523751179393,"updateTime":1523751179393,"version":0,"classifications":[]}}