{"referredEntities":{"8ff20f82-9c09-4f70-8ded-3b0ac7451f2b":{"typeName":"hive_column","attributes":{"owner":"hive","qualifiedName":"erasure_master.data_erasure_trans.insuranceid@hdp","name":"insuranceid","description":null,"comment":null,"position":2,"type":"int","table":{"guid":"ee54ae2b-612a-4a96-a9d9-8f17506f012d","typeName":"hive_table"}},"guid":"8ff20f82-9c09-4f70-8ded-3b0ac7451f2b","status":"ACTIVE","createdBy":"hive","updatedBy":"hive","createTime":1523751263613,"updateTime":1523751266640,"version":0,"classifications":[]},"dc8e82d5-ceeb-4166-9edd-224eaa153dba":{"typeName":"hive_column","attributes":{"owner":"hive","qualifiedName":"erasure_master.data_erasure_trans.requestdate@hdp","name":"requestdate","description":null,"comment":null,"position":4,"type":"date","table":{"guid":"ee54ae2b-612a-4a96-a9d9-8f17506f012d","typeName":"hive_table"}},"guid":"dc8e82d5-ceeb-4166-9edd-224eaa153dba","status":"ACTIVE","createdBy":"hive","updatedBy":"hive","createTime":1523751263613,"updateTime":1523751266640,"version":0,"classifications":[]},"6ccb442b-d81e-4a5f-96ba-e441dd706df6":{"typeName":"hive_column","attributes":{"owner":"hive","qualifiedName":"erasure_master.data_erasure_trans.country@hdp","name":"country","description":null,"comment":null,"position":0,"type":"string","table":{"guid":"ee54ae2b-612a-4a96-a9d9-8f17506f012d","typeName":"hive_table"}},"guid":"6ccb442b-d81e-4a5f-96ba-e441dd706df6","status":"ACTIVE","createdBy":"hive","updatedBy":"hive","createTime":1523751263613,"updateTime":1523751266640,"version":0,"classifications":[]},"8735e338-5296-419c-b836-8d207ae759b6":{"typeName":"hive_column","attributes":{"owner":"hive","qualifiedName":"erasure_master.data_erasure_trans.rtbfrequested@hdp","name":"rtbfrequested","description":null,"comment":null,"position":3,"type":"string","table":{"guid":"ee54ae2b-612a-4a96-a9d9-8f17506f012d","typeName":"hive_table"}},"guid":"8735e338-5296-419c-b836-8d207ae759b6","status":"ACTIVE","createdBy":"hive","updatedBy":"hive","createTime":1523751263613,"updateTime":1523751266640,"version":0,"classifications":[]},"28f6205f-17c9-4802-91e8-fedfd918e2b3":{"typeName":"hive_column","attributes":{"owner":"hive","qualifiedName":"erasure_master.data_erasure_trans.countryfull@hdp","name":"countryfull","description":null,"comment":null,"position":1,"type":"string","table":{"guid":"ee54ae2b-612a-4a96-a9d9-8f17506f012d","typeName":"hive_table"}},"guid":"28f6205f-17c9-4802-91e8-fedfd918e2b3","status":"ACTIVE","createdBy":"hive","updatedBy":"hive","createTime":1523751263613,"updateTime":1523751266640,"version":0,"classifications":[]},"3bbfb1ae-9344-425d-ad7e-ed968c5aaba5":{"typeName":"hive_column","attributes":{"owner":"hive","qualifiedName":"erasure_master.data_erasure_trans.erasureoverride@hdp","name":"erasureoverride","description":null,"comment":null,"position":5,"type":"string","table":{"guid":"ee54ae2b-612a-4a96-a9d9-8f17506f012d","typeName":"hive_table"}},"guid":"3bbfb1ae-9344-425d-ad7e-ed968c5aaba5","status":"ACTIVE","createdBy":"hive","updatedBy":"hive","createTime":1523751263613,"updateTime":1523751266640,"version":0,"classifications":[]},"87bae65c-60f7-4a48-b8f9-cb44a87d390a":{"typeName":"hive_storagedesc","attributes":{"bucketCols":["country"],"qualifiedName":"erasure_master.data_erasure_trans@hdp_storage","sortCols":null,"storedAsSubDirectories":false,"location":"hdfs://abajwa-dws-hortonia-ref0.field.hortonworks.com:8020/hive_data/rtbf_trans","compressed":false,"inputFormat":"org.apache.hadoop.hive.ql.io.orc.OrcInputFormat","outputFormat":"org.apache.hadoop.hive.ql.io.orc.OrcOutputFormat","parameters":null,"table":{"guid":"ee54ae2b-612a-4a96-a9d9-8f17506f012d","typeName":"hive_table"},"serdeInfo":{"typeName":"hive_serde","attributes":{"serializationLib":"org.apache.hadoop.hive.ql.io.orc.OrcSerde","name":null,"parameters":{"serialization.format":"1"}}},"numBuckets":2},"guid":"87bae65c-60f7-4a48-b8f9-cb44a87d390a","status":"ACTIVE","createdBy":"hive","updatedBy":"hive","createTime":1523751263613,"updateTime":1523751266640,"version":0,"classifications":[]}},"entity":{"typeName":"hive_table","attributes":{"owner":"hive","temporary":false,"lastAccessTime":1523751194000,"aliases":null,"qualifiedName":"erasure_master.data_erasure_trans@hdp","columns":[{"guid":"6ccb442b-d81e-4a5f-96ba-e441dd706df6","typeName":"hive_column"},{"guid":"28f6205f-17c9-4802-91e8-fedfd918e2b3","typeName":"hive_column"},{"guid":"8ff20f82-9c09-4f70-8ded-3b0ac7451f2b","typeName":"hive_column"},{"guid":"8735e338-5296-419c-b836-8d207ae759b6","typeName":"hive_column"},{"guid":"dc8e82d5-ceeb-4166-9edd-224eaa153dba","typeName":"hive_column"},{"guid":"3bbfb1ae-9344-425d-ad7e-ed968c5aaba5","typeName":"hive_column"}],"description":null,"viewExpandedText":null,"sd":{"guid":"87bae65c-60f7-4a48-b8f9-cb44a87d390a","typeName":"hive_storagedesc"},"tableType":"MANAGED_TABLE","createTime":1523751194000,"name":"data_erasure_trans","comment":null,"partitionKeys":null,"parameters":{"transient_lastDdlTime":"1523751198","totalSize":"6302","transactional":"true","numFiles":"2"},"db":{"guid":"658734d7-0e11-4105-868a-bf034d942b59","typeName":"hive_db"},"retention":0,"viewOriginalText":null},"guid":"ee54ae2b-612a-4a96-a9d9-8f17506f012d","status":"ACTIVE","createdBy":"hive","updatedBy":"hive","createTime":1523751263613,"updateTime":1523751266640,"version":0,"classifications":[]}}