{"referredEntities":{},"entity":{"typeName":"hive_column_lineage","attributes":{"owner":null,"outputs":[{"guid":"23fe8e42-6ccb-42f8-80c9-21197db09bc5","typeName":"hive_column"}],"expression":null,"qualifiedName":"QUERY:hortoniabank.ww_customers@hdp:1523751089000->:INSERT:hortoniabank.ww_customers_trans@hdp:1523751175000:cvv2","inputs":[{"guid":"601273f8-4d10-4325-83e4-e645851c6509","typeName":"hive_column"}],"query":{"guid":"e7a3d5bd-de7d-4011-a47d-7a74a327db49","typeName":"hive_process"},"name":"insert into hortoniabank.ww_customers_trans select * from hortoniabank.ww_customers:cvv2","description":null,"depenendencyType":"SIMPLE"},"guid":"ee7d1d78-d238-4ccb-9582-cf7206ecc492","status":"ACTIVE","createdBy":"hive","updatedBy":"hive","createTime":1523751214595,"updateTime":1523751214595,"version":0,"classifications":[]}}