{"referredEntities":{},"entity":{"typeName":"hive_column_lineage","attributes":{"owner":null,"outputs":[{"guid":"94a67477-0ed8-4443-bcee-39749927a5c2","typeName":"hive_column"}],"expression":null,"qualifiedName":"QUERY:consent_master.consent_data@hdp:1523751099000->:INSERT:consent_master.consent_data_trans@hdp:1523751153000:thirdpartyconsentstartdate","inputs":[{"guid":"82dd39ba-ebba-464c-969d-4539b18ae231","typeName":"hive_column"}],"query":{"guid":"0e9bc062-ff2d-45f6-9f1b-fdce372dfe41","typeName":"hive_process"},"name":"insert into consent_master.consent_data_trans select * from consent_master.consent_data:thirdpartyconsentstartdate","description":null,"depenendencyType":"SIMPLE"},"guid":"efa435e3-8330-408b-b584-38caceca2fd4","status":"ACTIVE","createdBy":"hive","updatedBy":"hive","createTime":1523751178582,"updateTime":1523751178582,"version":0,"classifications":[]}}