{"referredEntities":{},"entity":{"typeName":"hive_column_lineage","attributes":{"owner":null,"outputs":[{"guid":"3d6a3b92-7a09-4594-8e5e-06317f52f7db","typeName":"hive_column"}],"expression":null,"qualifiedName":"QUERY:hortoniabank.us_customers@hdp:1523751090000->:INSERT:hortoniabank.us_customers_trans@hdp:1523751182000:longitude","inputs":[{"guid":"3cf67985-ed3b-4e4a-a17c-96ef0f17449c","typeName":"hive_column"}],"query":{"guid":"df02def0-8c93-4811-9290-8b8900990370","typeName":"hive_process"},"name":"insert into hortoniabank.us_customers_trans select * from hortoniabank.us_customers:longitude","description":null,"depenendencyType":"SIMPLE"},"guid":"f0c48a2d-35fb-4623-9f81-da653830a578","status":"ACTIVE","createdBy":"hive","updatedBy":"hive","createTime":1523751242566,"updateTime":1523751242566,"version":0,"classifications":[]}}