{"referredEntities":{},"entity":{"typeName":"hive_column_lineage","attributes":{"owner":null,"outputs":[{"guid":"7140ac54-9891-4468-9cea-e514b53840a4","typeName":"hive_column"}],"expression":null,"qualifiedName":"QUERY:consent_master.consent_data@hdp:1523751099000->:INSERT:consent_master.consent_data_trans@hdp:1523751153000:countryfull","inputs":[{"guid":"227fc261-a8d0-477a-8ae2-85b0bcb26660","typeName":"hive_column"}],"query":{"guid":"0e9bc062-ff2d-45f6-9f1b-fdce372dfe41","typeName":"hive_process"},"name":"insert into consent_master.consent_data_trans select * from consent_master.consent_data:countryfull","description":null,"depenendencyType":"SIMPLE"},"guid":"f10fa429-5eac-4084-8e25-9df8df1452eb","status":"ACTIVE","createdBy":"hive","updatedBy":"hive","createTime":1523751176714,"updateTime":1523751176714,"version":0,"classifications":[]}}