{"referredEntities":{},"entity":{"typeName":"hive_column_lineage","attributes":{"owner":null,"outputs":[{"guid":"a012aafe-f0a9-4355-89ff-d76f90610835","typeName":"hive_column"}],"expression":null,"qualifiedName":"claim.prov_view@hdp:1523751096000:providerstreetaddress","inputs":[{"guid":"5e642d89-e0e7-4fc3-bb0e-c26313d884b1","typeName":"hive_column"}],"query":{"guid":"6b51687d-2e08-42d8-a952-b0c4a98aa6ca","typeName":"hive_process"},"name":"create view if not exists claim.prov_view as select * from claim.provider_summary:providerstreetaddress","description":null,"depenendencyType":"SIMPLE"},"guid":"f2acd863-bb0f-4e65-a906-74161d4d9a8f","status":"ACTIVE","createdBy":"hive","updatedBy":"hive","createTime":1523751124781,"updateTime":1523751124781,"version":0,"classifications":[]}}