{"referredEntities":{"917b800e-5ff3-4b8a-b4fc-f4a278d0a553":{"typeName":"hive_storagedesc","attributes":{"bucketCols":null,"qualifiedName":"finance.tax_2009@hdp_storage","sortCols":null,"storedAsSubDirectories":false,"location":"hdfs://abajwa-dws-hortonia-ref0.field.hortonworks.com:8020/hive_data/finance/tax_2009","compressed":false,"inputFormat":"org.apache.hadoop.mapred.TextInputFormat","outputFormat":"org.apache.hadoop.hive.ql.io.HiveIgnoreKeyTextOutputFormat","parameters":null,"table":{"guid":"f45142d8-da7b-4265-beac-d132adeaa53c","typeName":"hive_table"},"serdeInfo":{"typeName":"hive_serde","attributes":{"serializationLib":"org.apache.hadoop.hive.serde2.lazy.LazySimpleSerDe","name":null,"parameters":{"serialization.format":",","field.delim":","}}},"numBuckets":-1},"guid":"917b800e-5ff3-4b8a-b4fc-f4a278d0a553","status":"ACTIVE","createdBy":"hive","updatedBy":"hive","createTime":1523751107632,"updateTime":1523751108112,"version":0,"classifications":[]},"e46d44e7-e60a-4880-9532-237b6c78aa96":{"typeName":"hive_column","attributes":{"owner":"hive","qualifiedName":"finance.tax_2009.ssn@hdp","name":"ssn","description":null,"comment":null,"position":0,"type":"string","table":{"guid":"f45142d8-da7b-4265-beac-d132adeaa53c","typeName":"hive_table"}},"guid":"e46d44e7-e60a-4880-9532-237b6c78aa96","status":"ACTIVE","createdBy":"hive","updatedBy":"hive","createTime":1523751107632,"updateTime":1523751108112,"version":0,"classifications":[{"typeName":"FINANCE_PII","attributes":{"type":"finance"}}]},"4fb2faf4-39e5-44c8-8831-6dc0a9f795eb":{"typeName":"hive_column","attributes":{"owner":"hive","qualifiedName":"finance.tax_2009.local_tax@hdp","name":"local_tax","description":null,"comment":null,"position":3,"type":"int","table":{"guid":"f45142d8-da7b-4265-beac-d132adeaa53c","typeName":"hive_table"}},"guid":"4fb2faf4-39e5-44c8-8831-6dc0a9f795eb","status":"ACTIVE","createdBy":"hive","updatedBy":"hive","createTime":1523751107632,"updateTime":1523751108112,"version":0,"classifications":[]},"36c41243-335c-4732-b64d-896eda8b1db8":{"typeName":"hive_column","attributes":{"owner":"hive","qualifiedName":"finance.tax_2009.fed_tax@hdp","name":"fed_tax","description":null,"comment":null,"position":1,"type":"int","table":{"guid":"f45142d8-da7b-4265-beac-d132adeaa53c","typeName":"hive_table"}},"guid":"36c41243-335c-4732-b64d-896eda8b1db8","status":"ACTIVE","createdBy":"hive","updatedBy":"hive","createTime":1523751107632,"updateTime":1523751108112,"version":0,"classifications":[{"typeName":"EXPIRES_ON","attributes":{"expiry_date":"2016-12-31T00:00:00.000Z"}}]},"56e9c5c7-043d-4929-ba18-5af35a44d4bf":{"typeName":"hive_column","attributes":{"owner":"hive","qualifiedName":"finance.tax_2009.state_tax@hdp","name":"state_tax","description":null,"comment":null,"position":2,"type":"int","table":{"guid":"f45142d8-da7b-4265-beac-d132adeaa53c","typeName":"hive_table"}},"guid":"56e9c5c7-043d-4929-ba18-5af35a44d4bf","status":"ACTIVE","createdBy":"hive","updatedBy":"hive","createTime":1523751107632,"updateTime":1523751108112,"version":0,"classifications":[]}},"entity":{"typeName":"hive_table","attributes":{"owner":"hive","temporary":false,"lastAccessTime":1523751092000,"aliases":null,"qualifiedName":"finance.tax_2009@hdp","columns":[{"guid":"e46d44e7-e60a-4880-9532-237b6c78aa96","typeName":"hive_column"},{"guid":"36c41243-335c-4732-b64d-896eda8b1db8","typeName":"hive_column"},{"guid":"56e9c5c7-043d-4929-ba18-5af35a44d4bf","typeName":"hive_column"},{"guid":"4fb2faf4-39e5-44c8-8831-6dc0a9f795eb","typeName":"hive_column"}],"description":null,"viewExpandedText":null,"sd":{"guid":"917b800e-5ff3-4b8a-b4fc-f4a278d0a553","typeName":"hive_storagedesc"},"tableType":"EXTERNAL_TABLE","createTime":1523751092000,"name":"tax_2009","comment":null,"partitionKeys":null,"parameters":{"transient_lastDdlTime":"1523751092","totalSize":"85","EXTERNAL":"TRUE","numFiles":"1"},"db":{"guid":"77332799-4fb2-4253-975c-9af018811f5a","typeName":"hive_db"},"retention":0,"viewOriginalText":null},"guid":"f45142d8-da7b-4265-beac-d132adeaa53c","status":"ACTIVE","createdBy":"hive","updatedBy":"hive","createTime":1523751107632,"updateTime":1523751108112,"version":0,"classifications":[]}}