{"referredEntities":{"4965c671-a4de-4704-a2bb-02ac5233ca04":{"typeName":"hive_column","attributes":{"owner":"hive","qualifiedName":"claim.provider_summary.averagecoveredcharges@hdp","name":"averagecoveredcharges","description":null,"comment":null,"position":8,"type":"decimal(10,2)","table":{"guid":"f465e80c-ff89-44e8-8e5e-4c598cbdd98f","typeName":"hive_table"}},"guid":"4965c671-a4de-4704-a2bb-02ac5233ca04","status":"ACTIVE","createdBy":"hive","updatedBy":"hive","createTime":1523751111762,"updateTime":1523751125873,"version":0,"classifications":[]},"5e642d89-e0e7-4fc3-bb0e-c26313d884b1":{"typeName":"hive_column","attributes":{"owner":"hive","qualifiedName":"claim.provider_summary.providerstreetaddress@hdp","name":"providerstreetaddress","description":null,"comment":null,"position":2,"type":"string","table":{"guid":"f465e80c-ff89-44e8-8e5e-4c598cbdd98f","typeName":"hive_table"}},"guid":"5e642d89-e0e7-4fc3-bb0e-c26313d884b1","status":"ACTIVE","createdBy":"hive","updatedBy":"hive","createTime":1523751111762,"updateTime":1523751125873,"version":0,"classifications":[]},"445d0f84-47e0-4bb0-89e5-9fe02ebc153b":{"typeName":"hive_column","attributes":{"owner":"hive","qualifiedName":"claim.provider_summary.providerreferralregion@hdp","name":"providerreferralregion","description":null,"comment":null,"position":6,"type":"string","table":{"guid":"f465e80c-ff89-44e8-8e5e-4c598cbdd98f","typeName":"hive_table"}},"guid":"445d0f84-47e0-4bb0-89e5-9fe02ebc153b","status":"ACTIVE","createdBy":"hive","updatedBy":"hive","createTime":1523751111762,"updateTime":1523751125873,"version":0,"classifications":[]},"94a92130-82cb-4cfd-91f4-d5d451f36330":{"typeName":"hive_column","attributes":{"owner":"hive","qualifiedName":"claim.provider_summary.averagetotalpayments@hdp","name":"averagetotalpayments","description":null,"comment":null,"position":9,"type":"decimal(10,2)","table":{"guid":"f465e80c-ff89-44e8-8e5e-4c598cbdd98f","typeName":"hive_table"}},"guid":"94a92130-82cb-4cfd-91f4-d5d451f36330","status":"ACTIVE","createdBy":"hive","updatedBy":"hive","createTime":1523751111762,"updateTime":1523751125873,"version":0,"classifications":[]},"43b9b553-3d7f-4fd5-aac2-6df83c72a0d4":{"typeName":"hive_column","attributes":{"owner":"hive","qualifiedName":"claim.provider_summary.providerzip@hdp","name":"providerzip","description":null,"comment":null,"position":5,"type":"string","table":{"guid":"f465e80c-ff89-44e8-8e5e-4c598cbdd98f","typeName":"hive_table"}},"guid":"43b9b553-3d7f-4fd5-aac2-6df83c72a0d4","status":"ACTIVE","createdBy":"hive","updatedBy":"hive","createTime":1523751111762,"updateTime":1523751125873,"version":0,"classifications":[]},"a019b472-ec57-49dd-adf2-e3ff2e05ce8d":{"typeName":"hive_column","attributes":{"owner":"hive","qualifiedName":"claim.provider_summary.providerstate@hdp","name":"providerstate","description":null,"comment":null,"position":4,"type":"string","table":{"guid":"f465e80c-ff89-44e8-8e5e-4c598cbdd98f","typeName":"hive_table"}},"guid":"a019b472-ec57-49dd-adf2-e3ff2e05ce8d","status":"ACTIVE","createdBy":"hive","updatedBy":"hive","createTime":1523751111762,"updateTime":1523751125873,"version":0,"classifications":[]},"871fe154-e86e-406e-94f9-ebf9efb7d9d7":{"typeName":"hive_column","attributes":{"owner":"hive","qualifiedName":"claim.provider_summary.providername@hdp","name":"providername","description":null,"comment":null,"position":1,"type":"string","table":{"guid":"f465e80c-ff89-44e8-8e5e-4c598cbdd98f","typeName":"hive_table"}},"guid":"871fe154-e86e-406e-94f9-ebf9efb7d9d7","status":"ACTIVE","createdBy":"hive","updatedBy":"hive","createTime":1523751111762,"updateTime":1523751125873,"version":0,"classifications":[{"typeName":"VENDOR_PII","attributes":{"type":"vendor"}}]},"78b22de3-9b1c-4f5d-a118-a7e9ad357776":{"typeName":"hive_column","attributes":{"owner":"hive","qualifiedName":"claim.provider_summary.providercity@hdp","name":"providercity","description":null,"comment":null,"position":3,"type":"string","table":{"guid":"f465e80c-ff89-44e8-8e5e-4c598cbdd98f","typeName":"hive_table"}},"guid":"78b22de3-9b1c-4f5d-a118-a7e9ad357776","status":"ACTIVE","createdBy":"hive","updatedBy":"hive","createTime":1523751111762,"updateTime":1523751125873,"version":0,"classifications":[]},"e729ab54-5580-448e-a291-58d20a1dab69":{"typeName":"hive_column","attributes":{"owner":"hive","qualifiedName":"claim.provider_summary.totaldischarges@hdp","name":"totaldischarges","description":null,"comment":null,"position":7,"type":"int","table":{"guid":"f465e80c-ff89-44e8-8e5e-4c598cbdd98f","typeName":"hive_table"}},"guid":"e729ab54-5580-448e-a291-58d20a1dab69","status":"ACTIVE","createdBy":"hive","updatedBy":"hive","createTime":1523751111762,"updateTime":1523751125873,"version":0,"classifications":[]},"48ce09ed-ac9f-415f-9dff-249f7b9af847":{"typeName":"hive_column","attributes":{"owner":"hive","qualifiedName":"claim.provider_summary.averagemedicarepayments@hdp","name":"averagemedicarepayments","description":null,"comment":null,"position":10,"type":"decimal(10,2)","table":{"guid":"f465e80c-ff89-44e8-8e5e-4c598cbdd98f","typeName":"hive_table"}},"guid":"48ce09ed-ac9f-415f-9dff-249f7b9af847","status":"ACTIVE","createdBy":"hive","updatedBy":"hive","createTime":1523751111762,"updateTime":1523751125873,"version":0,"classifications":[]},"d342b8d5-c330-455f-9b88-9e02b80ce61c":{"typeName":"hive_column","attributes":{"owner":"hive","qualifiedName":"claim.provider_summary.providerid@hdp","name":"providerid","description":null,"comment":null,"position":0,"type":"string","table":{"guid":"f465e80c-ff89-44e8-8e5e-4c598cbdd98f","typeName":"hive_table"}},"guid":"d342b8d5-c330-455f-9b88-9e02b80ce61c","status":"ACTIVE","createdBy":"hive","updatedBy":"hive","createTime":1523751111762,"updateTime":1523751125873,"version":0,"classifications":[]},"ed4823c6-6956-4f44-ab0e-3bd4f0539270":{"typeName":"hive_storagedesc","attributes":{"bucketCols":null,"qualifiedName":"claim.provider_summary@hdp_storage","sortCols":null,"storedAsSubDirectories":false,"location":"hdfs://abajwa-dws-hortonia-ref0.field.hortonworks.com:8020/hive_data/claim","compressed":false,"inputFormat":"org.apache.hadoop.mapred.TextInputFormat","outputFormat":"org.apache.hadoop.hive.ql.io.HiveIgnoreKeyTextOutputFormat","parameters":null,"table":{"guid":"f465e80c-ff89-44e8-8e5e-4c598cbdd98f","typeName":"hive_table"},"serdeInfo":{"typeName":"hive_serde","attributes":{"serializationLib":"org.apache.hadoop.hive.serde2.lazy.LazySimpleSerDe","name":null,"parameters":{"serialization.format":",","field.delim":","}}},"numBuckets":-1},"guid":"ed4823c6-6956-4f44-ab0e-3bd4f0539270","status":"ACTIVE","createdBy":"hive","updatedBy":"hive","createTime":1523751111762,"updateTime":1523751125873,"version":0,"classifications":[]}},"entity":{"typeName":"hive_table","attributes":{"owner":"hive","temporary":false,"lastAccessTime":1523751096000,"aliases":null,"qualifiedName":"claim.provider_summary@hdp","columns":[{"guid":"d342b8d5-c330-455f-9b88-9e02b80ce61c","typeName":"hive_column"},{"guid":"871fe154-e86e-406e-94f9-ebf9efb7d9d7","typeName":"hive_column"},{"guid":"5e642d89-e0e7-4fc3-bb0e-c26313d884b1","typeName":"hive_column"},{"guid":"78b22de3-9b1c-4f5d-a118-a7e9ad357776","typeName":"hive_column"},{"guid":"a019b472-ec57-49dd-adf2-e3ff2e05ce8d","typeName":"hive_column"},{"guid":"43b9b553-3d7f-4fd5-aac2-6df83c72a0d4","typeName":"hive_column"},{"guid":"445d0f84-47e0-4bb0-89e5-9fe02ebc153b","typeName":"hive_column"},{"guid":"e729ab54-5580-448e-a291-58d20a1dab69","typeName":"hive_column"},{"guid":"4965c671-a4de-4704-a2bb-02ac5233ca04","typeName":"hive_column"},{"guid":"94a92130-82cb-4cfd-91f4-d5d451f36330","typeName":"hive_column"},{"guid":"48ce09ed-ac9f-415f-9dff-249f7b9af847","typeName":"hive_column"}],"description":null,"viewExpandedText":null,"sd":{"guid":"ed4823c6-6956-4f44-ab0e-3bd4f0539270","typeName":"hive_storagedesc"},"tableType":"EXTERNAL_TABLE","createTime":1523751096000,"name":"provider_summary","comment":"Provider Summary","partitionKeys":null,"parameters":{"transient_lastDdlTime":"1523751096","comment":"Provider Summary","totalSize":"11832","EXTERNAL":"TRUE","numFiles":"1"},"db":{"guid":"9c6d1969-bb46-4d3e-94c5-2ec00cb6fba3","typeName":"hive_db"},"retention":0,"viewOriginalText":null},"guid":"f465e80c-ff89-44e8-8e5e-4c598cbdd98f","status":"ACTIVE","createdBy":"hive","updatedBy":"hive","createTime":1523751111762,"updateTime":1523751125873,"version":0,"classifications":[]}}