{"referredEntities":{},"entity":{"typeName":"hive_column_lineage","attributes":{"owner":null,"outputs":[{"guid":"8ff20f82-9c09-4f70-8ded-3b0ac7451f2b","typeName":"hive_column"}],"expression":null,"qualifiedName":"QUERY:consent_master.consent_data@hdp:1523751099000->:INSERT:erasure_master.data_erasure_trans@hdp:1523751194000:insuranceid","inputs":[{"guid":"47272ea7-6169-4450-8252-08cee5dc8ffd","typeName":"hive_column"}],"query":{"guid":"2d95b74e-db2b-43eb-a659-bf10ea49b849","typeName":"hive_process"},"name":"insert into erasure_master.data_erasure_trans select country, countryfull, insuranceid, marketingconsent, marketingconsentstartdate, loyaltyconsent from consent_master.consent_data limit 500:insuranceid","description":null,"depenendencyType":"SIMPLE"},"guid":"f478d0ec-de5d-473a-a439-49ce270acece","status":"ACTIVE","createdBy":"hive","updatedBy":"hive","createTime":1523751265959,"updateTime":1523751265959,"version":0,"classifications":[]}}