{"referredEntities":{},"entity":{"typeName":"hive_column_lineage","attributes":{"owner":null,"outputs":[{"guid":"34182d22-b8aa-4f7c-a03c-e3a9b23d3d36","typeName":"hive_column"}],"expression":null,"qualifiedName":"claim.prov_view@hdp:1523751096000:providerreferralregion","inputs":[{"guid":"445d0f84-47e0-4bb0-89e5-9fe02ebc153b","typeName":"hive_column"}],"query":{"guid":"6b51687d-2e08-42d8-a952-b0c4a98aa6ca","typeName":"hive_process"},"name":"create view if not exists claim.prov_view as select * from claim.provider_summary:providerreferralregion","description":null,"depenendencyType":"SIMPLE"},"guid":"f56965ca-6f4d-461f-a10a-368478c3f8c6","status":"ACTIVE","createdBy":"hive","updatedBy":"hive","createTime":1523751114701,"updateTime":1523751114701,"version":0,"classifications":[]}}