{"referredEntities":{},"entity":{"typeName":"hive_column_lineage","attributes":{"owner":null,"outputs":[{"guid":"adc7a8dc-c4d8-4cc5-adfa-5d60d0df67fe","typeName":"hive_column"}],"expression":null,"qualifiedName":"claim.prov_view@hdp:1523751096000:providerid","inputs":[{"guid":"d342b8d5-c330-455f-9b88-9e02b80ce61c","typeName":"hive_column"}],"query":{"guid":"6b51687d-2e08-42d8-a952-b0c4a98aa6ca","typeName":"hive_process"},"name":"create view if not exists claim.prov_view as select * from claim.provider_summary:providerid","description":null,"depenendencyType":"SIMPLE"},"guid":"f63043a0-05c3-45f2-8a6b-def4746f81b2","status":"ACTIVE","createdBy":"hive","updatedBy":"hive","createTime":1523751123481,"updateTime":1523751123481,"version":0,"classifications":[]}}