{"referredEntities":{},"entity":{"typeName":"hive_column_lineage","attributes":{"owner":null,"outputs":[{"guid":"9ef09839-0400-447d-ae72-2d8ca0e3ace7","typeName":"hive_column"}],"expression":null,"qualifiedName":"QUERY:hortoniabank.ww_customers@hdp:1523751089000->:INSERT:hortoniabank.ww_customers_trans@hdp:1523751175000:telephonenumber","inputs":[{"guid":"a14b4256-ab58-4fa6-a838-1d99148bc1b1","typeName":"hive_column"}],"query":{"guid":"e7a3d5bd-de7d-4011-a47d-7a74a327db49","typeName":"hive_process"},"name":"insert into hortoniabank.ww_customers_trans select * from hortoniabank.ww_customers:telephonenumber","description":null,"depenendencyType":"SIMPLE"},"guid":"fc23fbfe-dfe2-45ce-9a57-e544653c1741","status":"ACTIVE","createdBy":"hive","updatedBy":"hive","createTime":1523751199001,"updateTime":1523751199001,"version":0,"classifications":[]}}