{"referredEntities":{},"entity":{"typeName":"hive_column_lineage","attributes":{"owner":null,"outputs":[{"guid":"57a52068-b795-4404-8f12-6288b3fe9aae","typeName":"hive_column"}],"expression":null,"qualifiedName":"QUERY:hortoniabank.us_customers@hdp:1523751090000->:INSERT:hortoniabank.us_customers_trans@hdp:1523751182000:telephonenumber","inputs":[{"guid":"eb94f92c-181d-4491-bc2a-b5e8b2f169ac","typeName":"hive_column"}],"query":{"guid":"df02def0-8c93-4811-9290-8b8900990370","typeName":"hive_process"},"name":"insert into hortoniabank.us_customers_trans select * from hortoniabank.us_customers:telephonenumber","description":null,"depenendencyType":"SIMPLE"},"guid":"fdf1d297-c696-4e22-8df9-71fb1cf549bd","status":"ACTIVE","createdBy":"hive","updatedBy":"hive","createTime":1523751247080,"updateTime":1523751247080,"version":0,"classifications":[]}}