{"referredEntities":{},"entity":{"typeName":"hive_column_lineage","attributes":{"owner":null,"outputs":[{"guid":"53d0d5ba-6788-4598-b0c5-fa86c3c25731","typeName":"hive_column"}],"expression":null,"qualifiedName":"QUERY:hortoniabank.ww_customers@hdp:1523751089000->:INSERT:hortoniabank.ww_customers_trans@hdp:1523751175000:vehicle","inputs":[{"guid":"b1e248da-cf41-4f0c-8667-0f9103319bfb","typeName":"hive_column"}],"query":{"guid":"e7a3d5bd-de7d-4011-a47d-7a74a327db49","typeName":"hive_process"},"name":"insert into hortoniabank.ww_customers_trans select * from hortoniabank.ww_customers:vehicle","description":null,"depenendencyType":"SIMPLE"},"guid":"fee6b7ff-dad3-4307-9c1e-a39fb84b8350","status":"ACTIVE","createdBy":"hive","updatedBy":"hive","createTime":1523751184788,"updateTime":1523751184788,"version":0,"classifications":[]}}