{"referredEntities":{"1523e397-fe75-4ec6-8700-3c4bdae064e5":{"typeName":"hive_column","attributes":{"owner":"hive","qualifiedName":"hortoniabank.us_customers_trans.state@hdp","name":"state","description":null,"comment":null,"position":8,"type":"string","table":{"guid":"ff2ac484-e8f0-4b95-82f8-b6bbf72c8519","typeName":"hive_table"}},"guid":"1523e397-fe75-4ec6-8700-3c4bdae064e5","status":"ACTIVE","createdBy":"hive","updatedBy":"hive","createTime":1523751223581,"updateTime":1523751262698,"version":0,"classifications":[]},"4a7cd905-ae8a-4eaf-b5b3-895565df0d4e":{"typeName":"hive_column","attributes":{"owner":"hive","qualifiedName":"hortoniabank.us_customers_trans.password@hdp","name":"password","description":null,"comment":null,"position":15,"type":"string","table":{"guid":"ff2ac484-e8f0-4b95-82f8-b6bbf72c8519","typeName":"hive_table"}},"guid":"4a7cd905-ae8a-4eaf-b5b3-895565df0d4e","status":"ACTIVE","createdBy":"hive","updatedBy":"hive","createTime":1523751223581,"updateTime":1523751262698,"version":0,"classifications":[{"typeName":"PII","attributes":{"type":"Password"}}]},"c940959d-01fb-4172-a8ba-e0e3d395a6e0":{"typeName":"hive_column","attributes":{"owner":"hive","qualifiedName":"hortoniabank.us_customers_trans.ccnumber@hdp","name":"ccnumber","description":null,"comment":null,"position":23,"type":"string","table":{"guid":"ff2ac484-e8f0-4b95-82f8-b6bbf72c8519","typeName":"hive_table"}},"guid":"c940959d-01fb-4172-a8ba-e0e3d395a6e0","status":"ACTIVE","createdBy":"hive","updatedBy":"hive","createTime":1523751223581,"updateTime":1523751262698,"version":0,"classifications":[]},"5161b7a4-82dc-4db9-9ffe-368789fbe995":{"typeName":"hive_column","attributes":{"owner":"hive","qualifiedName":"hortoniabank.us_customers_trans.emailaddress@hdp","name":"emailaddress","description":null,"comment":null,"position":13,"type":"string","table":{"guid":"ff2ac484-e8f0-4b95-82f8-b6bbf72c8519","typeName":"hive_table"}},"guid":"5161b7a4-82dc-4db9-9ffe-368789fbe995","status":"ACTIVE","createdBy":"hive","updatedBy":"hive","createTime":1523751223581,"updateTime":1523751262698,"version":0,"classifications":[]},"379d8043-a99f-4ea7-854a-7f13274d9463":{"typeName":"hive_column","attributes":{"owner":"hive","qualifiedName":"hortoniabank.us_customers_trans.ccexpires@hdp","name":"ccexpires","description":null,"comment":null,"position":25,"type":"string","table":{"guid":"ff2ac484-e8f0-4b95-82f8-b6bbf72c8519","typeName":"hive_table"}},"guid":"379d8043-a99f-4ea7-854a-7f13274d9463","status":"ACTIVE","createdBy":"hive","updatedBy":"hive","createTime":1523751223581,"updateTime":1523751262698,"version":0,"classifications":[]},"f9a8d37f-b9e8-4284-8022-8d6c37e8b76f":{"typeName":"hive_column","attributes":{"owner":"hive","qualifiedName":"hortoniabank.us_customers_trans.telephonecountrycode@hdp","name":"telephonecountrycode","description":null,"comment":null,"position":17,"type":"string","table":{"guid":"ff2ac484-e8f0-4b95-82f8-b6bbf72c8519","typeName":"hive_table"}},"guid":"f9a8d37f-b9e8-4284-8022-8d6c37e8b76f","status":"ACTIVE","createdBy":"hive","updatedBy":"hive","createTime":1523751223581,"updateTime":1523751262698,"version":0,"classifications":[]},"11f4a63a-7367-4db3-ac5f-53409e890a44":{"typeName":"hive_column","attributes":{"owner":"hive","qualifiedName":"hortoniabank.us_customers_trans.eyecolor@hdp","name":"eyecolor","description":null,"comment":null,"position":29,"type":"string","table":{"guid":"ff2ac484-e8f0-4b95-82f8-b6bbf72c8519","typeName":"hive_table"}},"guid":"11f4a63a-7367-4db3-ac5f-53409e890a44","status":"ACTIVE","createdBy":"hive","updatedBy":"hive","createTime":1523751223581,"updateTime":1523751262698,"version":0,"classifications":[]},"e8b21e57-107f-43d2-9adb-413b38e0a5ea":{"typeName":"hive_storagedesc","attributes":{"bucketCols":["gender"],"qualifiedName":"hortoniabank.us_customers_trans@hdp_storage","sortCols":null,"storedAsSubDirectories":false,"location":"hdfs://abajwa-dws-hortonia-ref0.field.hortonworks.com:8020/hive_data/hortoniabank/us_customers_trans","compressed":false,"inputFormat":"org.apache.hadoop.hive.ql.io.orc.OrcInputFormat","outputFormat":"org.apache.hadoop.hive.ql.io.orc.OrcOutputFormat","parameters":null,"table":{"guid":"ff2ac484-e8f0-4b95-82f8-b6bbf72c8519","typeName":"hive_table"},"serdeInfo":{"typeName":"hive_serde","attributes":{"serializationLib":"org.apache.hadoop.hive.ql.io.orc.OrcSerde","name":null,"parameters":{"serialization.format":"1"}}},"numBuckets":2},"guid":"e8b21e57-107f-43d2-9adb-413b38e0a5ea","status":"ACTIVE","createdBy":"hive","updatedBy":"hive","createTime":1523751223581,"updateTime":1523751262698,"version":0,"classifications":[]},"4e15de7e-ebec-4ea9-bf57-89d65fc527a8":{"typeName":"hive_column","attributes":{"owner":"hive","qualifiedName":"hortoniabank.us_customers_trans.insuranceid@hdp","name":"insuranceid","description":null,"comment":null,"position":28,"type":"string","table":{"guid":"ff2ac484-e8f0-4b95-82f8-b6bbf72c8519","typeName":"hive_table"}},"guid":"4e15de7e-ebec-4ea9-bf57-89d65fc527a8","status":"ACTIVE","createdBy":"hive","updatedBy":"hive","createTime":1523751223581,"updateTime":1523751262698,"version":0,"classifications":[]},"2c8a81b1-5e3f-4def-9af8-349359948936":{"typeName":"hive_column","attributes":{"owner":"hive","qualifiedName":"hortoniabank.us_customers_trans.mrn@hdp","name":"mrn","description":null,"comment":null,"position":27,"type":"string","table":{"guid":"ff2ac484-e8f0-4b95-82f8-b6bbf72c8519","typeName":"hive_table"}},"guid":"2c8a81b1-5e3f-4def-9af8-349359948936","status":"ACTIVE","createdBy":"hive","updatedBy":"hive","createTime":1523751223581,"updateTime":1523751262698,"version":0,"classifications":[{"typeName":"PII","attributes":{"type":"MRN"}}]},"fac304b0-8051-4419-8827-3e01b0f663c3":{"typeName":"hive_column","attributes":{"owner":"hive","qualifiedName":"hortoniabank.us_customers_trans.height@hdp","name":"height","description":null,"comment":null,"position":36,"type":"int","table":{"guid":"ff2ac484-e8f0-4b95-82f8-b6bbf72c8519","typeName":"hive_table"}},"guid":"fac304b0-8051-4419-8827-3e01b0f663c3","status":"ACTIVE","createdBy":"hive","updatedBy":"hive","createTime":1523751223581,"updateTime":1523751262698,"version":0,"classifications":[]},"7b66ad07-45e1-4014-a655-b08df12c9523":{"typeName":"hive_column","attributes":{"owner":"hive","qualifiedName":"hortoniabank.us_customers_trans.statefull@hdp","name":"statefull","description":null,"comment":null,"position":9,"type":"string","table":{"guid":"ff2ac484-e8f0-4b95-82f8-b6bbf72c8519","typeName":"hive_table"}},"guid":"7b66ad07-45e1-4014-a655-b08df12c9523","status":"ACTIVE","createdBy":"hive","updatedBy":"hive","createTime":1523751223581,"updateTime":1523751262698,"version":0,"classifications":[]},"57a52068-b795-4404-8f12-6288b3fe9aae":{"typeName":"hive_column","attributes":{"owner":"hive","qualifiedName":"hortoniabank.us_customers_trans.telephonenumber@hdp","name":"telephonenumber","description":null,"comment":null,"position":16,"type":"string","table":{"guid":"ff2ac484-e8f0-4b95-82f8-b6bbf72c8519","typeName":"hive_table"}},"guid":"57a52068-b795-4404-8f12-6288b3fe9aae","status":"ACTIVE","createdBy":"hive","updatedBy":"hive","createTime":1523751223581,"updateTime":1523751262698,"version":0,"classifications":[]},"f5bfb30e-5bc3-45a6-82db-2a91f3228a6d":{"typeName":"hive_column","attributes":{"owner":"hive","qualifiedName":"hortoniabank.us_customers_trans.username@hdp","name":"username","description":null,"comment":null,"position":14,"type":"string","table":{"guid":"ff2ac484-e8f0-4b95-82f8-b6bbf72c8519","typeName":"hive_table"}},"guid":"f5bfb30e-5bc3-45a6-82db-2a91f3228a6d","status":"ACTIVE","createdBy":"hive","updatedBy":"hive","createTime":1523751223581,"updateTime":1523751262698,"version":0,"classifications":[]},"f44cff69-5f69-42a1-8b6f-0a13a468887b":{"typeName":"hive_column","attributes":{"owner":"hive","qualifiedName":"hortoniabank.us_customers_trans.countryfull@hdp","name":"countryfull","description":null,"comment":null,"position":12,"type":"string","table":{"guid":"ff2ac484-e8f0-4b95-82f8-b6bbf72c8519","typeName":"hive_table"}},"guid":"f44cff69-5f69-42a1-8b6f-0a13a468887b","status":"ACTIVE","createdBy":"hive","updatedBy":"hive","createTime":1523751223581,"updateTime":1523751262698,"version":0,"classifications":[]},"0cc40581-8b21-4e4c-9891-ab0e86e4adb8":{"typeName":"hive_column","attributes":{"owner":"hive","qualifiedName":"hortoniabank.us_customers_trans.cvv2@hdp","name":"cvv2","description":null,"comment":null,"position":24,"type":"string","table":{"guid":"ff2ac484-e8f0-4b95-82f8-b6bbf72c8519","typeName":"hive_table"}},"guid":"0cc40581-8b21-4e4c-9891-ab0e86e4adb8","status":"ACTIVE","createdBy":"hive","updatedBy":"hive","createTime":1523751223581,"updateTime":1523751262698,"version":0,"classifications":[]},"92d7fb35-424f-425f-92c7-93ec5ede4693":{"typeName":"hive_column","attributes":{"owner":"hive","qualifiedName":"hortoniabank.us_customers_trans.tropicalzodiac@hdp","name":"tropicalzodiac","description":null,"comment":null,"position":21,"type":"string","table":{"guid":"ff2ac484-e8f0-4b95-82f8-b6bbf72c8519","typeName":"hive_table"}},"guid":"92d7fb35-424f-425f-92c7-93ec5ede4693","status":"ACTIVE","createdBy":"hive","updatedBy":"hive","createTime":1523751223581,"updateTime":1523751262698,"version":0,"classifications":[]},"7eb206d7-d4bb-4de3-be8a-547ec40e9cdb":{"typeName":"hive_column","attributes":{"owner":"hive","qualifiedName":"hortoniabank.us_customers_trans.domain@hdp","name":"domain","description":null,"comment":null,"position":33,"type":"string","table":{"guid":"ff2ac484-e8f0-4b95-82f8-b6bbf72c8519","typeName":"hive_table"}},"guid":"7eb206d7-d4bb-4de3-be8a-547ec40e9cdb","status":"ACTIVE","createdBy":"hive","updatedBy":"hive","createTime":1523751223581,"updateTime":1523751262698,"version":0,"classifications":[]},"6af52150-f5a3-4a03-b55d-ea8891c716b3":{"typeName":"hive_column","attributes":{"owner":"hive","qualifiedName":"hortoniabank.us_customers_trans.weight@hdp","name":"weight","description":null,"comment":null,"position":35,"type":"double","table":{"guid":"ff2ac484-e8f0-4b95-82f8-b6bbf72c8519","typeName":"hive_table"}},"guid":"6af52150-f5a3-4a03-b55d-ea8891c716b3","status":"ACTIVE","createdBy":"hive","updatedBy":"hive","createTime":1523751223581,"updateTime":1523751262698,"version":0,"classifications":[]},"c7649ea1-2082-44c2-9918-8a77362210e2":{"typeName":"hive_column","attributes":{"owner":"hive","qualifiedName":"hortoniabank.us_customers_trans.title@hdp","name":"title","description":null,"comment":null,"position":2,"type":"string","table":{"guid":"ff2ac484-e8f0-4b95-82f8-b6bbf72c8519","typeName":"hive_table"}},"guid":"c7649ea1-2082-44c2-9918-8a77362210e2","status":"ACTIVE","createdBy":"hive","updatedBy":"hive","createTime":1523751223581,"updateTime":1523751262698,"version":0,"classifications":[]},"29333db0-d458-4131-965b-b1909ea20a3d":{"typeName":"hive_column","attributes":{"owner":"hive","qualifiedName":"hortoniabank.us_customers_trans.middleinitial@hdp","name":"middleinitial","description":null,"comment":null,"position":4,"type":"string","table":{"guid":"ff2ac484-e8f0-4b95-82f8-b6bbf72c8519","typeName":"hive_table"}},"guid":"29333db0-d458-4131-965b-b1909ea20a3d","status":"ACTIVE","createdBy":"hive","updatedBy":"hive","createTime":1523751223581,"updateTime":1523751262698,"version":0,"classifications":[]},"aa2e5d30-37ec-44b8-86c7-9318454fba91":{"typeName":"hive_column","attributes":{"owner":"hive","qualifiedName":"hortoniabank.us_customers_trans.mothersmaiden@hdp","name":"mothersmaiden","description":null,"comment":null,"position":18,"type":"string","table":{"guid":"ff2ac484-e8f0-4b95-82f8-b6bbf72c8519","typeName":"hive_table"}},"guid":"aa2e5d30-37ec-44b8-86c7-9318454fba91","status":"ACTIVE","createdBy":"hive","updatedBy":"hive","createTime":1523751223581,"updateTime":1523751262698,"version":0,"classifications":[]},"bd0ebb5b-2517-4189-9119-1c2e1ac932d8":{"typeName":"hive_column","attributes":{"owner":"hive","qualifiedName":"hortoniabank.us_customers_trans.gender@hdp","name":"gender","description":null,"comment":null,"position":1,"type":"string","table":{"guid":"ff2ac484-e8f0-4b95-82f8-b6bbf72c8519","typeName":"hive_table"}},"guid":"bd0ebb5b-2517-4189-9119-1c2e1ac932d8","status":"ACTIVE","createdBy":"hive","updatedBy":"hive","createTime":1523751223581,"updateTime":1523751262698,"version":0,"classifications":[]},"808fff3e-565c-4c8f-8b3e-1cffe763b054":{"typeName":"hive_column","attributes":{"owner":"hive","qualifiedName":"hortoniabank.us_customers_trans.age@hdp","name":"age","description":null,"comment":null,"position":20,"type":"int","table":{"guid":"ff2ac484-e8f0-4b95-82f8-b6bbf72c8519","typeName":"hive_table"}},"guid":"808fff3e-565c-4c8f-8b3e-1cffe763b054","status":"ACTIVE","createdBy":"hive","updatedBy":"hive","createTime":1523751223581,"updateTime":1523751262698,"version":0,"classifications":[]},"1cbe0a41-cb2b-4c85-83b5-99dea9a17581":{"typeName":"hive_column","attributes":{"owner":"hive","qualifiedName":"hortoniabank.us_customers_trans.cctype@hdp","name":"cctype","description":null,"comment":null,"position":22,"type":"string","table":{"guid":"ff2ac484-e8f0-4b95-82f8-b6bbf72c8519","typeName":"hive_table"}},"guid":"1cbe0a41-cb2b-4c85-83b5-99dea9a17581","status":"ACTIVE","createdBy":"hive","updatedBy":"hive","createTime":1523751223581,"updateTime":1523751262698,"version":0,"classifications":[]},"c257211c-bcca-46da-83c9-e8bbee94b084":{"typeName":"hive_column","attributes":{"owner":"hive","qualifiedName":"hortoniabank.us_customers_trans.vehicle@hdp","name":"vehicle","description":null,"comment":null,"position":32,"type":"string","table":{"guid":"ff2ac484-e8f0-4b95-82f8-b6bbf72c8519","typeName":"hive_table"}},"guid":"c257211c-bcca-46da-83c9-e8bbee94b084","status":"ACTIVE","createdBy":"hive","updatedBy":"hive","createTime":1523751223581,"updateTime":1523751262698,"version":0,"classifications":[]},"75317f26-d685-4005-a4f0-e7738438b05f":{"typeName":"hive_column","attributes":{"owner":"hive","qualifiedName":"hortoniabank.us_customers_trans.zipcode@hdp","name":"zipcode","description":null,"comment":null,"position":10,"type":"string","table":{"guid":"ff2ac484-e8f0-4b95-82f8-b6bbf72c8519","typeName":"hive_table"}},"guid":"75317f26-d685-4005-a4f0-e7738438b05f","status":"ACTIVE","createdBy":"hive","updatedBy":"hive","createTime":1523751223581,"updateTime":1523751262698,"version":0,"classifications":[]},"9bc9b9b2-0bca-4274-974f-ca1374e7a417":{"typeName":"hive_column","attributes":{"owner":"hive","qualifiedName":"hortoniabank.us_customers_trans.bloodtype@hdp","name":"bloodtype","description":null,"comment":null,"position":34,"type":"string","table":{"guid":"ff2ac484-e8f0-4b95-82f8-b6bbf72c8519","typeName":"hive_table"}},"guid":"9bc9b9b2-0bca-4274-974f-ca1374e7a417","status":"ACTIVE","createdBy":"hive","updatedBy":"hive","createTime":1523751223581,"updateTime":1523751262698,"version":0,"classifications":[]},"3d6a3b92-7a09-4594-8e5e-06317f52f7db":{"typeName":"hive_column","attributes":{"owner":"hive","qualifiedName":"hortoniabank.us_customers_trans.longitude@hdp","name":"longitude","description":null,"comment":null,"position":38,"type":"double","table":{"guid":"ff2ac484-e8f0-4b95-82f8-b6bbf72c8519","typeName":"hive_table"}},"guid":"3d6a3b92-7a09-4594-8e5e-06317f52f7db","status":"ACTIVE","createdBy":"hive","updatedBy":"hive","createTime":1523751223581,"updateTime":1523751262698,"version":0,"classifications":[]},"8a202185-339b-4f61-b9e8-57e4c21eb5fa":{"typeName":"hive_column","attributes":{"owner":"hive","qualifiedName":"hortoniabank.us_customers_trans.streetaddress@hdp","name":"streetaddress","description":null,"comment":null,"position":6,"type":"string","table":{"guid":"ff2ac484-e8f0-4b95-82f8-b6bbf72c8519","typeName":"hive_table"}},"guid":"8a202185-339b-4f61-b9e8-57e4c21eb5fa","status":"ACTIVE","createdBy":"hive","updatedBy":"hive","createTime":1523751223581,"updateTime":1523751262698,"version":0,"classifications":[]},"00216c1c-d80a-45a6-9c8c-0dc3a2d9a96c":{"typeName":"hive_column","attributes":{"owner":"hive","qualifiedName":"hortoniabank.us_customers_trans.nationalid@hdp","name":"nationalid","description":null,"comment":null,"position":26,"type":"string","table":{"guid":"ff2ac484-e8f0-4b95-82f8-b6bbf72c8519","typeName":"hive_table"}},"guid":"00216c1c-d80a-45a6-9c8c-0dc3a2d9a96c","status":"ACTIVE","createdBy":"hive","updatedBy":"hive","createTime":1523751223581,"updateTime":1523751262698,"version":0,"classifications":[]},"269a67c6-888e-474f-9ead-3416c468b5ba":{"typeName":"hive_column","attributes":{"owner":"hive","qualifiedName":"hortoniabank.us_customers_trans.latitude@hdp","name":"latitude","description":null,"comment":null,"position":37,"type":"double","table":{"guid":"ff2ac484-e8f0-4b95-82f8-b6bbf72c8519","typeName":"hive_table"}},"guid":"269a67c6-888e-474f-9ead-3416c468b5ba","status":"ACTIVE","createdBy":"hive","updatedBy":"hive","createTime":1523751223581,"updateTime":1523751262698,"version":0,"classifications":[]},"9e660888-5cee-4f1f-a597-b9cec6f8042a":{"typeName":"hive_column","attributes":{"owner":"hive","qualifiedName":"hortoniabank.us_customers_trans.company@hdp","name":"company","description":null,"comment":null,"position":31,"type":"string","table":{"guid":"ff2ac484-e8f0-4b95-82f8-b6bbf72c8519","typeName":"hive_table"}},"guid":"9e660888-5cee-4f1f-a597-b9cec6f8042a","status":"ACTIVE","createdBy":"hive","updatedBy":"hive","createTime":1523751223581,"updateTime":1523751262698,"version":0,"classifications":[]},"019a2d01-0006-454a-a1a7-24250dce3f54":{"typeName":"hive_column","attributes":{"owner":"hive","qualifiedName":"hortoniabank.us_customers_trans.givenname@hdp","name":"givenname","description":null,"comment":null,"position":3,"type":"string","table":{"guid":"ff2ac484-e8f0-4b95-82f8-b6bbf72c8519","typeName":"hive_table"}},"guid":"019a2d01-0006-454a-a1a7-24250dce3f54","status":"ACTIVE","createdBy":"hive","updatedBy":"hive","createTime":1523751223581,"updateTime":1523751262698,"version":0,"classifications":[]},"711b453e-127c-4920-a30e-ff02ddd300fb":{"typeName":"hive_column","attributes":{"owner":"hive","qualifiedName":"hortoniabank.us_customers_trans.city@hdp","name":"city","description":null,"comment":null,"position":7,"type":"string","table":{"guid":"ff2ac484-e8f0-4b95-82f8-b6bbf72c8519","typeName":"hive_table"}},"guid":"711b453e-127c-4920-a30e-ff02ddd300fb","status":"ACTIVE","createdBy":"hive","updatedBy":"hive","createTime":1523751223581,"updateTime":1523751262698,"version":0,"classifications":[]},"2fff0e19-3137-4f64-b44a-ff17934bb06b":{"typeName":"hive_column","attributes":{"owner":"hive","qualifiedName":"hortoniabank.us_customers_trans.birthday@hdp","name":"birthday","description":null,"comment":null,"position":19,"type":"string","table":{"guid":"ff2ac484-e8f0-4b95-82f8-b6bbf72c8519","typeName":"hive_table"}},"guid":"2fff0e19-3137-4f64-b44a-ff17934bb06b","status":"ACTIVE","createdBy":"hive","updatedBy":"hive","createTime":1523751223581,"updateTime":1523751262698,"version":0,"classifications":[]},"b72ff473-9c36-4c04-9c06-42ca286f9a7b":{"typeName":"hive_column","attributes":{"owner":"hive","qualifiedName":"hortoniabank.us_customers_trans.country@hdp","name":"country","description":null,"comment":null,"position":11,"type":"string","table":{"guid":"ff2ac484-e8f0-4b95-82f8-b6bbf72c8519","typeName":"hive_table"}},"guid":"b72ff473-9c36-4c04-9c06-42ca286f9a7b","status":"ACTIVE","createdBy":"hive","updatedBy":"hive","createTime":1523751223581,"updateTime":1523751262698,"version":0,"classifications":[]},"32a3efff-21d7-40de-9ed9-a154bfa6c1d0":{"typeName":"hive_column","attributes":{"owner":"hive","qualifiedName":"hortoniabank.us_customers_trans.number@hdp","name":"number","description":null,"comment":null,"position":0,"type":"string","table":{"guid":"ff2ac484-e8f0-4b95-82f8-b6bbf72c8519","typeName":"hive_table"}},"guid":"32a3efff-21d7-40de-9ed9-a154bfa6c1d0","status":"ACTIVE","createdBy":"hive","updatedBy":"hive","createTime":1523751223581,"updateTime":1523751262698,"version":0,"classifications":[]},"29c60338-2118-4d86-b4e7-3ac496bb2d1d":{"typeName":"hive_column","attributes":{"owner":"hive","qualifiedName":"hortoniabank.us_customers_trans.occupation@hdp","name":"occupation","description":null,"comment":null,"position":30,"type":"string","table":{"guid":"ff2ac484-e8f0-4b95-82f8-b6bbf72c8519","typeName":"hive_table"}},"guid":"29c60338-2118-4d86-b4e7-3ac496bb2d1d","status":"ACTIVE","createdBy":"hive","updatedBy":"hive","createTime":1523751223581,"updateTime":1523751262698,"version":0,"classifications":[]},"a3afc29a-32fe-4736-8a1d-583546199721":{"typeName":"hive_column","attributes":{"owner":"hive","qualifiedName":"hortoniabank.us_customers_trans.surname@hdp","name":"surname","description":null,"comment":null,"position":5,"type":"string","table":{"guid":"ff2ac484-e8f0-4b95-82f8-b6bbf72c8519","typeName":"hive_table"}},"guid":"a3afc29a-32fe-4736-8a1d-583546199721","status":"ACTIVE","createdBy":"hive","updatedBy":"hive","createTime":1523751223581,"updateTime":1523751262698,"version":0,"classifications":[]}},"entity":{"typeName":"hive_table","attributes":{"owner":"hive","temporary":false,"lastAccessTime":1523751182000,"aliases":null,"qualifiedName":"hortoniabank.us_customers_trans@hdp","columns":[{"guid":"32a3efff-21d7-40de-9ed9-a154bfa6c1d0","typeName":"hive_column"},{"guid":"bd0ebb5b-2517-4189-9119-1c2e1ac932d8","typeName":"hive_column"},{"guid":"c7649ea1-2082-44c2-9918-8a77362210e2","typeName":"hive_column"},{"guid":"019a2d01-0006-454a-a1a7-24250dce3f54","typeName":"hive_column"},{"guid":"29333db0-d458-4131-965b-b1909ea20a3d","typeName":"hive_column"},{"guid":"a3afc29a-32fe-4736-8a1d-583546199721","typeName":"hive_column"},{"guid":"8a202185-339b-4f61-b9e8-57e4c21eb5fa","typeName":"hive_column"},{"guid":"711b453e-127c-4920-a30e-ff02ddd300fb","typeName":"hive_column"},{"guid":"1523e397-fe75-4ec6-8700-3c4bdae064e5","typeName":"hive_column"},{"guid":"7b66ad07-45e1-4014-a655-b08df12c9523","typeName":"hive_column"},{"guid":"75317f26-d685-4005-a4f0-e7738438b05f","typeName":"hive_column"},{"guid":"b72ff473-9c36-4c04-9c06-42ca286f9a7b","typeName":"hive_column"},{"guid":"f44cff69-5f69-42a1-8b6f-0a13a468887b","typeName":"hive_column"},{"guid":"5161b7a4-82dc-4db9-9ffe-368789fbe995","typeName":"hive_column"},{"guid":"f5bfb30e-5bc3-45a6-82db-2a91f3228a6d","typeName":"hive_column"},{"guid":"4a7cd905-ae8a-4eaf-b5b3-895565df0d4e","typeName":"hive_column"},{"guid":"57a52068-b795-4404-8f12-6288b3fe9aae","typeName":"hive_column"},{"guid":"f9a8d37f-b9e8-4284-8022-8d6c37e8b76f","typeName":"hive_column"},{"guid":"aa2e5d30-37ec-44b8-86c7-9318454fba91","typeName":"hive_column"},{"guid":"2fff0e19-3137-4f64-b44a-ff17934bb06b","typeName":"hive_column"},{"guid":"808fff3e-565c-4c8f-8b3e-1cffe763b054","typeName":"hive_column"},{"guid":"92d7fb35-424f-425f-92c7-93ec5ede4693","typeName":"hive_column"},{"guid":"1cbe0a41-cb2b-4c85-83b5-99dea9a17581","typeName":"hive_column"},{"guid":"c940959d-01fb-4172-a8ba-e0e3d395a6e0","typeName":"hive_column"},{"guid":"0cc40581-8b21-4e4c-9891-ab0e86e4adb8","typeName":"hive_column"},{"guid":"379d8043-a99f-4ea7-854a-7f13274d9463","typeName":"hive_column"},{"guid":"00216c1c-d80a-45a6-9c8c-0dc3a2d9a96c","typeName":"hive_column"},{"guid":"2c8a81b1-5e3f-4def-9af8-349359948936","typeName":"hive_column"},{"guid":"4e15de7e-ebec-4ea9-bf57-89d65fc527a8","typeName":"hive_column"},{"guid":"11f4a63a-7367-4db3-ac5f-53409e890a44","typeName":"hive_column"},{"guid":"29c60338-2118-4d86-b4e7-3ac496bb2d1d","typeName":"hive_column"},{"guid":"9e660888-5cee-4f1f-a597-b9cec6f8042a","typeName":"hive_column"},{"guid":"c257211c-bcca-46da-83c9-e8bbee94b084","typeName":"hive_column"},{"guid":"7eb206d7-d4bb-4de3-be8a-547ec40e9cdb","typeName":"hive_column"},{"guid":"9bc9b9b2-0bca-4274-974f-ca1374e7a417","typeName":"hive_column"},{"guid":"6af52150-f5a3-4a03-b55d-ea8891c716b3","typeName":"hive_column"},{"guid":"fac304b0-8051-4419-8827-3e01b0f663c3","typeName":"hive_column"},{"guid":"269a67c6-888e-474f-9ead-3416c468b5ba","typeName":"hive_column"},{"guid":"3d6a3b92-7a09-4594-8e5e-06317f52f7db","typeName":"hive_column"}],"description":null,"viewExpandedText":null,"sd":{"guid":"e8b21e57-107f-43d2-9adb-413b38e0a5ea","typeName":"hive_storagedesc"},"tableType":"MANAGED_TABLE","createTime":1523751182000,"name":"us_customers_trans","comment":null,"partitionKeys":null,"parameters":{"transient_lastDdlTime":"1523751193","totalSize":"5991259","transactional":"true","numFiles":"2"},"db":{"guid":"3577f1a4-39a3-49a2-8785-04f1f85c7632","typeName":"hive_db"},"retention":0,"viewOriginalText":null},"guid":"ff2ac484-e8f0-4b95-82f8-b6bbf72c8519","status":"ACTIVE","createdBy":"hive","updatedBy":"hive","createTime":1523751223581,"updateTime":1523751262698,"version":0,"classifications":[]}}